virus	vírus,(3)vírus,(1)veneno,(1)peçonha,(1)influência deletéria,(1)elemento corrupto,(1)malignidade
shrink	encolher,(3)encolher,(3)diminuir,(1)retroceder,(1)fazer encolher,(1)ficar menor,(1)contrair-se,(1)estreitar-se,(1)enrugar-se
influence	influência,(3)influência,(3)influenciar,(2)influir,(1)prestígio,(1)ascendência,(1)preponderância,(1)indução,(1)autoridade moral,(1)exercer influência sobre
freezing	congelando,(3)congelação,(2)frio,(1)glacial,(1)indiferente,(1)reservado
concert	show,(3)concerto,(2)acordo,(1)combinação,(1)união,(1)concertar,(1)planejar,(1)entrar em acordo,(1)aconselhar-se
wreck	destruir,(3)destruir,(3)destruição,(3)naufrágio,(3)destroços,(2)ruína,(2)navio naufragado,(1)naufragar,(1)afundar,(1)demolir,(1)fazer naufragar,(1)meter a pique,(1)causar o naufrágio de,(1)soçobrar,(1)perda
partners	sócios
Massimo	
chain	cadeia,(3)cadeia,(3)corrente,(3)encadear,(1)série,(1)colar,(1)seqüência,(1)cordilheira,(1)grilhão,(1)trena,(1)grilho,(1)duplo-decâmetro,(1)prender com corrente,(1)medir,(1)escravizar,(1)fechar
birds	pássaros
walker	andador,(3)andador,(2)pedestre,(1)peão,(1)prostituta,(1)ave que não anda nem voa
life's	da vida
wire	fio,(3)arame,(1)fio metálico,(1)telegrama,(1)fio de arame,(1)telégrafo
technically	tecnicamente
presence	presença,(3)presença,(2)presente,(1)assistência,(1)aspecto,(1)porte,(1)atitude
blown	estourado,(1)desabrochado,(1)inchado,(1)esbaforido,(1)exausto,(1)distendido
anxious	ansioso,(3)ansioso,(2)inquieto,(2)desejoso,(2)aflito,(1)angustiante,(1)inquietante,(1)afoito,(1)abafado
cave	caverna,(3)caverna,(1)antro,(1)subterrâneo,(1)cisão,(1)escavar,(1)cavar
version	versão,(3)versão,(1)tradução,(1)interpretação,(1)descrição pessoal,(1)tema de latim
mickey	mickey
holidays	feriados,(3)feriados,(3)férias
cleared	limpo
wishes	desejos
survived	sobreviveu
caring	Cuidando
candles	velas
bound	limite,(3)limite,(3)obrigado,(2)salto,(2)pulo,(2)encadernado,(1)fronteira,(1)barreira,(1)ressalto,(1)sujeito,(1)compelido,(1)prestes a,(1)em direção a,(1)limitar,(1)delimitar,(1)confinar,(1)ressaltar,(1)ricochetear
related	relacionado,(3)relacionado,(2)ligado,(2)afim,(1)aparentado,(1)narrado,(1)contado
Gabrielle	
charm	charme,(3)charme,(3)encanto,(2)feitiço,(2)amuleto,(2)encantamento,(2)encantar,(1)atrativos,(1)sortilégio,(1)fetiche,(1)cativar,(1)fascinar,(1)dar prazer a
apple	maçã,(3)maçã,(1)macieira
yup	Sim
Texas	
pulse	pulso,(3)pulso,(3)pulsação,(3)pulsar,(1)batimento,(1)cadência,(1)palpitação,(1)vida,(1)emoção,(1)movimento ritmado,(1)palpitar,(1)vibrar,(1)bater,(1)ter pulsações
jumping	pulso,(3)pulso,(3)pulsação,(3)pulsar,(1)batimento,(1)cadência,(1)palpitação,(1)vida,(1)emoção,(1)movimento ritmado,(1)palpitar,(1)vibrar,(1)bater,(1)ter pulsações
jokes	piadas
frame	quadro, Armação,(3)quadro,(3)moldura,(3)enquadrar,(2)estrutura,(2)armação,(2)caixilho,(2)moldar,(1)chassi,(1)corpo,(1)carcaça,(1)esqueleto,(1)sistema,(1)plano,(1)humor,(1)ossatura,(1)conformação,(1)organização,(1)construir,(1)formar,(1)conceber,(1)apropriar,(1)fabricar,(1)edificar,(1)planejar,(1)colocar a armação em,(1)preparar,(1)destinar
boom	estrondo,(2)estrondo,(1)longarina,(1)barragem,(1)estampido,(1)aumento de negócios,(1)propaganda política,(1)ressoar,(1)lançar-se
vice	vício,(2)vício,(1)defeito,(1)imoralidade,(1)depravação,(1)libertinagem,(1)mau hábito,(1)deficiência,(1)manha,(1)em vez de,(1)em lugar de
performance	desempenho,(2)execução,(2)atuação,(2)realização,(2)cumprimento,(1)proeza,(1)representação teatral,(1)coisa realizada,(1)ação notável,(1)peça dramática
occasion	ocasião,(3)ocasião,(3)ocasionar,(2)oportunidade,(2)motivo,(1)ensejo,(1)ocorrência,(1)razão,(1)causa,(1)causar,(1)provocar,(1)originar,(1)motivar
silence	silêncio,(3)silêncio,(3)calar,(1)mutismo,(1)calma,(1)sossego
opera	ópera,(3)ópera
opal	opala,(3)opala
nonsense	Absurdo,(3)absurdo,(3)disparate,(2)tolice,(1)despropósito,(1)bagatelas,(1)burrice,(1)contra-senso
Julie	
frightened	assustado,(3)amedrontado,(3)assustado
downtown	centro da cidade,(3)centro da cidade,(1)centro comercial da cidade,(1)parte principal da cidade
Americans	
Joshua	
internet	Internet,(3)Internet,(1)Rede
Valerie	
slipped	escorregou,(3)escorregar,(3)deslizar,(1)enfiar,(1)meter,(1)cometer um lapso,(1)desatar,(1)abortar,(1)tirar em segredo,(1)soltar da trela,(1)saltar um ponto,(1)ter um descuido,(1)dar um passo em falso,(1)deixar de dar um ponto,(1)desequilibrar-se
Lucinda	
holly	azevinho,(3)azevinho
duck	pato,(3)pato,(1)lona,(1)querido,(1)lona para velas,(1)tela,(1)toldo,(1)enganar,(1)evitar o adversário,(1)fazer fita
dimera	pato,(3)pato,(1)lona,(1)querido,(1)lona para velas,(1)tela,(1)toldo,(1)enganar,(1)evitar o adversário,(1)fazer fita
blowing	sopro,(3)sopro,(1)assopro
world's	os mundos
session	sessão,(3)sessão,(2)reunião,(1)assembléia,(1)série de sessões,(1)período escolar,(1)duração de uma sessão
relationships	relacionamentos
kidnapping	sequestro,(3)rapto,(1)crime de rapto
England	
actual	real,(3)real,(3)atual,(2)verdadeiro,(2)efetivo,(1)vigente,(1)presente
spin	girar,(3)girar,(3)rotação,(3)giro,(2)fiar,(2)parafuso,(1)virar,(1)tecer,(1)torcer,(1)prolongar,(1)produzir,(1)seguir,(1)tornear,(1)correr com velocidade,(1)engendrar,(1)moldar ao torno,(1)sair em fio,(1)desfiar,(1)repuxar,(1)compor,(1)rodopio,(1)movimento giratório,(1)movimento rotativo
classic	clássico,(3)clássico,(1)simples,(1)perfeito,(1)ortodoxo,(1)excelente,(1)bem proporcionado,(1)obra clássica,(1)estilo classicista,(1)estudos clássicos,(1)escritor clássico,(1)humanista,(1)filosofia clássica,(1)humanidades
civil	Civil,(3)civil,(2)público,(1)social,(1)civilizado,(1)cortês,(1)administrativo,(1)delicado
tool	ferramenta,(3)ferramenta,(3)instrumento,(1)utensílio,(1)joguete,(1)trabalhar
Roxy	
packing	embalagem,(3)embalagem,(2)empacotamento,(2)empanque,(2)vedação,(1)arrumação,(1)enfardamento,(1)material de acondicionamento
education	Educação,(3)educação,(3)ensino,(2)instrução
blaming	culpar,(3)culpar,(1)acusar,(1)censurar
wrap	embrulho,(3)envolver,(2)enrolar,(2)cobrir,(1)agasalhar,(1)acondicionar,(1)colocar em volta,(1)enrolar-se,(1)agasalho,(1)xale,(1)cachecol,(1)cobertor,(1)manta de viagem
obsessed	embrulho,(3)obcecado
fruit	fruta,(3)fruta,(3)fruto,(1)resultado,(1)produto,(1)proveito,(1)conseqüência,(1)rendimento,(1)frutificar,(1)frutear
torture	tortura,(3)tortura,(3)torturar,(2)suplício,(1)tormento,(1)angústia,(1)aflição,(1)atormentar
personality	tortura,(3)tortura,(3)torturar,(2)suplício,(1)tormento,(1)angústia,(1)aflição,(1)atormentar
location	localização,(3)localização,(2)posição,(2)locação,(2)situação,(1)demarcação
loan	empréstimo,(3)empréstimo,(3)emprestar,(1)palavra,(1)conceder o empréstimo de
effort	esforço,(3)esforço,(2)empenho,(1)afã,(1)aplicação
daddy's	papai
commander	papai
trees	arvores
there'll	lá vai
rocks	pedras
owner	proprietário,(3)proprietário,(3)dono,(1)possuidor
fairy	fada,(1)mágico,(1)encantador,(1)arrebatador,(1)produzido por magia,(1)pederasta,(1)homossexual,(1)fictício
banks	bancos
network	bancos
per	por,(3)por,(1)através de,(1)por meio de,(1)durante,(1)pelo meio de,(1)devido a ação de,(1)de um extremo a outro
other's	outros
necessarily	necessariamente,(3)necessariamente,(1)inevitavelmente,(1)fatalmente,(1)formosamente
Louis	
county	município,(3)condado,(3)município,(2)comarca,(2)distrito,(2)região
contest	concurso,(3)contestar,(3)disputar,(3)competição,(2)disputa,(2)luta,(2)torneio,(1)lutar,(1)contender,(1)debater,(1)debate,(1)controvérsia
chuck	mandril,(3)mandril,(1)pá,(1)termo carinhoso,(1)cacarejo,(1)demissão,(1)cacarejar,(1)mandrilar,(1)estalar com a língua,(1)segurar no mandril
seventy	setenta,(3)setenta
print	impressão,(3)imprimir,(3)impressão,(2)impresso,(2)gravura,(2)estampa,(1)publicar,(1)marcar,(1)mandar imprimir,(1)gravar,(1)imagem,(1)desenho,(1)tipografia,(1)coisa impressa
motel	motel,(3)motel
fallen	caído,(3)caído
directly	diretamente,(3)diretamente,(2)imediatamente,(1)precisamente,(1)completamente
underwear	roupas íntimas,(3)roupa interior,(2)roupa íntima
grams	gramas
exhausted	exausto,(3)esgotado,(3)exausto,(1)gasto
believing	crente,(2)crente,(1)religioso,(1)consciencioso,(1)piedoso,(1)temente a deus,(1)escrupuloso
Thorne	
particularly	particularmente,(3)particularmente,(3)especialmente,(3)em particular,(1)pormenorizadamente
freaking	assustador
carefully	cuidadosamente,(3)cuidadosamente
trace	vestígio,(3)traço,(3)traçar,(2)vestígio,(2)rastro,(2)sinal,(2)pista,(2)marca,(2)indício,(1)pegada,(1)quantidade mínima,(1)marcar,(1)delinear,(1)registrar,(1)planejar
touching	tocante,(3)tocante,(3)comovente,(2)comovedor,(1)patético
messing	bagunçando
Hughes	
committee	comitê,(3)comissão,(3)comitê,(1)junta,(1)grupo,(1)delegação,(1)curador,(1)tutor
smooth	suave,(3)suave,(3)liso,(3)suavizar,(3)alisar,(2)macio,(2)regular,(2)fácil,(2)facilitar,(1)tranquilo,(1)calmo,(1)plano,(1)polido,(1)sereno,(1)lustroso,(1)brando,(1)isento de dificuldades,(1)lisonjeiro,(1)bajulador,(1)sem pêlos,(1)amaciar,(1)acalmar,(1)aplanar,(1)polir,(1)aperfeiçoar,(1)plainar
recovery	recuperação,(3)recuperação,(1)restabelecimento,(1)cura,(1)reparação,(1)convalescença,(1)reaquecimento,(1)indenização,(1)alce,(1)requisição
intention	intenção,(3)intenção,(2)intuito,(2)propósito,(2)objetivo,(1)desígnio,(1)idéia,(1)concepção,(1)fim a atingir
enter	entrar,(3)entrar
consequences	consequências
belt	cinto,(3)cinto,(3)correia,(3)cinturão,(2)faixa,(2)cintura,(1)cingir,(1)circundar,(1)apertar,(1)cintar,(1)bater com um cinto em
standard	padrão,(3)padrão,(3)norma,(2)nível,(2)qualidade,(1)critério,(1)medida,(1)estalão,(1)classe,(1)protótipo,(1)craveira,(1)modelo a seguir,(1)grau de conhecimentos,(1)calibre padrão
sacrifice	sacrifício,(3)sacrifício,(3)sacrificar,(1)holocausto,(1)oblação,(1)imolação,(1)oferecer sacrifícios,(1)imolar,(1)fazer o sacrifício de,(1)vender com prejuízo
marina	marina,(3)marina
courage	coragem,(3)coragem,(1)bravura,(1)alento,(1)intrepidez,(1)animosidade
butter	manteiga,(3)manteiga,(1)lisonja,(1)passar manteiga,(1)lisonjear,(1)adular
officers	oficiais
enjoyed	gostou
ad	de Anúncios,(3)anúncio
lack	falta,(3)falta,(2)carência,(2)faltar,(1)necessidade,(1)não ter,(1)não possuir,(1)necessitar,(1)carecer de
buck	bode,(2)macho,(2)pinote,(1)pulo,(1)resistir,(1)copular,(1)pular,(1)apressar-se,(1)enfeitar-se
attracted	atraído
appears	parece
Spencer	
bay	baía,(3)baía,(3)louro,(2)compartimento,(2)enseada,(1)vão,(1)cavalo baio,(1)abertura,(1)latido,(1)baio,(1)ladrar,(1)uivar,(1)acuar,(1)perseguir latindo
yard	Jardim,(3)jarda,(3)quintal,(3)jardim,(3)pátio,(2)terreiro,(2)área,(1)viveiro,(1)pênis,(1)encurralar
returned	devolvido
remove	retirar,(3)remover,(2)retirar,(2)tirar,(1)afastar,(1)exonerar,(1)demitir,(1)mover,(1)deslocar,(1)despir,(1)despedir,(1)tirar do seu lugar,(1)retirada,(1)afastamento,(1)distância,(1)grau de parentesco,(1)mudança de residência,(1)passagem de classe
nut	noz,(2)noz,(2)castanha,(1)amêndoa,(1)avelã,(1)cachola,(1)cabeça,(1)porca de parafuso,(1)pinha,(1)apanhar nozes,(1)procurar nozes
carried	carregado,(2)transportado
today's	hoje,(1)o dia de hoje
testimony	testemunho,(3)testemunho,(3)depoimento,(2)prova,(1)confirmação
intense	intenso,(3)intenso,(2)forte,(1)ardente,(1)vivo,(1)extremo,(1)enérgico
granted	concedido,(1)reconhecido,(1)permitido,(1)admitido,(1)adjudicado
Alice	
violence	violência,(3)violência,(1)força,(1)abuso,(1)fúria,(1)coação,(1)injúria,(1)ultraje
Peggy	
heal	curar,(3)curar,(2)cicatrizar,(2)sarar,(1)melhorar
defending	defendendo
attempt	tentativo,(3)tentativa,(3)tentar,(2)esforço,(1)ataque,(1)balbucio,(1)atentar,(1)experimentar,(1)aventurar-se
unfair	injusto,(3)injusto,(3)desleal,(1)não razoável,(1)desonesto,(1)parcial,(1)falso
relieved	aliviado,(3)aliviado
political	político,(3)político
loyal	político,(3)político
approach	aproximação,(3)aproximar,(3)abordar,(3)aproximação,(1)acercar,(1)conduzir a,(1)beirar,(1)fazer propostas a,(1)acercar-se de,(1)achegar-se,(1)aproximar-se,(1)acesso,(1)introdução,(1)confronto,(1)marcha de aproximação
slowly	lentamente,(3)lentamente
plays	tocam
normally	normalmente,(3)normalmente
buzz	zumbido,(3)zumbido,(3)zumbir,(2)murmúrio,(2)rumor,(1)sussurro,(1)isca artificial,(1)zunir,(1)sussurrar,(1)pairar,(1)espalhar,(1)acabar,(1)esvaziar
alcohol	álcool,(3)álcool
actor	ator,(3)ator,(2)protagonista,(1)autor,(1)figurante,(1)instituidor
surprises	surpresas
psychiatrist	psiquiatra,(3)psiquiatra
pre	pré,(3)pré-
plain	avião,(3)simples,(3)liso,(3)planície,(2)claro,(2)plano,(2)evidente,(2)campina,(2)claramente,(1)óbvio,(1)natural,(1)manifesto,(1)singelo,(1)franco,(1)raso,(1)sincero,(1)modesto,(1)honesto,(1)recatado,(1)unicolor,(1)francamente,(1)lamentar,(1)carpir-se,(1)lamentar-se,(1)prantear-se
attic	sótão,(3)sótão
who'd	quem iria
uniform	uniforme,(3)uniforme,(3)uniforme,(2)homogéneo,(2)constante,(2)farda,(1)regular,(1)igual,(1)fardamento,(1)beca
terrified	apavorado,(3)aterrorizar,(2)amedrontar,(2)apavorar,(2)aterrar,(1)encher de medo
sons	filhos
pet	animal,(3)animal de estimação,(2)acariciar,(1)predileto,(1)favorito,(1)querido,(1)criança mimada,(1)despeito,(1)enfado,(1)afagar,(1)mimar,(1)acarinhar,(1)favorito,(1)querido,(1)doméstico,(1)inofensivo,(1)manso,(1)domesticado,(1)sem interesse
Kristen	
cleaned	limpo
Zach	
threaten	ameaçar,(3)ameaçar,(1)pôr em perigo,(1)prenunciar,(1)estar iminente,(1)proferir ameaças,(1)pressagiar,(1)avisar
teaching	ensino,(3)ensino,(1)instrução,(1)ato de ensinar,(1)função de professor
mum	mãe,(3)mãe,(1)mãezinha,(1)minha senhora,(1)pouco claro,(1)inarticulado,(1)indistinto,(1)mal pronunciado,(1)arremedar,(1)fazer imitações
motion	movimento,(3)movimento,(2)proposta,(2)moção,(1)gesto,(1)requerimento,(1)deslocação,(1)impulso,(1)mecanismo,(1)inclinação,(1)maneira de andar,(1)gesticular,(1)acenar
fella	cara
enemies	inimigos
desert	deserto,(3)deserto,(3)deserto,(3)desertar,(1)ermo,(1)árido,(1)desabitado,(1)solidão,(1)merecimento,(1)mérito,(1)região árida,(1)desistir de,(1)desamparar
collection	coleção,(3)coleção,(3)coleta,(2)cobrança,(2)acervo,(2)arrecadação,(1)compilação,(1)porção
Roxanne	
incident	incidente,(3)incidente,(3)incidente,(2)acidente,(2)episódio,(2)ocorrência,(2)caso,(1)ligado,(1)provável,(1)pertencente,(1)próprio,(1)circunstância
failure	fracasso,(3)falha,(3)fracasso,(3)insuficiência,(2)insucesso,(2)incapacidade,(1)carência,(1)esquecimento,(1)distração,(1)baldão
satisfied	satisfeito
imagination	imaginação,(3)imaginação,(2)fantasia,(1)criatividade,(1)idéia,(1)conceito,(1)imagem mental
hooked	fisgado,(2)em forma de gancho,(2)adunco,(2)curvo
headache	dor de cabeça,(3)dor de cabeça,(2)enxaqueca,(1)amolação
forgetting	esquecendo
counselor	conselheiro,(3)conselheiro,(2)advogado
Andie	
acted	agiu
opposite	oposto,(3)oposto,(3)em frente,(3)contrário,(3)oposto,(3)em frente,(2)defronte,(1)fronteiro,(1)antagônico,(1)completamente diferente,(1)antagonista,(1)do outro lado,(1)contra,(1)em frente de,(1)diante de,(1)em face de
highest	Altíssima
gross	bruto,(3)bruto,(2)total,(2)grosseiro,(2)total,(1)grosso,(1)flagrante,(1)em bruto,(1)vulgar,(1)enorme,(1)pesado,(1)ordinário,(1)tosco,(1)gordo,(1)indelicado,(1)inteiro,(1)embotado,(1)tudo,(1)grosso,(1)grosa,(1)massa,(1)doze dúzias
golden	dourado,(3)dourado,(1)áureo,(1)precioso,(1)excelente,(1)próspero,(1)importante
equipment	equipamento,(3)equipamento,(2)aparelho,(1)aparelhagem,(1)instalação,(1)armamento
badge	distintivo,(3)distintivo,(3)crachá,(1)divisa
tennis	tênis,(3)tênis
Italian	
visiting	visitando,(3)de visita,(2)visitante
Tricia	
studio	estúdio,(3)estúdio,(2)ateliê
naturally	naturalmente,(3)naturalmente,(1)certamente,(1)sem dúvida,(1)verdadeiramente,(1)com toda a certeza,(1)de fato,(1)seguramente
frozen	congelados,(3)congelado,(2)gelado,(1)gélido,(1)insensível
commissioner	comissário,(3)comissário,(2)delegado,(2)comissionado,(2)encarregado
sakes	sakes,(3)causa,(3)saquê,(2)fim,(2)objetivo,(2)motivo,(1)intento
Lorelei	
labor	trabalho,(3)trabalho,(2)labor,(2)trabalhar,(1)tarefa,(1)ocupação,(1)dores de parto,(1)dores do parto,(1)obrigação,(1)mão-de-obra,(1)labutar,(1)lidar,(1)elaborar,(1)sentir dores do parto,(1)fabricar
glory	glória,(3)glória,(2)honra,(2)gloriar,(1)fama,(1)majestade,(1)magnificência,(1)renome,(1)hino laudatório a deus,(1)resplendor celeste,(1)vida celestial,(1)exultar,(1)regozijar-se com
appropriate	apropriado,(3)apropriado,(3)adequado,(2)conveniente,(2)destinar,(1)açambarcar,(1)aproveitar,(1)apropriar-se de,(1)apropriar-se,(1)apossar-se
Africa	
trunk	tronco,(3)tronco,(2)baú,(2)mala,(1)arca,(1)mala grande,(1)reboque,(1)tromba de elefante
armed	armado,(3)armado,(1)munido de armas, garras ou espinhos
twisted	torcido,(2)retorcido
thousands	milhares
received	recebido,(3)recebido
dunno	Não sei
costume	traje,(3)traje,(3)costume,(1)vestuário,(1)vestir,(1)mascarar
temporary	temporário,(3)temporário,(2)provisório,(2)transitório,(1)passageiro
sixteen	dezesseis,(3)dezesseis,(3)dezesseis
impressive	impressionante,(3)impressionante,(1)impressivo
zone	zona,(3)zona,(2)área,(2)região,(1)faixa,(1)círculo,(1)cinta
kitty	gatinha,(3)gatinho
kicking	chutando
junk	lixo,(2)junco,(1)coisas velhas,(1)barco oriental,(1)carne salgada,(1)velharias sem valor
hon	querida
grabbed	agarrou
France	
unlike	ao contrário,(3)ao contrário,(3)ao contrário de,(3)contrário,(3)diferente,(2)distinto,(1)não como,(1)de modo diferente,(1)diverso,(1)dissemelhante,(1)não parecido
understands	entende
mercy	misericórdia,(3)misericórdia,(2)piedade,(2)clemência,(2)compaixão,(1)pena
describe	descrever,(3)descrever,(1)relatar,(1)narrar,(1)traçar,(1)desenhar
Wayne	
priest	sacerdote,(3)sacerdote,(3)padre,(2)cura,(1)clérigo,(1)eclesiástico,(1)prior
Cordelia	
clients	clientes
cable	cabo,(3)cabo,(1)telegrama,(1)cabo submarino,(1)amarra,(1)corrente,(1)cabo telegráfico,(1)cabear,(1)amarrar,(1)enviar via cabo,(1)mandar telegrama,(1)funicular,(1)formado por cordas
owns	possui
affect	afeto,(3)afetar,(1)abalar,(1)simular,(1)assumir,(1)empregar,(1)usar,(1)emoção,(1)transporte
witnesses	testemunhas
starving	morrendo de fome,(3)morrer de fome,(3)passar fome,(2)morrer de inanição,(1)morrer à míngua,(1)matar à fome,(1)estar esfomeado,(1)fazer passar fome a
Robbie	
instincts	instintos
happily	instintos
discussing	discutindo
deserved	mereciam,(1)condigno,(1)honrado
strangers	estranhos,(3)estrangeiro,(3)desconhecido,(2)pessoa estranha,(1)novato,(1)visitante,(1)desconhecedor,(1)pessoa não habituada a
leading	conduzindo,(3)principal,(2)conducente,(2)importante,(2)condução,(1)primeiro,(1)condutor,(1)tentador,(1)sedutor,(1)direção,(1)chefia,(1)comando,(1)orientação,(1)entrelinhas,(1)influência
intelligence	inteligência,(3)inteligência,(1)conhecimento,(1)entendimento,(1)compreensão,(1)capacidade mental
host	hospedeiro,(3)anfitrião,(3)hospedeiro,(1)hóstia,(1)estalajadeiro,(1)tropa,(1)dono da casa
authority	autoridade,(3)autoridade,(2)autorização,(1)jurisdição,(1)perito,(1)fonte autorizada,(1)chefe,(1)reputação,(1)gerente,(1)diretor
surveillance	vigilância,(3)vigilância,(3)fiscalização
cow	vaca,(3)vaca,(1)elefante,(1)baleia,(1)intimidar
commercial	comercial,(3)comercial,(3)comercial,(1)propaganda
admire	admirar,(3)admirar,(1)exprimir admiração,(1)desejar fazer,(1)desejar ver
Williams	
Tuesday	
shadow	sombra,(3)sombra,(1)fantasma,(1)vestígio,(1)prenúncio,(1)laivo,(1)imagem refletida,(1)imagem vaga,(1)premunição,(1)nadinha,(1)quantidade mínima,(1)coisa irreal,(1)visão,(1)obscurecer,(1)ensombrar,(1)toldar,(1)cobrir de sombras,(1)nublar
questioning	questionando,(3)interrogatório,(2)interrogação,(1)ato de interrogar
fund	fundo,(3)fundo,(3)financiar,(1)reserva,(1)base,(1)recursos financeiros,(1)provisão,(1)valor disponível,(1)capital disponível,(1)consolidar,(1)acumular,(1)juntar
dragged	arrastaram
barn	celeiro,(3)celeiro,(2)estábulo
object	objeto,(3)objeto,(2)objetivo,(2)objetar,(1)alvo,(1)finalidade,(1)fim,(1)coisa,(1)contestar,(1)alegar,(1)desaprovar
Doug	
deeply	profundamente,(3)profundamente,(2)extremamente,(1)intimamente
amp	amplificador
wrapped	embrulhado
wasted	desperdiçado
Vega	
tense	tenso,(3)tenso,(3)tempo,(1)esticado,(1)retesado,(1)estirado
sport	esporte,(3)esporte,(1)jogo,(1)divertimento,(1)diversão,(1)brincadeira,(1)passatempo,(1)zombaria,(1)gracejo,(1)objeto de zombaria,(1)exercício ao ar livre
route	rota,(3)rota,(3)percurso,(3)via,(3)caminho,(2)trajeto,(2)encaminhar,(1)rumo,(1)derrota,(1)determinar,(1)indicar,(1)traçar a rota
reports	relatórios
Reese	
plastic	plástico,(3)plástico,(3)plástico,(2)matéria plástica,(1)maleável,(1)moldável,(1)substância plástica
hoped	esperava,(3)esperado
fellas	rapazes
election	eleição,(3)eleição,(2)escolha,(1)votação,(1)promoção
roommate	colega de quarto,(3)companheiro de quarto
pierce	perfurar,(3)perfurar,(3)furar,(2)atravessar,(2)romper,(1)penetrar em,(1)passar através de
mortal	mortal,(3)mortal,(3)mortal,(1)fatal,(1)mortífero,(1)implacável,(1)efêmero,(1)transitório,(1)inexorável,(1)excessivo,(1)enfadonho,(1)tedioso,(1)ser humano
fascinating	fascinante,(3)fascinante,(1)encantador
chosen	escolhido,(3)escolhido
stops	pára
shown	mostrando
arranged	arranjado
Arnold	
abandoned	abandonado,(3)abandonado,(1)perdido,(1)desertado,(1)dissoluto,(1)vicioso,(1)depravado,(1)desavergonhado
sides	lados
delivered	entregue,(3)entregue
china	China,(3)porcelana,(2)louça
becomes	torna-se
arrangements	arranjos
agenda	agenda,(3)agenda,(2)ordem do dia
Linda	
hunting	Caçando,(3)caça,(2)caçador,(1)cinegética,(1)oscilação pendular,(1)arte da caça
began	começasse
theater	teatro,(3)teatro,(1)anfiteatro,(1)cena,(1)drama,(1)sala de conferências,(1)atividade dramática,(1)literatura dramática
series	Series,(3)série,(2)conjunto,(1)sucessão,(1)família,(1)grupo,(1)encadeamento,(1)progressão
literally	literalmente,(3)literalmente
propose	propor,(3)propor,(2)sugerir,(1)propor casamento,(1)planejar,(1)tencionar,(1)alvitrar
Howard	
honesty	honestidade,(3)honestidade,(2)sinceridade,(2)integridade,(1)probidade,(1)retidão
basketball	basquetebol,(3)basquetebol,(1)bola ao cesto
underneath	por baixo,(3)debaixo,(3)embaixo,(3)por baixo,(3)abaixo,(3)embaixo,(3)sob,(2)por baixo de
forces	forças
soldier	soldado,(3)soldado,(2)militar,(1)soldado raso,(1)comandante militar,(1)arenque defumado
services	soldado,(3)soldado,(2)militar,(1)soldado raso,(1)comandante militar,(1)arenque defumado
sauce	molho,(3)molho,(1)tempero,(1)condimento,(1)insolência,(1)atrevimento,(1)descaramento,(1)graça,(1)temperar,(1)condimentar,(1)dar paladar a,(1)dar sal a,(1)faltar ao respeito a
review	Reveja,(3)rever,(3)revisão,(2)revisar,(2)análise,(2)crítica,(2)exame,(1)recapitular,(1)passar em revista,(1)rememorar,(1)examinar de novo,(1)inspecionar,(1)revista,(1)publicação,(1)estudo
promises	promessas
Oz	
lecture	palestra,(3)palestra,(3)conferência,(2)sermão,(2)preleção,(1)curso,(1)repreensão,(1)censura,(1)lição universitária,(1)repreender,(1)fazer conferências,(1)pronunciar conferências,(1)fazer um curso,(1)censurar,(1)pregar um sermão a,(1)prelecionar
Greg	
eighty	oitenta,(3)oitenta,(3)oitenta
brandy	conhaque,(3)conhaque,(3)brandy,(3)aguardente
bills	contas
Bauer	
windows	janelas,(3)Windows
torn	rasgado,(3)rasgado,(2)despedaçado
shocked	chocado
relief	alívio,(3)relevo,(3)alívio,(2)socorro,(2)ajuda,(2)assistência,(2)auxílio,(1)substituição,(1)libertação,(1)consolo,(1)remédio,(1)substituto,(1)realce,(1)saliência,(1)rendição
Nathan	
Jones	
horses	cavalos,(3)cavalo,(1)garanhão,(1)tropas a cavalo
golf	golfe,(3)golfe,(1)jogar golfe
Florida	
explained	explicado,(3)explicado
counter	contador,(3)contador,(3)balcão,(3)contrariar,(2)contrário,(2)opor,(2)enfrentar,(2)contrário,(1)guichê,(1)oposto,(1)contragolpe,(1)ficha,(1)contradizer,(1)contra-atacar,(1)oposto,(1)em sentido inverso
Niki	
Lauren	
design	Projeto,(3)projetar,(3)desenhar,(3)projeto,(2)desenho,(2)desígnio,(1)planejar,(1)delinear,(1)designar,(1)esboçar,(1)destinar,(1)tencionar,(1)modelo,(1)plano,(1)esquema,(1)esboço,(1)planta,(1)enredo,(1)risco
circle	círculo,(3)círculo,(3)circular,(2)circunferência,(2)ciclo,(2)roda,(2)circundar,(2)rodear,(1)circuito,(1)esfera,(1)anel,(1)coroa,(1)órbita,(1)auréola,(1)halo,(1)diadema,(1)grupo de pessoas,(1)girar,(1)rodar,(1)voltear,(1)revolver
victims	vítimas
transfer	transferir,(3)transferir,(3)transferência,(2)transmissão,(2)transfer,(1)transmitir,(1)ceder,(1)ser transferido,(1)passar,(1)alienar,(1)transportar,(1)decalcar,(1)conexão,(1)cessão de direitos,(1)propriedades,(1)figura de passar
Stanley	
response	resposta,(3)resposta,(2)reação,(1)réplica,(1)sensibilidade,(1)responsório
channel	canal,(3)canal,(2)via,(1)calha,(1)leito,(1)tubo,(1)direção,(1)valeta,(1)curso,(1)faixa de frequência,(1)abrir canais,(1)abrir caminho,(1)sulcar
backup	cópia de segurança,(3)backup,(2)cópia de segurança,(2)reserva,(1)substituto
identity	identidade,(3)identidade
differently	diferentemente,(3)diferentemente,(1)aliás
campus	campus,(2)escola,(1)colégio,(1)terrenos de universidade
spy	espião,(3)espião,(3)espionar,(3)espiar,(2)espiã,(1)denunciante,(1)ver,(1)observar,(1)descortinar,(1)investigar,(1)notar,(1)divisar
ninety	noventa,(3)noventa
interests	interesses
guide	guia,(3)guia,(3)orientar,(3)guiar,(2)manual,(2)dirigir,(1)roteiro,(1)mentor,(1)marco,(1)diretor,(1)sinal,(1)indicar,(1)informar,(1)aconselhar
Emma	
Elliot	
deck	área coberta,(3)convés,(2)coberta,(1)enfeitar,(1)cobrir,(1)embelezar
biological	biológico,(3)biológico
Vince	
SD	
pheebs	pheebs
minor	menor,(3)menor,(2)pequeno,(2)secundário,(2)menor de idade,(1)inferior,(1)premissa menor,(1)termo menor
ease	facilidade,(3)facilidade,(3)aliviar,(2)amenizar,(2)acalmar,(2)relaxar,(2)abrandar,(2)suavizar,(1)conforto,(1)tranqüilidade,(1)sossego,(1)bem-estar,(1)afrouxar,(1)libertar,(1)alargar
creep	rastejar,(3)rastejar,(2)deformação,(2)arrastamento,(1)engatinhar,(1)formigar,(1)arrastar-se,(1)arrepiar-se,(1)pele de galinha
Will's	
waitress	garçonete,(3)garçonete,(1)criada de mesa
skills	Habilidades
Bobbie	
telephone	Telefone,(3)telefone,(3)telefonar,(1)aparelho
photos	fotos
Keith	
Catalina	
ripped	rasgado
raising	levantando
scratch	coçar, arranhão,(3)arranhar,(3)riscar,(3)coçar,(2)raspar,(2)arranhão,(2)arranhadura,(1)rabiscar,(1)esgaravatar,(1)arranhar-se,(1)arranhadela,(1)rabisco,(1)esfoladura,(1)tacada que falha,(1)improvisado,(1)heterogéneo,(1)reunido ao acaso
rings	argolas
prints	argolas
flower	flor,(3)flor,(2)florescer,(1)nata,(1)elite,(1)ornamento,(1)escol,(1)menstruação,(1)fina-flor,(1)florir,(1)florear,(1)cobrir de flores
wave	onda,(3)onda,(3)acenar,(2)vaga,(2)aceno,(2)agitar,(1)ondulação,(1)oscilação,(1)ondeado,(1)chamalote,(1)tremor,(1)ondular,(1)ondear,(1)tremular,(1)brandir,(1)oscilar
thee	te,(3)te,(3)ti,(2)contigo,(2)ti
arguing	discutindo
royal	real,(3)real,(2)régio,(1)nobre,(1)majestoso,(1)digno de um rei,(1)magnificente,(1)membro da família real
laws	leis
figures	figuras
Ephram	
Ellison	
asks	pergunta
writer	escritor,(3)escritor,(2)autor,(1)articulista,(1)escrivão,(1)literato
reception	recepção,(3)recepção,(3)acolhimento,(2)recebimento,(1)acolhida,(1)captação,(1)admissão
pin	PIN,(3)pino,(3)fixar,(2)alfinete,(2)cavilha,(2)broche,(2)prender,(1)prego,(1)munhão,(1)pernas,(1)gonzo,(1)gâmbia,(1)chavêta,(1)pregar,(1)segurar,(1)sujeitar
oops	opa
gt	gt
diner	o jantar,(1)vagão restaurante,(1)pessoa que janta,(1)café-restaurante,(1)relativo a jantar
annoying	irritante,(3)irritante,(3)chato,(3)importuno,(2)incómodo,(1)fastidioso
agents	agentes,(1)do agente
taggert	taggert
goal	objetivo,(3)objetivo,(3)meta,(2)gol,(2)baliza,(2)finalidade,(2)fim,(1)bola,(1)marco
council	conselho,(3)conselho,(2)concílio,(1)assembléia,(1)gabinete
mass	massa,(3)massa,(3)missa,(1)multidão,(1)conjunto,(1)montão,(1)magnitude,(1)grandeza,(1)reunir,(1)juntar,(1)acumular,(1)aglomerar,(1)agregar,(1)congregar
ability	habilidade,(3)capacidade,(3)habilidade,(2)aptidão,(2)competência,(1)faculdade,(1)talento,(1)dom,(1)destreza,(1)agilidade,(1)alcance,(1)esperteza
sergeant	habilidade,(3)capacidade,(3)habilidade,(2)aptidão,(2)competência,(1)faculdade,(1)talento,(1)dom,(1)destreza,(1)agilidade,(1)alcance,(1)esperteza
Julian's	
international	internacional,(3)internacional
id	Eu iria
Gina	
gig	show,(2)apresentação,(2)trole,(1)cabriolé,(1)arpão,(1)biga
Davidson	
blast	explosão,(3)explosão,(3)explodir,(2)dinamitar,(1)golpe,(1)assopro,(1)rajada de vento,(1)influência maléfica,(1)corrente de ar,(1)sopro de fole,(1)destruir,(1)murchar,(1)secar
basic	básico,(3)básico,(1)basilar
wing	asa,(3)asa,(3)ala,(2)vôo,(1)flanco,(1)aleta,(1)alheta,(1)crivo,(1)braço de moinho,(1)objeto semelhante a asa,(1)coisa
tradition	tradição,(3)tradição
towel	toalha,(3)toalha
Steven	
Jenkins	
earned	toalha,(3)toalha
clown	ganhou
rub	esfregar,(3)esfregar,(2)friccionar,(2)limpar,(2)esfrega,(2)fricção,(2)dificuldade,(2)atrito,(2)obstáculo,(1)roçar,(1)coçar,(1)massagear,(1)desgastar,(1)raspar,(1)polir,(1)estragar,(1)desfigurar,(1)lustrar,(1)desgastar-se,(1)embaraço,(1)esfregadura,(1)falha,(1)aspereza
president's	do presidente
habit	hábito,(3)hábito,(2)costume,(2)mania,(1)tendência,(1)uso,(1)maneira de ser,(1)habitar,(1)vestir
customers	clientes
creature	criatura,(3)criatura,(1)ser humano,(1)ser vivente,(1)joguete,(1)instrumento
counts	conta
Bermuda	
actions	ações,(1)comportamento,(1)conduta
snap	estalo,(2)estalo,(2)estalido,(2)fecho,(2)estalar,(1)gancho,(1)mordida,(1)dentada,(1)ruptura,(1)vivacidade,(1)vigor,(1)mola de pressão,(1)quebra,(1)energia,(1)esperteza,(1)temporada,(1)repreensão,(1)bolacha,(1)ímpeto,(1)estourar,(1)romper,(1)trincar,(1)crepitar,(1)fechar,(1)arrebentar,(1)abocanhar,(1)morder,(1)vociferar,(1)tirar um instantâneo
Roman	
react	reagir,(3)reagir,(1)responder a um estímulo,(1)contra-atacar
prime	primo,(3)primeiro,(2)primordial,(2)primário,(2)escorvar,(1)primitivo,(1)prover,(1)deixar entrar,(1)embriagar,(1)espumar,(1)instruir,(1)apogeu,(1)início,(1)começo,(1)princípio,(1)primórdio,(1)primeiros tempos,(1)parte melhor,(1)perfeição,(1)hora de prima
paranoid	paranóico,(3)paranóia
pace	ritmo,(3)andar,(3)passo,(2)andamento,(1)marcha,(1)passada,(1)maneira de andar,(1)andar a passo,(1)regular o andamento
wha	Wha
Romeo	
handling	tratamento,(3)manipulação,(3)manuseio,(3)tratamento,(2)manejo,(1)manobra,(1)trato
eaten	comido,(3)comido
dahlia	dália,(3)dália
therapist	terapeuta,(3)terapeuta
comment	Comente,(3)comentário,(3)comentar,(1)crítica,(1)apreciação,(1)criticar
charged	carregado
tax	imposto,(3)imposto,(3)taxar,(2)taxa,(2)tributo,(1)contribuição,(1)tarifa,(1)ônus,(1)esforço,(1)fardo,(1)sobrecarregar,(1)lançar imposto sobre,(1)pôr à prova,(1)forçar
sink	Pia,(3)pia,(3)afundar,(2)mergulhar,(1)esgoto,(1)fossa,(1)antro,(1)charco,(1)pia para lavar a louça,(1)cair,(1)descer,(1)baixar,(1)diminuir,(1)abater,(1)ceder,(1)dar de si,(1)reduzir,(1)baixar de nível,(1)tombar,(1)meter no fundo,(1)meter a pique,(1)ficar mais baixo,(1)ir a pique,(1)ir para o fundo,(1)afundar-se,(1)enterrar-se,(1)atolar-se,(1)deixar-se cair,(1)desmoronar-se
reporter	repórter,(3)repórter,(2)jornalista,(2)relator,(2)reportagem
nurses	enfermeiras
beats	batidos
priority	prioridade,(3)prioridade,(1)primazia,(1)anterioridade,(1)ordem de preferência
Johnson	
interrupting	interrompendo,(3)interromper,(2)suspender,(1)cortar,(1)estorvar
gain	ganho,(3)ganho,(3)ganhar,(3)obter,(2)aumento,(2)lucro,(2)benefício,(2)proveito,(1)vantagem,(1)prosperidade,(1)conseguir,(1)alcançar,(1)lucrar,(1)atingir,(1)melhorar,(1)chegar a,(1)progredir
fed	alimentado,(3)alimentado
Bennett	
warehouse	armazém,(3)armazém,(3)depósito,(2)entreposto,(2)almoxarifado
virgin	armazém,(3)armazém,(3)depósito,(2)entreposto,(2)almoxarifado
shy	tímido,(3)tímido,(2)envergonhado,(1)acanhado,(1)reservado,(1)arisco,(1)assustado,(1)desconfiado,(1)assustadiço,(1)contraído,(1)difícil de apanhar,(1)tentativa,(1)arremesso,(1)lançamento,(1)lance
pattern	padronizar,(3)padrão,(2)modelo,(1)exemplo,(1)matriz,(1)amostra,(1)exemplar,(1)espécime,(1)ideal,(1)modelar,(1)moldar,(1)imitar,(1)copiar,(1)decorar,(1)fazer conforme modelo
loyalty	fidelidade,(3)fidelidade,(3)lealdade,(1)lealismo
inspector	inspetor,(3)inspetor,(2)fiscal,(1)verificador,(1)aferidor,(1)superintendente,(1)agente de polícia
events	eventos
candle	vela,(3)vela,(1)luz,(1)bugia
pleasant	agradável,(3)agradável,(2)aprazível,(1)simpático,(1)suave,(1)ameno,(1)encantador
media	meios de comunicação,(3)mídia,(2)meios de comunicação
excuses	meios de comunicação,(3)mídia,(2)meios de comunicação
duke	duque,(3)duque,(1)mão,(1)punho
castle	duque,(3)duque,(1)mão,(1)punho
threats	ameaças
Samantha	
permanent	permanente,(3)permanente,(2)estável,(1)fixo,(1)contínuo,(1)duradouro
guessing	adivinhação,(3)adivinhação
financial	adivinhação,(3)adivinhação
demand	financeiro,(3)financeiro
Darla	
basket	cesta,(3)cesta,(3)cesto,(1)canasta,(1)corbelha,(1)encestar
assault	assalto,(3)assalto,(3)ataque,(2)investida,(2)assaltar,(2)atacar,(1)estupro,(1)luta,(1)tentativa de agressão,(1)violar
Ali	
tend	cuidar,(2)tender,(1)cuidar de,(1)guardar,(1)vigiar,(1)tratar de,(1)tomar conta de
praying	Rezar,(3)oração,(2)reza
motive	motivo,(3)motivo,(3)motriz,(2)razão,(2)móbil,(2)causa,(2)motor,(1)que produz movimento,(1)respeitante ao movimento,(1)motivar,(1)causar,(1)fundamentar,(1)dar motivo a
los	los
unconscious	los
trained	treinado,(3)treinado,(1)preparado,(1)instruído,(1)ensinado,(1)experimentado,(1)diplomado
Stuart	
Ralph	
museum	museu,(3)museu
Betty	
alley	beco,(3)aléia,(3)beco,(3)ruela,(2)viela,(2)alameda,(1)rua de jardim
tracks	trilhas
swimming	natação,(3)natação
range	alcance,(3)alcance,(3)variedade,(3)distância,(2)série,(2)variação,(1)âmbito,(1)ordem,(1)extensão,(1)cordilheira,(1)classe,(1)coleção,(1)fileira,(1)fila,(1)calibre,(1)serrania,(1)fogo,(1)alinhar,(1)vaguear,(1)enfileirar,(1)classificar,(1)ordenar,(1)alistar-se em
nap	sesta,(3)sesta,(3)cochilo,(3)soneca,(3)cochilar,(1)felpa,(1)penugem,(1)lanugem,(1)jogo de cartas,(1)dormitar
mysterious	misterioso,(3)misterioso,(1)enigmático,(1)estranho,(1)obscuro,(1)com sentido oculto,(1)que gosta de mistérios
unhappy	infeliz,(3)infeliz,(2)triste,(1)desventurado,(1)desditoso,(1)com pouca sorte
tone	tom,(3)tom,(2)som,(2)tonalidade,(2)tom de voz,(2)timbre,(1)acento,(1)espírito,(1)entoação,(1)inflexão,(1)sotaque,(1)modulação
switched	trocou
Rappaport	
Nina	
liberty	liberdade,(3)liberdade,(1)permissão,(1)licença,(1)privilégio,(1)familiaridade demasiada,(1)isenção
bang	estrondo,(3)estrondo,(3)bater,(2)pancada,(2)golpear,(1)vigor,(1)ímpeto,(1)pontapé,(1)golpe violento,(1)franja de cabelo,(1)martelar,(1)dar pancadas em,(1)esmurrar,(1)sobrepujar,(1)cortar reto
award	prêmio,(3)prêmio,(3)concessão,(3)conceder,(3)adjudicar,(2)sentença,(2)distinção,(2)recompensa,(2)premiar,(1)arbítrio,(1)recompensar,(1)arbitrar,(1)decidir,(1)julgar
Sookie	
neighbor	vizinho,(3)vizinho,(3)próximo,(1)o nosso semelhante,(1)confinar,(1)vizinhar,(1)ser vizinho de,(1)daqui,(1)de cá,(1)deste lado,(1)mais próximo de nós
loaded	carregado,(3)carregado,(1)lotado
gut	intestino,(3)intestino,(2)tripa,(2)vísceras,(2)destripar,(2)esvaziar,(1)pança,(1)passagem estreita,(1)empanturrar,(1)condensar
Cooper	
childhood	intestino,(3)intestino,(2)tripa,(2)vísceras,(2)destripar,(2)esvaziar,(1)pança,(1)passagem estreita,(1)empanturrar,(1)condensar
causing	causando
swore	jurou
sample	amostra,(3)amostra,(3)exemplo,(3)provar,(3)experimentar,(1)modelo,(1)espécime,(1)apresentar amostras de,(1)tirar amostras de
piss	xixi,(3)mijo,(3)urina,(3)mijar,(2)xixi,(2)urinar,(1)pipi
hundreds	centenas,(3)centenas
balance	Saldo,(3)equilibrar,(3)equilíbrio,(3)saldo,(3)balanço,(2)balançar,(2)balança,(1)ponderar,(1)contrabalançar,(1)pesar,(1)saldar,(1)hesitar,(1)pesar em balança,(1)avaliar,(1)estimativa,(1)harmonia,(1)comparação,(1)pêndulo,(1)sobra
background	fundo,(3)fundo,(2)segundo plano,(1)experiência,(1)conhecimento,(1)música de fundo,(1)prática,(1)acontecimento
toss	fundo,(3)fundo,(2)segundo plano,(1)experiência,(1)conhecimento,(1)música de fundo,(1)prática,(1)acontecimento
mob	multidão,(3)máfia,(2)ralé,(2)plebe,(2)populacho,(1)gentalha,(1)canalha,(1)tropel,(1)turbamulta,(1)atacar,(1)maltratar,(1)rodear,(1)tratar mal,(1)reunir-se em grupo
misery	miséria,(3)miséria,(2)angústia,(2)tormento,(1)indigência
central	central,(3)central,(2)fundamental,(2)principal
boots	chuteiras,(3)botas,(1)engraxate,(1)servente de hotel
Valentine's	
thief	ladrao,(3)ladrão,(2)ladra,(1)gatuno,(1)morrão
squeeze	aperto,(3)aperto,(3)compressão,(3)espremer,(3)apertar,(2)apertão,(2)pressão,(2)arrocho,(2)esmagamento,(2)abraço,(2)comprimir,(1)espremedura,(1)aperto de mão,(1)líquido espremido,(1)estreitar,(1)abraçar,(1)trilhar
potter	oleiro,(3)oleiro,(1)perder tempo
lobby	lobby,(3)vestíbulo,(2)entrada,(1)portaria,(1)corredor,(1)antecâmara,(1)salão de espera
hah	hah
goa'uld	goa'uld
geez	nosso
exercise	nosso
ego	ego,(2)eu
drama	drama,(3)drama
Al's	
patience	paciência,(3)paciência,(2)perseverança,(1)resignação,(1)conformação,(1)jogo de cartas
noble	nobre,(3)nobre,(3)nobre,(2)fidalgo,(2)fidalgo,(1)digno,(1)imponente,(1)magnânimo,(1)esplêndido,(1)valioso,(1)brioso,(1)aristocrata
Katherine	
Isabel	
indian	indiano,(3)indiano,(3)indiano,(2)índio,(2)indígena,(2)índio,(1)hindu,(1)hindu
forth	adiante,(3)adiante,(2)para frente,(2)em diante,(2)para fora,(1)publicamente
facing	voltado para,(3)revestimento,(1)cobertura,(1)guarnição,(1)forro,(1)adorno,(1)enfeites
engine	motor,(3)motor,(2)mecanismo,(2)máquina
booked	reservado
boo	vaia,(2)vaiar,(1)exclamação para assustar
un	un,(3)un-,(1)im-,(1)in-,(1)des-,(1)não-
songs	canções
Sandburg	
poker	canções
eighteen	dezoito,(3)dezoito,(3)dezoito
d'you	você
cookie	bolacha,(3)biscoito,(1)bolo,(1)biscoitinho
bury	enterrar,(3)enterrar,(2)sepultar,(1)ocultar,(1)inundar
perform	executar,(3)realizar,(2)fazer,(2)efetuar,(2)cumprir,(1)representar,(1)levar a cabo
Hayley	
everyday	todo dia,(3)diário,(3)cotidiano,(1)vulgar
digging	escavação,(3)escavação,(1)aposentos,(1)mina de ouro,(1)cavagem da terra
Davis	
creepy	arrepiante,(3)arrepiante,(1)rastejante
compared	comparado,(3)comparado
wondered	perguntou-se
trail	trilha,(3)trilha,(3)rastro,(3)arrastar,(2)pista,(1)atalho,(1)picada,(1)cauda,(1)faro,(1)pegada,(1)seguir,(1)rastejar,(1)puxar,(1)vaguear
saint	santo,(3)santo,(3)santo,(2)santa,(1)canonizado,(1)santificado,(1)sagrado
rotten	podre,(3)podre,(2)apodrecido,(2)estragado,(1)em decomposição,(1)carcomido,(1)carunchoso,(1)atacado de distomatose,(1)cheio de caruncho
liver	fígado,(3)fígado,(1)vivente,(1)habitante
hmmm	hmmm
drawn	desenhado,(3)desenhado,(2)tirado,(2)puxado,(1)esboçado,(1)indeciso,(1)deformado,(1)torcido,(1)empenado,(1)pervertido
device	desenhado,(3)desenhado,(2)tirado,(2)puxado,(1)esboçado,(1)indeciso,(1)deformado,(1)torcido,(1)empenado,(1)pervertido
whore	prostituta,(3)prostituta,(3)meretriz
ta	to
magical	mágico,(3)mágico,(1)encantador,(1)arrebatador,(1)produzido por magia
Bruce	
village	Vila,(3)aldeia,(2)povoação,(1)burgo,(1)arraial
march	marcha,(3)marcha,(3)marchar,(1)corrida,(1)direção,(1)circulação,(1)deslocação,(1)administração,(1)gerência,(1)escoamento de águas,(1)exploração,(1)contrabando,(1)funcionamento,(1)bordejar
journey	viagem,(3)viagem,(3)jornada,(2)viajar,(1)viagem por terra
fits	encaixa
discussed	discutido,(3)discutir,(2)debater,(2)examinar
zombie	zumbi,(3)zumbi,(1)morto-vivo
supply	fornecem,(3)fornecer,(3)fornecimento,(3)abastecimento,(2)abastecer,(2)suprimento,(2)provisão,(1)prover,(1)proporcionar,(1)produzir,(1)substituto
moral	moral,(3)moral,(3)moral,(1)virtuoso,(1)bom,(1)moralidade,(1)costumes,(1)comportamento,(1)hábitos morais
helpful	útil,(3)útil,(1)prestativo,(1)cooperante
attached	em anexo,(3)ligado,(2)apenso,(1)adjunto,(1)afeiçoado,(1)imóvel
Timmy's	
slut	vagabundo,(2)cadela,(1)mulher desmazelada,(1)mulher porca
searching	procurando,(1)minucioso,(1)penetrante,(1)pesquisador,(1)esquadrinhador,(1)examinador,(1)profundo,(1)rigoroso
flew	voou
depressed	deprimido,(3)deprimido,(2)abatido,(1)desanimado,(1)acabrunhado,(1)neurastênico
aliens	alienígenas,(3)estrangeiro,(3)alienígena,(1)pária
aisle	corredor,(3)corredor,(2)coxia,(2)ala,(2)nave lateral,(1)passagem entre bancos
underground	subterrâneo,(3)subterrâneo,(3)subterrâneo,(2)subsolo,(2)clandestino,(2)no subsolo,(2)debaixo da terra,(1)secreto,(1)oculto,(1)canal subterrâneo,(1)enterrado,(1)às ocultas
pro	pró,(3)pró
drew	desenhou
daughters	filhas
cris	cris
amen	cris
vows	votos,(3)voto,(3)promessa,(3)juramento,(2)jurar,(2)prometer
proposal	proposta,(3)proposta,(1)sugestão,(1)oferta,(1)moção,(1)proposta de casamento,(1)oferecimento,(1)plano composto
pit	Cova,(3)cova,(2)fosso,(2)abismo,(2)opor,(1)escavação,(1)fenda,(1)poço de mina,(1)poço de elevador,(1)cavar,(1)escavar,(1)fazer competir,(1)guardar em silos
neighbors	vizinhos
darn	maldito,(3)danado,(3)cerzir,(2)remendar,(2)consertar,(1)condenado,(1)amaldiçoar,(1)pontear,(1)conserto,(1)cerzidura
clay	argila,(3)argila,(3)barro,(2)lodo,(2)terra,(1)pó,(1)corpo humano,(1)barrento,(1)cobrir de barro,(1)barrar
cents	centavos
arrange	organizar,(3)organizar,(3)providenciar,(3)arranjar,(2)arrumar,(2)preparar,(1)planejar,(1)acomodar,(1)conciliar,(1)harmonizar,(1)chegar a acordo
annulment	anulação,(3)anulação,(1)abolição,(1)invalidação,(1)ab-rogação
uses	usa
useless	sem utilidade,(3)inútil,(2)vão,(1)sem valor,(1)sem préstimo,(1)que não serve para nada
squad	pelotão,(3)pelotão,(2)esquadra
represent	representar,(3)representar,(1)apresentar,(1)simbolizar,(1)retratar,(1)descrever,(1)expor,(1)revelar,(1)explicar,(1)observar,(1)patentear,(1)tipificar,(1)pintar,(1)mostrar claramente,(1)chamar a atenção a
product	produtos,(3)produto,(1)produção,(1)fruto,(1)conseqüência,(1)coisa produzida
joined	ingressou,(1)adjunto
afterwards	mais tarde,(3)depois,(3)mais tarde
adventure	aventura,(3)aventura,(2)aventurar,(1)empreendimento,(1)espírito aventureiro,(1)façanha,(1)peripécia,(1)ousadia,(1)coragem,(1)arrojo,(1)acontecimento inesperado,(1)especulação comercial,(1)ousar,(1)correr perigo,(1)aventurar-se a,(1)aventuroso,(1)perigoso
resist	resistir,(3)resistir,(3)resistir a,(1)impedir,(1)repelir,(1)deter,(1)frustrar
protected	protegido,(3)protegido,(1)com proteção,(1)blindado
net	internet,(3)líquido,(3)rede,(1)tecido de malha,(1)entrelaçamento,(1)artefato de malha,(1)tecido de malha metálica,(1)apanhar na rede,(1)cobrir com rede,(1)colocar redes em,(1)pescar com rede,(1)fazer malha,(1)fazer redes,(1)fazer em forma de rede
Marlena	
fourteen	quatorze,(3)catorze,(3)catorze
celebrating	a comemorar
Benny	
piano	piano,(3)piano,(1)suave
inch	piano,(3)piano,(1)suave
flag	bandeira,(3)bandeira,(3)pavilhão,(1)estandarte,(1)emblema,(1)laje,(1)espadana,(1)folha de cereal,(1)louça,(1)lírio-roxo,(1)embandeirar,(1)enfraquecer,(1)murchar,(1)fazer sinais com bandeiras,(1)tombar
debt	bandeira,(3)bandeira,(3)pavilhão,(1)estandarte,(1)emblema,(1)laje,(1)espadana,(1)folha de cereal,(1)louça,(1)lírio-roxo,(1)embandeirar,(1)enfraquecer,(1)murchar,(1)fazer sinais com bandeiras,(1)tombar
darkness	Trevas,(3)escuridão,(3)trevas,(1)ignorância,(1)cegueira
violent	violento,(3)violento,(1)impetuoso,(1)furioso,(1)muito forte
tag	etiqueta,(3)etiqueta,(1)agulheta,(1)cauda de cometa,(1)farrapo,(1)madeixa de cabelos,(1)puxadeira de bota,(1)rótulo pendente
sand	areia,(3)areia,(2)praia,(1)areal,(1)coragem,(1)arear,(1)assorear,(1)cobrir de areia,(1)deitar areia em,(1)esfregar com areia,(1)limpar com areia,(1)obstruir-se com areia
gum	Chiclete,(3)goma,(3)gengiva,(2)chiclete,(2)cola,(1)resina,(1)látex,(1)remela,(1)deus,(1)engomar,(1)colar,(1)segregar
dammit	droga
teal'c	teal'c
strip	faixa,(3)tira,(3)faixa,(2)fita,(2)descascar,(2)despir,(2)despojar,(1)fio,(1)desnudar,(1)tirar a roupa,(1)espanar,(1)debulhar,(1)privar,(1)esburgar,(1)esfolar,(1)pelar,(1)esbulhar,(1)roubar,(1)desnudar-se,(1)despir-se
Norman	
hip	quadril,(3)quadril,(3)anca,(1)rincão,(1)hipocondria,(1)neurastenia,(1)deprimir,(1)causar tristeza a,(1)provocar neurastenia em
celebration	celebração,(3)celebração,(1)festejo,(1)solenidade,(1)glorificação
below	abaixo,(3)abaixo,(3)abaixo,(2)abaixo de,(2)inferior,(2)em baixo,(2)por baixo,(2)debaixo,(2)sob,(1)abaixo citado,(1)indigno de
reminded	abaixo,(3)abaixo,(3)abaixo,(2)abaixo de,(2)inferior,(2)em baixo,(2)por baixo,(2)debaixo,(2)sob,(1)abaixo citado,(1)indigno de
palace	Palácio,(3)palácio,(2)paço,(1)grandioso,(1)semelhante a palácio,(1)suntuoso
claims	reivindicações
tonight's	hoje à noite,(1)noite à hoje
replace	substituir,(3)substituir,(2)repor,(1)restituir,(1)devolver,(1)reembolsar
phones	telefones
paperwork	papelada,(3)papelada
mighty	poderoso,(3)poderoso,(2)forte,(2)potente,(2)muito,(1)possante,(1)extremamente
Lloyd	
emotions	emoções
Andrew	
typical	típico,(3)típico,(2)característico,(1)representativo,(1)emblemático,(1)simbólico
stubborn	teimoso,(3)teimoso,(2)obstinado,(2)contumaz,(2)inflexível,(1)cabeçudo,(1)aferrado,(1)que não muda de opinião
stable	estábulo,(3)estável,(2)estábulo,(2)cavalariça,(1)constante,(1)firme,(1)fixo,(1)sólido,(1)estrebaria,(1)cocheira,(1)coudelaria
Sheridan's	
pound	libra,(3)libra,(2)libra esterlina,(2)socar,(1)curral,(1)contusão,(1)reclusão,(1)lugar,(1)triturar,(1)esmurrar,(1)esmagar,(1)pisar,(1)encurralar
pillow	travesseiro,(3)travesseiro,(3)almofada,(3)descanso,(1)suporte,(1)chumaceira,(1)rolo usado em divãs,(1)repousar
papa	papai,(3)papai,(1)paizinho
mature	maduro,(3)maduro,(3)amadurecer,(2)amadurecido,(1)sazonado,(1)cuidadoso,(1)vencido,(1)cauteloso,(1)aperfeiçoar,(1)atingir a maturidade,(1)amadurar,(1)ponderar,(1)sazonar
lap	colo,(3)colo,(3)regaço,(2)sobrepor,(1)dobra,(1)sobreposição,(1)aba,(1)lambida,(1)bainha,(1)cobertura,(1)fralda,(1)enrolar,(1)polir,(1)envolver,(1)imbricar,(1)amimar,(1)cuidar
designed	projetado,(3)projetado,(1)intencional,(1)deliberado,(1)proposital
current	projetado,(3)projetado,(1)intencional,(1)deliberado,(1)proposital
Canada	
bum	vagabundo,(3)vagabundo,(2)traseiro,(2)rabo,(1)beberrão,(1)farra,(1)assento,(1)mau,(1)ordinário,(1)sem valor,(1)beber muito,(1)não fazer nada,(1)zumbir
tension	tensão,(3)tensão,(2)tração,(1)ansiedade,(1)tensão nervosa,(1)retesamento
tank	tanque,(3)tanque,(2)depósito,(2)reservatório,(2)cisterna,(1)piscina,(1)carro blindado,(1)carro de assalto
suffered	sofreu
stroke	derrame,(2)golpe,(2)apoplexia,(2)pancada,(1)batida,(1)jogada,(1)soco,(1)lançamento,(1)ataque súbito de doença,(1)acesso,(1)afagar
steady	firme,(3)firmar,(3)estabilizar,(3)estável,(3)firme,(2)regular,(2)fixo,(2)uniforme,(1)fixar,(1)seguro,(1)invariável
provide	providenciar,(3)fornecer,(3)proporcionar,(2)dar,(2)prover,(1)ministrar,(1)abastecer,(1)provisionar
overnight	durante a noite,(3)durante a noite,(3)de noite,(2)noturno,(1)na noite anterior,(1)dum dia para o outro,(1)da noite anterior,(1)da véspera,(1)de um dia para o outro
meanwhile	enquanto isso,(3)entretanto,(2)entrementes
chips	salgadinhos,(3)batatas fritas
beef	carne,(3)carne,(2)carne de vaca,(2)bife,(2)carne de boi,(1)músculo
wins	vitórias
suits	ternos
carol	Carol,(2)cântico,(1)loa,(1)cântico de Natal,(1)canção alegre,(1)gorjeio de aves,(1)trinado,(1)gorjear,(1)cantar com alegria,(1)trinar
boxes	caixas
salt	sal,(3)sal,(2)salgado,(2)salino,(1)sal comum,(1)marujo,(1)gosto,(1)sabor,(1)lobo do mar,(1)sais voláteis,(1)graça,(1)chiste,(1)forte,(1)temperado com sal,(1)pungente,(1)amargo,(1)impregnado com sal,(1)doloroso,(1)salgar,(1)colocar sal,(1)temperar com sal,(1)conservar em sal,(1)polvilhar com sal,(1)tratar com sais
el	el
Cassadine	
express	expressar,(3)expressar,(3)exprimir,(3)expresso,(3)expresso,(2)manifestar,(1)representar,(1)mandar por expresso,(1)rápido,(1)claro,(1)evidente,(1)mensagem urgente,(1)serviço postal rápido,(1)estafeta
collect	recolher,(3)coletar,(3)cobrar,(3)coleta,(2)reunir,(2)colecionar,(2)receber,(2)acumular,(2)arrecadar,(2)juntar,(2)buscar,(1)captar,(1)angariar,(1)catar,(1)deduzir,(1)inferir,(1)recuperar-se,(1)oração
boy's	rapazes
ba	BA
tragedy	tragédia,(3)tragédia,(2)drama,(1)desgraça,(1)calamidade
therefore	Portanto,(3)portanto,(2)por isso,(2)assim,(1)por esse motivo,(1)por conseqüência,(1)para esse fim
spoil	Portanto,(3)portanto,(2)por isso,(2)assim,(1)por esse motivo,(1)por conseqüência,(1)para esse fim
Libby	
realm	reino,(3)reino,(3)domínio,(3)esfera,(2)região
profile	perfil,(3)perfil,(1)recorte,(1)silhueta,(1)contorno,(1)corte transversal,(1)desenho de perfil,(1)seção transversal,(1)recortar,(1)desenhar de perfil,(1)representar de perfil,(1)emoldurar
degrees	graus
wipe	limpar,(3)limpar,(2)secar,(2)limpeza,(2)sopapo,(1)esfregadela,(1)limpadela,(1)lenço de bolso,(1)pancada forte,(1)bordoada
Wilson	
surgeon	cirurgião,(3)cirurgião,(1)médico cirurgião,(1)médico militar ou naval
stretch	esticam,(3)esticar,(3)trecho,(3)extensão,(2)estender,(2)esticamento,(2)elasticidade,(1)forçar,(1)exagerar,(1)violentar,(1)espalhar,(1)retesar,(1)área,(1)pena,(1)assentada,(1)espreguiçamento,(1)tempo de cadeia
stepped	pisou,(2)pisar,(1)andar,(1)caminhar,(1)dar passos,(1)pôr o pé
nephew	sobrinho,(3)sobrinho
neat	arrumado,(3)puro,(3)limpo,(3)arrumado,(2)elegante,(2)agradável,(2)esmerado,(2)asseado,(2)nítido,(2)de bom gosto,(1)claro,(1)hábil,(1)bovino,(1)rês,(1)gado bovino
limo	limusine
fox	Raposa,(3)raposa,(1)espertalhão,(1)calouro,(1)novato,(1)pessoa matreira,(1)enganar,(1)manchar,(1)azedar,(1)usar de manha,(1)descorar,(1)ruçar,(1)lograr,(1)embriagar
confident	confiante,(3)confiante,(2)seguro,(2)certo,(1)confidente,(1)ousado,(1)confidente,(1)amigo íntimo
anti	anti,(3)anti-
victory	vitória,(3)vitória,(2)triunfo
perspective	perspectiva,(3)perspectiva,(3)em perspectiva,(2)vista,(1)panorama,(1)aparência,(1)aspecto geral
designer	designer,(3)desenhista,(2)estilista,(1)autor,(1)planejador,(1)construtor,(1)inventor,(1)maquinador
climb	escalar,(3)escalada,(3)subida,(3)subir,(3)escalar,(2)ascensão,(1)trepar
angels	anjos
title	título,(3)título,(2)epígrafe,(1)direito,(1)rótulo,(1)jus,(1)distinção honorífica
suggested	sugerido,(3)sugerido,(2)proposto
punishment	punição,(3)punição,(3)castigo,(3)pena,(1)penalidade,(1)maus tratos,(1)azorrague,(1)derrota pesada
finest	melhor
Ethan's	
Stefan	
Springfield	
occurred	ocorreu
hint	dica,(3)sugestão,(3)sugerir,(2)insinuação,(2)alusão,(2)insinuar,(1)palpite,(1)conselho,(1)aviso,(1)dar a entender,(1)aludir veladamente a,(1)deixar entrever
furniture	mobília,(3)mobiliário,(3)mobília,(1)equipamento
blanket	cobertor,(3)cobertor,(3)manta,(2)coberta,(1)cobrir,(1)abafar,(1)trivial,(1)comum,(1)freqüente,(1)vulgar,(1)inferior,(1)grosseiro
twist	torção,(3)torção,(3)torcer,(2)volta,(1)torcedura,(1)curva,(1)ato de torcer,(1)flexão,(1)esforço de torção,(1)torcedela,(1)retorcer,(1)enroscar,(1)entortar,(1)enrolar,(1)espiralar,(1)entrançar,(1)prender à volta,(1)tecer
trigger	desencadear,(3)gatilho
surrounded	cercado,(3)cercado
surface	superfície,(3)superfície,(2)tona,(1)área,(1)plano,(1)aparência,(1)aspecto exterior
proceed	Continuar,(3)prosseguir,(3)continuar,(2)seguir,(1)ir para diante
lip	lábio,(3)lábio,(3)labial,(2)aba,(1)orla,(1)beiço,(1)murmurar,(1)beijar,(1)balbuciar,(1)tocar com os lábios
jersey	camisa,(2)camisola,(1)malha,(1)colete,(1)camisola de lã
fries	fritas
worries	preocupações
refused	recusou,(3)recusar,(2)rejeitar,(1)não aceitar,(1)repelir,(1)dar resposta negativa,(1)recusar-se
niece	sobrinha,(3)sobrinha
handy	acessível,(2)conveniente,(1)habilidoso,(1)capaz,(1)destro com as mãos
gloves	luvas,(3)luvas
soap	Sabonete,(3)sabão,(3)sabonete
signature	assinatura,(3)assinatura,(2)firma,(1)sinal,(1)rubrica
disappoint	decepcionar,(2)desapontar,(2)desiludir,(1)frustrar,(1)desgostar
crawl	rastejar,(3)rastejamento,(3)rastejar,(2)engatinhar,(2)arrepiar,(1)estilo da natação,(1)lagosteiro,(1)formigar,(1)arrastar-se
convicted	rastejar,(3)rastejamento,(3)rastejar,(2)engatinhar,(2)arrepiar,(1)estilo da natação,(1)lagosteiro,(1)formigar,(1)arrastar-se
zoo	jardim zoológico,(3)jardim zoológico,(1)penitenciária
result	resultado,(3)resultado,(3)resultar,(2)conseqüência,(1)efeito,(1)produto,(1)redundar,(1)provir,(1)ser o resultado,(1)ter como resultado,(1)ter como conseqüência,(1)ser a conseqüência
pages	Páginas
lit	aceso
flip	giro,(2)sacudir,(2)sacudidela,(1)arremesso,(1)gemada,(1)estalido,(1)turbulência,(1)irreverente,(1)insolente,(1)petulante
counsel	conselho,(3)conselho,(3)advogado,(3)aconselhar,(1)consulta,(1)intenção
cheers	Felicidades
doubts	dúvidas
crimes	crimes
accusing	acusando,(2)acusador,(2)acusador
when's	quando é,(3)quando
shaking	tremendo
remembering	lembrando,(3)lembrar,(3)recordar,(1)não esquecer,(1)ter presente,(1)evocar,(1)gratificar,(1)saber de cor,(1)lembrar-se de
phase	fase,(3)fase,(2)período,(1)estágio,(1)mudança,(1)modificação,(1)pôr em fase
kit	kit,(2)estojo,(2)conjunto,(1)caixa,(1)maleta,(1)mochila,(1)coleção,(1)sortimento,(1)equipamento de soldado,(1)recipiente para manteiga
hallway	corredor,(2)entrada,(1)pátio de entrada
halfway	a meio caminho,(3)meio caminho,(1)quase,(1)incompleto
bothered	incomodado,(3)preocupar,(3)incomodar,(2)aborrecer,(1)amolar,(1)azucrinar
useful	útil,(3)útil,(1)proveitoso,(1)vantajoso,(1)eficiente,(1)capaz,(1)lucrativo,(1)competente
Sid	
popcorn	Pipoca,(3)pipoca,(1)milho para pipoca
makeup	Maquiagem,(3)maquiagem,(3)composição,(2)maquilagem,(1)pintura
madam	Senhora,(3)senhora,(3)madame,(2)cafetina
Louise	
Jean	
gather	reunir,(3)reunir,(2)coletar,(2)juntar,(2)obter,(2)colher,(2)ajuntar,(2)congregar,(1)apanhar,(1)unir,(1)adquirir,(1)arrebanhar,(1)preguear,(1)amontoar-se,(1)acumular-se,(1)dobra,(1)franzido,(1)prega
cowboy	vaqueiro,(3)vaqueiro,(2)boiadeiro,(1)gaúcho,(1)boieiro
concerns	preocupações
CIA	
cameras	máquinas fotográficas
blackmail	chantagem,(3)chantagem,(3)chantagear,(2)extorsão,(1)usurpação
Winnie	
symptoms	sintomas
rope	corda,(3)corda,(3)cordão,(2)cabo,(1)laço,(1)cordame,(1)enfiada,(1)atar,(1)atrair,(1)delimitar com cordas,(1)prender com corda,(1)enredar
Patrick	
ordinary	comum,(3)comum,(3)ordinário,(3)normal,(3)normal,(2)habitual,(2)usual,(2)vulgar,(2)usual,(1)aquilo que é habitual,(1)hospedaria
imagined	imaginado
concept	conceito,(3)conceito,(2)idéia
cigarette	cigarro,(3)cigarro
barb	farpa,(3)farpa,(2)rebarba,(2)barba,(1)filamento,(1)extremidade de seta,(1)cavalo bérbere
supportive	solidário
memorial	memorial,(3)memorial,(2)comemorativo,(1)monumento comemorativo,(1)crônica,(1)memorativo,(1)que faz lembrar
Japanese	
explosion	explosão,(3)explosão,(1)estouro,(1)aumento,(1)detonação,(1)erupção
Coleman	
Bundy	
yay	yay
woo	yay
trauma	trauma,(3)trauma,(3)traumatismo
Russian	
ouch	ai
Leo's	
furious	furioso,(3)furioso,(2)raivoso,(1)frenético,(1)violento,(1)irado,(1)impetuoso,(1)colérico,(1)arrebatado,(1)aceso
cheat	enganação,(3)fraude,(3)enganar,(3)trapacear,(2)trapaceiro,(2)engano,(2)burlar,(1)impostor,(1)vigarista,(1)logro,(1)embusteiro,(1)imitação,(1)tapear,(1)iludir,(1)matar aula,(1)matar o tempo
avoiding	evitando
whew	ufa
thick	grosso,(3)grosso,(3)espesso,(2)denso,(1)cheio,(1)cerrado,(1)carregado,(1)compacto,(1)grosseiro,(1)basto,(1)abafado,(1)numeroso,(1)rouco,(1)turvo,(1)apinhado,(1)copioso,(1)familiar,(1)inarticulado,(1)indistinto
oooh	oooh
boarding	embarque,(3)embarque,(1)revestimento,(1)tapume,(1)madeiramento
approve	aprovar,(3)aprovar,(1)confirmar,(1)sancionar,(1)demonstrar
urgent	urgente,(3)urgente,(1)imperativo
shhh	shhh
misunderstanding	mal entendido,(3)equívoco,(2)má compreensão,(2)má interpretação,(1)atrito,(1)mal-entendido
minister	ministro,(3)ministro,(2)pastor,(2)ministrar,(2)servir,(1)padre,(1)guia espiritual,(1)membro de ministério,(1)auxiliar,(1)oficiar,(1)ajudar,(1)contribuir
Ellen	
drawer	gaveta,(3)gaveta,(2)sacador,(1)desenhador,(1)gaveteiro,(1)cueca,(1)ceroulas
sin	pecado,(3)pecado,(3)pecar,(1)proceder mal
phony	falso,(3)falso,(2)de araque,(2)impostor,(2)mentira,(2)falsificação,(2)impostura,(2)imitação,(1)de imitação barata
joining	juntando
jam	geléia,(3)geléia,(2)congestionamento,(2)compota,(2)aperto,(2)obstruir,(2)esmagar,(1)aglomeração,(1)apertar,(1)comprimir,(1)fazer parar subitamente,(1)acumular
interfere	interferir,(3)interferir,(2)intervir,(1)impedir,(1)dificultar,(1)interpor,(1)tomar parte,(1)opor-se,(1)intrometer-se
governor	governador,(3)governador,(3)regulador,(2)governante,(1)diretor,(1)chefe,(1)mestre
Eden	
chapter	capítulo,(3)capítulo,(1)seção,(1)episódio,(1)parágrafo de lei,(1)capitular
catching	pegando,(2)atraente,(1)contagioso,(1)cativante,(1)que atrai,(1)infeccioso,(1)enganoso,(1)comunicativo
bargain	pechincha,(3)negociar,(3)pechinchar,(3)barganhar,(3)negócio,(3)pechincha,(3)barganha,(2)contrato,(1)regatear,(1)ajustar,(1)baratear,(1)vender com prejuízo
warren	Warren,(1)criação de coelhos,(1)viveiro de coelhos
tragic	trágico,(3)trágico,(2)dramático,(1)terrível,(1)de tragédia,(1)funesto,(1)calamitoso
schools	escolas,(3)escolas
respond	responder,(3)responder,(2)reagir,(1)replicar,(1)acudir,(1)dar resposta a,(1)ser sensível a,(1)responsório,(1)responso
punish	punir,(3)punir,(3)castigar,(1)aplicar um castigo a,(1)bater duro em,(1)devastar
penthouse	cobertura,(1)barracão,(1)alpendre,(1)marquesa,(1)toldo,(1)telheiro,(1)galeria envidraçada
hop	pulo,(3)lúpulo,(3)salto,(2)pulo,(2)pular,(2)saltar,(1)dança,(1)etapa,(1)dançar
angle	ângulo,(3)ângulo,(1)ponto de vista,(1)canto,(1)esquina,(1)anzol,(1)fase,(1)apresentar de modo preconceituoso,(1)pescar com anzol,(1)dispor em ângulo
thou	vós,(3)tu
sherry	xerez,(3)xerez,(1)vinho espanhol de xerez
remains	permanece,(3)restos,(3)restos mortais,(2)destroços,(1)relíquias
rach	rach
ohhh	ohhh
insult	insulto,(3)insulto,(3)insultar,(2)ofensa,(2)injúria,(2)afronta,(2)ultraje,(2)ofender,(1)contumélia,(1)ultrajar,(1)injuriar
doctor's	doutores,(2)médico
bugs	insetos
beside	ao lado,(3)ao lado de,(2)junto a,(2)fora de,(1)perto de,(1)comparado a,(1)também,(1)além disso
begged	implorou
absolute	absoluto,(3)absoluto,(2)total,(1)completo,(1)perfeito,(1)incondicional,(1)puro,(1)real,(1)ilimitado,(1)certo,(1)infalível,(1)incomparável,(1)exímio,(1)primoroso
strictly	estritamente,(3)estritamente,(3)rigorosamente,(2)terminantemente,(2)rigidamente,(1)severamente
Stefano	
socks	meias,(3)meias
senses	sentidos,(2)juízo
British	
ups	ups,(2)levantar,(2)subir,(1)aumentar,(1)erguer,(1)elevar,(1)elevação,(1)movimento ascendente,(1)boa sorte
sneaking	esgueirando-se,(2)furtivo,(2)covarde,(1)servil,(1)vil,(1)secreto,(1)oculto,(1)dissimulado
Sheila	
yah	sim
worthy	digno,(3)digno,(2)merecedor,(1)meritório,(1)respeitável,(1)merecido,(1)honrado,(1)conceituado,(1)sumidade,(1)notabilidade,(1)personalidade ilustre,(1)pessoa de distinção
Val	
serving	servindo,(2)de servir,(1)servidor
reward	recompensa,(3)recompensa,(3)recompensar,(3)premiar,(2)prêmio,(2)remuneração,(2)retribuição,(2)gratificação,(1)paga,(1)retribuir,(1)remunerar,(1)pagar
polite	educado,(3)educado,(3)polido,(2)cortês,(2)delicado,(1)elegante,(1)doce
checks	Verificações
tale	conto,(3)conto,(3)história,(2)narrativa,(2)fábula,(1)historieta,(1)falsidade
physically	fisicamente,(3)fisicamente
instructions	instruções,(1)ordens
fooled	enganado
blows	golpes,(1)batedura
tabby	malhado,(3)malhado,(2)tafetá,(2)gata,(1)listado,(1)mulher linguaruda,(1)solteirona mexeriqueira,(1)variedade de cimento
internal	interno,(3)interno,(2)interior,(1)nacional,(1)íntimo,(1)natureza interna
bitter	amargo,(3)amargo,(2)cruel,(2)amargura,(1)implacável,(1)acre,(1)doloroso,(1)mordaz,(1)penoso,(1)pungente,(1)severo,(1)penetrante,(1)acérrimo,(1)desgosto,(1)contariedade,(1)amargar
adorable	adorável,(3)adorável
y'all	vocês todos
tested	testado,(2)provado,(1)examinado,(1)verificado,(1)inspecionado
suggestion	sugestão,(3)sugestão,(2)proposta,(2)idéia,(2)insinuação,(1)alvitre
string	corda,(3)corda,(2)fio,(2)barbante,(2)cordão,(1)fita,(1)guita,(1)atilho,(1)cordelinho,(1)amarrar,(1)esticar,(1)enfiar,(1)encordoar,(1)pôr cordas em,(1)tirar os fios a,(1)mover-se em fila
mouse	rato,(3)mouse,(3)rato,(2)ratinho,(2)camundongo,(1)olho preto,(1)remate de cabo,(1)pessoa tímida,(1)apanhar ratos,(1)caçar ratos,(1)passar barbela em,(1)amarrar,(1)procurar diligentemente
marks	marcas
jewelry	joalheria,(3)jóias,(3)jóia,(2)joalheria
debate	debate,(3)debate,(3)debater,(3)discutir,(2)discussão,(1)contenda,(1)deliberar,(1)pensar,(1)considerar
com	com
alike	iguais,(2)como,(2)parecido,(2)parecida,(1)de modo idêntico,(1)semelhantemente
pitch	arremesso,(3)passo,(3)arremesso,(3)lançar,(2)breu,(2)pez,(2)piche,(2)armar,(2)arremessar,(1)afastamento,(1)resina de pinheiro,(1)medula da madeira,(1)levantar,(1)arfar,(1)montar,(1)atirar,(1)colocar,(1)arranjar,(1)acampar,(1)cravar,(1)fixar,(1)determinar o tom,(1)indicar o tom
Lou	
jacks	macacos,(3)tomada,(2)macaco,(2)valete,(2)içar,(1)jumento,(1)alavanca,(1)guindaste,(1)odre,(1)marujo,(1)operário braçal,(1)cavalete de serrador,(1)levantar,(1)majorar,(1)guindar
fax	fax,(3)fax
distracted	distraído,(3)distraído,(1)enlouquecido,(1)furioso
shelter	abrigo,(3)abrigo,(3)abrigar,(1)asilo,(1)segurança,(1)lugar de refúgio,(1)acolher,(1)albergar,(1)asilar,(1)acoitar,(1)acolher-se
lovers	amantes,(1)casal de namorados
lessons	aulas
hart	cervo,(2)veado
goose	ganso,(3)ganso,(1)pateta,(1)simplório,(1)fêmea de ganso
foreign	estrangeiro,(3)estrangeiro,(2)externo,(1)alheio,(1)alienígena,(1)exótico,(1)forasteiro,(1)adventício,(1)de nação diferente
escort	escolta,(3)escolta,(3)escoltar,(3)acompanhar,(2)acompanhamento,(1)séquito,(1)batedor
average	média,(3)média,(3)médio,(1)taxa,(1)avaria,(1)rateio,(1)mediano,(1)medíocre,(1)habitual,(1)proporcional,(1)calcular a média,(1)ratear
twin	gêmeo,(3)gêmeo,(3)gêmeo
testing	testando,(3)ensaio,(2)prova
friend's	amigos
damnit	droga
constable	polícia,(3)polícia,(3)policial
circus	circo,(3)circo,(1)praça,(1)hipódromo,(1)anfiteatro
Berg	
audition	audição,(3)audição,(3)teste,(2)ouvir,(1)ensaio,(1)escutar
tune	afinação,(3)sintonia,(3)melodia,(3)música,(3)ajustar,(2)harmonia,(2)afinar,(1)toada,(1)cantiga,(1)ária,(1)adaptar,(1)cantar,(1)harmonizar-se com
shoulders	ombros
mud	lama,(3)lama,(3)barro,(2)lodo,(1)limo,(1)vasa,(1)porcaria,(1)terra lamacenta
mask	mascarar,(3)máscara,(3)mascarar,(2)disfarçar,(2)dissimular,(2)encobrir,(2)camuflar,(1)disfarce,(1)pretexto,(1)subterfúgio,(1)infundir,(1)mascarar-se
helpless	desamparado,(3)desamparado,(1)perdido,(1)abandonado,(1)sem forma
feeding	alimentando,(3)alimentação
explains	explica
dated	datado,(3)datado
sucked	sugado
robbery	roubo,(3)roubo,(3)extorsão,(3)assalto,(1)pilhagem,(1)latrocínio,(1)esbulho,(1)depredação
objection	objeção,(3)objeção,(3)oposição,(1)dúvida,(1)réplica
kirk	Kirk,(3)igreja
Kennedy	
Collins	
Christina	
behave	comporte-se,(2)agir,(1)proceder,(1)funcionar,(1)trabalhar,(1)comportar-se
valuable	valioso,(3)valioso,(2)precioso,(1)de grande valor,(1)suscetível de avaliação
Simpson	
shadows	sombras
Marcy	
Gary	
creative	criativo,(2)criador
courtroom	tribunal,(2)sala de tribunal
confusing	confuso
beast	fera,(3)besta,(3)animal,(1)bruto,(1)quadrúpede,(1)brutamontes
tub	banheira,(3)banheira,(1)balde,(1)barrica,(1)tonel,(1)tina de madeira
talented	talentoso,(3)talentoso,(2)com talento
struck	golpeou,(3)atacar,(3)atingir,(2)bater,(1)malhar,(1)bater com,(1)lutar,(1)atirar,(1)chocar,(1)combater,(1)bater em,(1)assaltar,(1)colidir,(1)achar,(1)descobrir,(1)arremessar,(1)apanhar,(1)dar pancadas em
smarter	mais esperto
mistaken	enganado,(3)enganado,(2)equivocado,(1)mal compreendido
Italy	
customer	cliente,(3)cliente,(1)freguês,(1)comprador,(1)freguesia,(1)indivíduo,(1)pessoa
bizarre	bizarro,(3)bizarro,(1)grotesco,(1)excêntrico
scaring	cicatriz
punk	punk,(1)podre,(1)mau,(1)sem préstimo,(1)coisa sem valor,(1)disparate,(1)prostituta
motherfucker	filho da puta
holds	detém
focused	focado
Angeles	
alert	alerta,(3)alerta,(3)alerta,(3)alertar,(2)atento,(2)alarme,(1)vigilante,(1)vivo,(1)precavido,(1)ligeiro,(1)sinal de prontidão,(1)alarmar
activity	atividade,(3)atividade,(2)ação,(1)movimento,(1)energia,(1)afazeres,(1)presteza,(1)feito
vecchio	vecchio
sticks	Gravetos,(3)vara,(3)pau,(2)bastão,(2)bengala,(2)vareta,(2)taco,(2)colar,(1)bordão,(1)batuta,(1)galho seco,(1)enfiar,(1)espetar,(1)colocar,(1)picar,(1)pôr,(1)cravar,(1)meter,(1)afixar,(1)apunhalar,(1)penetrar,(1)firmar com grude,(1)encher de,(1)prender com alfinetes,(1)sangrar
singer	cantor,(3)cantor,(3)cantora,(1)chantre,(1)chamuscador
reverend	reverendo,(3)reverendo,(2)venerável,(2)respeitável
highway	rodovia,(3)rodovia,(2)rodoviário,(1)estrada nacional,(1)auto-estrada
Francisco	
foolish	insensato,(3)tolo,(3)insensato,(2)louco,(2)ridículo,(2)absurdo,(2)néscio,(1)disparatado
compliment	elogio,(3)elogio,(3)cumprimento,(3)cumprimentar,(3)felicitar,(1)honra,(1)parabéns,(1)congratulação
blessed	abençoado,(3)abençoado,(3)bendito,(2)beato,(1)agraciado,(1)bem-aventurado
bastards	bastardos,(3)bastardo,(1)falso,(1)adulterado
attend	comparecer,(3)assistir,(3)atender,(2)comparecer,(2)freqüentar,(2)cuidar,(1)tratar,(1)prestar atenção,(1)observar,(1)escutar,(1)aviar
scheme	esquema,(3)esquema,(2)programa,(2)plano,(1)projeto,(1)método,(1)forma,(1)desenho,(1)conspiração,(1)artifício,(1)intriga,(1)planejar,(1)maquinar,(1)intrigar,(1)urdir
Joanna	
Marissa	
Canadian	
aid	ajuda,(3)ajudar,(3)auxiliar,(3)ajuda,(2)apoio,(2)assistência,(2)contribuição,(1)acudir,(1)contribuir para,(1)socorro,(1)subsídio,(1)ajudante,(1)conselhos
worker	trabalhador,(3)trabalhador,(2)operário,(2)funcionário
wheelchair	cadeira de rodas,(3)cadeira de rodas
protective	protetor,(3)protetor,(1)que protege,(1)preventivo
poetry	poesia,(3)poesia
gentle	□ Gentil,(3)suave,(3)delicado,(2)leve,(2)manso,(2)amável,(2)brando,(2)dócil,(2)meigo,(1)bondoso,(1)moderado,(1)macio,(1)nobre,(1)polido,(1)digno,(1)humano,(1)honrado,(1)superior,(1)domar,(1)suavizar,(1)amansar
script	roteiro,(2)escrita,(2)manuscrito,(1)texto,(1)caligrafia,(1)cursivo,(1)letra manuscrita,(1)documento original
reverse	reverter,(3)reverso,(3)inverso,(3)reverter,(3)inverter,(3)inverso,(2)contrário,(2)anular,(2)revogar,(2)contrário,(1)oposto,(1)avesso,(1)revés,(1)reviravolta,(1)inverter a marcha,(1)alterar por completo,(1)pôr ao contrário,(1)fazer contravapor,(1)invertido,(1)oposto,(1)avesso
picnic	piquenique,(3)piquenique,(2)fazer um piquenique
knee	joelho,(3)joelho,(1)articulação,(1)joelheira,(1)curva,(1)tocar com o joelho
intended	pretendido,(3)pretendido,(2)desejado,(2)planejado,(2)projetado,(1)intencional
construction	construção,(3)construção,(1)estrutura,(1)edificação,(1)fábrica,(1)traçado
cage	cela,(3)gaiola,(3)jaula,(2)caixa,(2)prisão,(1)armação,(1)cadeia,(1)abertura,(1)prender,(1)engaiolar,(1)meter de gaiola
wives	esposas
Wednesday	
voices	vozes
toes	dedos do pé
stink	fedor,(3)fedor,(3)mau cheiro,(3)feder,(2)cheirar mal,(2)tresandar,(1)ciências naturais,(1)empestear
scares	assusta
pour	derramar,(3)derramar,(2)verter,(2)despejar,(2)vazar,(1)fluir,(1)chover,(1)entornar,(1)emanar,(1)emitir,(1)incutir,(1)baldear,(1)chuva torrencial
effects	efeitos
cheated	trapaceado
tower	torre,(3)torre,(1)campanário,(1)torreão,(1)fortaleza,(1)cidadela,(1)defesa,(1)proteção
time's	tempo é
slide	deslizar,(3)slide,(3)deslizar,(2)escorregador,(2)escorregar,(1)escorregão,(1)declive,(1)desmoronamento,(1)plano inclinado,(1)ato de escorregar,(1)desabamento de rochas,(1)ligação,(1)filme em slides,(1)resvalar,(1)passar gradualmente,(1)deslocar-se suavemente,(1)esgueirar-se
ruining	arruinando
recent	recente,(3)recente,(1)moderno,(1)de há pouco
jewish	judaico,(3)judaico,(3)judeu
Jesse	
filling	o preenchimento,(3)enchimento,(3)recheio,(2)obturação,(1)carregamento,(1)suplemento,(1)atulhamento
exit	Saída,(3)sair,(3)saída,(1)morrer,(1)morte
cruise	cruzeiro,(3)cruzeiro,(1)viagem por mar
cottage	chalé,(3)chalé,(3)casa de campo,(2)cabana,(2)casinha,(1)casa pequena
corporate	corporativo,(1)coletivo,(1)associado
cats	gatos,(1)de gato,(1)felino
upside	parte de cima
supplies	suprimentos,(2)abastecimento
proves	prova
parked	estacionado,(3)estacionado,(2)parado
Jo	
instance	instância,(3)exemplo,(3)instância,(2)caso,(1)circunstância,(1)pedido urgente,(1)exemplificar,(1)ilustrar,(1)citar como exemplo
grounds	motivos,(2)terreno,(2)área,(1)sedimento
German	
diary	diário,(3)diário,(2)agenda
complaining	reclamando
basis	base,(3)base,(1)alicerce,(1)suporte,(1)ponto de partida,(1)princípio básico,(1)pedestal,(1)ingrediente principal
wounded	ferido
thing's	coisas,(1)pertences
politics	político,(3)política
Hawaii	
confessed	confessado,(3)confessado
wicked	perverso,(3)perverso,(2)malvado,(2)cruel,(1)malévolo,(1)imoral,(1)vingativo,(1)com torcida,(1)rancoroso
pipe	tubo,(3)tubo,(2)cano,(2)cachimbo,(1)pipa,(1)canudo,(1)gaita de foles,(1)tubo de órgão,(1)traquéia,(1)vias respiratórias,(1)gaita pastoril,(1)apito de bordo,(1)apito de contramestre,(1)coisa fácil,(1)flauta de cana,(1)assobiar,(1)sibilar,(1)silvar,(1)tocar gaita de foles
merely	apenas,(3)apenas,(3)meramente,(3)simplesmente,(2)unicamente
massage	massagem,(3)massagem,(3)massagear
data	dados,(3)dados
colors	cores,(1)roupas coloridas,(1)partido,(1)insígnia militar
chop	Picar,(3)costeleta,(3)cortar,(2)corte,(2)picar,(2)talhar,(1)fatia,(1)carimbo oficial,(1)selo,(1)talho,(1)posta,(1)pedaço,(1)passaporte,(1)passe,(1)qualidade,(1)categoria,(1)autorização,(1)oscilação,(1)vacilar,(1)recortar,(1)almoçar,(1)mudar
budget	despesas,(3)orçamento,(1)provisão,(1)mochila,(1)saco,(1)coleção,(1)orçar,(1)elaborar orçamento
brief	breve,(3)breve,(3)informar,(2)curto,(2)sumário,(2)resumo,(2)sumário,(1)conciso,(1)transitório,(1)resumir,(1)dar informação,(1)depoimento,(1)causa
Tina	
spill	derramar,(3)derramar,(2)entornar,(2)extravasar,(2)espalhar,(1)deixar cair,(1)trasbordar,(1)virar,(1)derramar-se,(1)entornar-se,(1)queda,(1)tombo,(1)líquido derramado,(1)derramamento de líquido,(1)aguaceiro,(1)pedaço de madeira,(1)pé d'água
prayer	oração,(3)oração,(2)prece,(2)reza,(1)súplica,(1)petição,(1)rogo
costs	custos
chicks	garotos
betray	trair,(3)trair,(2)revelar,(2)atraiçoar,(2)denunciar,(2)desnortear,(2)adulterar,(2)seduzir
begins	começa
arrangement	arranjo,(3)arranjo,(3)disposição,(2)combinação,(1)arrumação,(1)harmonia,(1)preparativo,(1)programa de ação
waiter	garçom,(3)garçom,(1)criado de mesa,(1)bandeja,(1)criado de restaurante,(1)pessoa que está à espera
sucker	otário,(2)idiota,(2)aproveitador,(2)pegador,(2)bacorinho,(1)pateta,(1)leitão,(1)simplório,(1)bácoro,(1)agarrador,(1)baleia recém-nascida
scam	golpe,(1)cambalacho,(1)plano maligno
rats	ratos
Leslie	
fraud	fraude,(3)fraude,(1)dolo,(1)engano,(1)artifício,(1)estratagema
flu	gripe,(3)gripe,(2)influenza,(1)gripe muito forte
brush	escova,(3)escova,(3)pincel,(3)escovar,(1)moita,(1)escovadela,(1)luta,(1)combate,(1)feixe de luz,(1)questão,(1)roçar,(1)pintar,(1)varrer,(1)limpar,(1)remover
anyone's	ninguem é
adopted	adotado,(3)adotado,(1)adotivo,(1)perfilhado