virus	vírus, vírus, viroses, verificador de vírus, verificador de vírus
shrink	encolher, diminuir, psiquiatra, encolhimento, redução, contração, retração, encolhimento, contração, reduzido, decrescente
influence	influência, poder, peso, afetar, persuadir, influenciado, influenciadas, marcada, abrangidos, influências, influência indevida, abuso de influência
freezing	congelamento, congelação, refrigeração, de congelação, congelantes, geladas, congelação rápida, ponto de congelação, ponto de congelamento, frio congelante, frio terrível, frio intenso, frio de gelar
concert	concerto, espetáculo, recital, concertada, conjunto, combinado, articulado, concerto
wreck	naufrágio, destroços, caco, destruir, arruinar, naufragar, aniquilar, destruído, naufragado, desbaratado, aniquilado, destroços, escombros, naufrágio, bola de demolição


chain	cadeia, rede, corrente, elo, encadear, cadeia de fornecimento, cadeia de suprimento, cadeia de suprimentos, cadeia de fornecedores, cadeia de valor, cadeia de oferta, gestão da cadeia de fornecimento, gerenciamento da cadeia de fornecimento

walker	caminhante, andarilho, pedestre, andadores, andarilhos, peões, passeador de cães, andador, carrinho-andador

wire	fio, arame, cabo, escuta, ligar algo/alguém, telegrafar, cercar, bancárias, com fio, conectados, transferido, por cabo, transferência bancária, transferência eletrônica, transferência electrónica

presence	presença, existência, na presença de, presença de espírito, presença de mente, presença no mercado, presença de mercado
blown	soprado, levadas, insuflado, soprados, detonado, fusível queimado, vidro soprado
anxious	ansioso, preocupado, inquieto, desejosos
cave	gruta, cavidade, toca, advertência, aviso, ressalva
version	versão, modelo, variante, versão preliminar, versão provisória, versão de teste, versão de avaliação, versão experimental, versão de demonstração, última versão, versão mais recente, versão mais atual, versão mais atualizada

holidays	férias, feriados, festas, feriados, feriados públicos, feriados oficiais, férias do Natal, feriados legais
cleared	desembaraçada, compensado, autorizado, desmatadas, fundos disponíveis, área desmatada, ser esclarecido, ser clarificado

survived	sobrevivido
caring	atencioso, cuidadoso, preocupados, atento, responsabilidades de cuidados
candles	velas, castiçal, candeia, candelabro, candeeiro, velas acesas
bound	obrigado, vinculado, vinculados, ligado, limite, salto, obrigar, limitar, atar, pular, limite, fronteira, delimitação, contorno, limitado, demarcada, delimitado, vinculada
related	relacionado, relativos, relativa, ligados, intimamente ligado, estreitamente ligado, partes relacionadas, partidos relacionados, partes conexas, parte relacionada, parte ligada, parte coligada

charm	charme, encanto, simpatia, berloque, encantar, charmoso, encantador, fascinante, agradável
apple	maçã, macieira, tarte de maçã, torta de maçã, maçãs, crocante de maçã


pulse	pulso, impulso, ritmo, pulsação, pulsar, frequência de pulso, ritmo dos impulsos, frequência cardíaca


frame	quadro, estrutura, armação, emoldurar, moldar, idear, quadro, enquadramento, estrutura, âmbito, emoldurado, enquadrado, concebido, cercada, quadro jurídico, quadro legal, enquadramento legal, estrutura legal
boom	explosão, lança, auge, estrondo, expandir-se, florescente, crescente, pujante, baby-boom, baby boom
vice	vice, vício, torninho, prensa, vice-versa, vice-presidente
performance	desempenho, performance, rendimento, atuação, garantia de execução, garantia de performance, indicadores-chave de desempenho, indicadores-chave do desempenho
occasion	ocasião, festa, evento, ocasionar, causar, ocasional, ocasionais, pontuais, pontual, ocasiões, momentos, oportunidades, por ocasião de
silence	silêncio, silenciar, calar algo/alguém, silenciador, silenciado, em silêncio
opera	ópera, operar, funcionar, agir, comandar, operação, funcionamento, utilização, gestão
opal	opala, opalino, opalescente, opalescência
nonsense	absurdo, disparates, disparate, besteira, perfeito disparate, falar bobagens, dizer disparates, total absurdo, completo absurdo

frightened	assustado, amedrontado, atemorizado, temeroso, ter medo, ficar assustado
downtown	centro, centro da cidade, baixa da cidade, centro da cidade, área central, baixa da cidade, centro urbano, centro histórico, grandes centros urbanos


internet	internet, provedor de internet



holly	azevinho, astro de Hollywood
duck	pato, mergulhar, mergulho, patos, pato coxo, pessoa ou coisa fracassada

blowing	soprado, agente de expansão, sopro de ar, sopro de vidro

session	sessão, reunião, seção, aula, sessão de improvisação, sessão de treinamento, sessão de formação, sessão de treino, sessão de treinos, sessão plenária, reunião plenária, assembleia plenária

kidnapping	seqüestro, sequestro, rapto, sequestros

actual	real, reais, atual, atuais
spin	girar, fiar, centrifugar, torcer, rodada, giro, centrifugação, rotação, eixo, fuso, ferramenta, mandril, fiação, tecelagem, giratório
classic	clássico, tradicional, típico, habituais, clássico, erudita, música clássica, música erudita, clássicos
civil	civil, civis, públicos, cível
tool	ferramenta, instrumento, trabalhar, usinagem, kit de ferramentas, conjunto de ferramentas, caixa de ferramentas, caixa de ferramentas, conjunto de ferramentas, panóplia, arsenal

packing	embalagem, empacotamento, lista de embalagem, lista de embalagens, lista de empacotamento, nota de embalagem, recibo de entrega, grupo de embalagem
education	educação, formação, ensino, escolaridade, ensino superior, nível superior, formação superior, curso superior, educacional, educativo, educacionais, escolar, formação, formação acadêmica, formação educacional, antecedentes educacionais
blaming	
wrap	embrulhar, envolver, enrolar, empacotar, envoltório, invólucro, cobertor, abrigo, embrulhar, envolvido, embrulhado, embalado, envoltos, embalagem, embrulho, invólucro, acondicionamento
obsessed	obcecado
fruit	fruta, fruto, frutas, frutuoso, frutífero, frutuosa, profícuo, maracujá, fruição, viabilização
torture	tortura, suplício, torturar, torturado, atormentado, violadas, torturador, liberdade da tortura
personality	personalidade, caráter, carácter, personalidade jurídica, personalidade legal, identidade jurídica, traços de personalidade, características de personalidade, direitos de personalidade
location	local, localização, posição, lugar, local de armazenamento, local de armazenagem, posição de armazenamento, local de depósito, localização privilegiada, privilegiada localização, local privilegiado, excelente localização, localização atual, posição atual, local atual
loan	empréstimo, crédito, financiamento, emprestar, empréstimos, créditos, acordo de empréstimo, contrato de empréstimo, contrato de crédito, convenção de empréstimo, emprestado, cedidos, emprestadas, alugada
effort	esforço, empenho, aposta, tentativa, fácil, sem esforço, simples, melhores esforços, máximos esforços, fazer um esforço, esforçar-se

commander	comandante, chefe, capitão-tenente, comandante supremo, comandante de companhia



owner	proprietário, dono, titular, proprietária, propriedade, posse, beneficiário efectivo, proprietário beneficiário, proprietário usufrutuário, interesse de propriedade, interesse de posse
fairy	fada, reino das fadas, fada dos dentes, fada-madrinha

network	rede, interligar, reticular, redes, em rede, ligado em rede, interligados, conectadas
per	por, desempenho, performance, rendimento, atuação



county	condado, município, comarca, concelho, tribunal distrital, tribunal da comarca, tribunal de condado, tribunal do condado, cadeia do condado, cadeia municipal, sede de concelho, sede do concelho
contest	concurso, competição, disputa, passatempo, contestar, disputar, competir, arguir, concorrente, participante, competidor
chuck	mandril, bucha, arremesso, carícia, cacarejar, rir, risinho, risadinha, placa de fixação

print	impressão, cópia, gravura, reprodução, imprimir, imprimir algo, impresso, impressor, impressora, gráfica, impresso, impressas, imprimido, estampada
motel	motel, motéis
fallen	caído, diminuído, decaído, anjo caído, árvore caída, árvore tombada, frutos caídos

underwear	roupa interior, roupa íntima, roupa de baixo
grams	
exhausted	esgotado, exausto, exauridos, baterias gastas, ser esgotado, estar esgotado
believing	fiéis




trace	traçar, rastrear, encontrar algo/alguém, seguir, traço, vestígio, rastro, sinal, rastreabilidade, identificação, rastreamento, rastreados, traçado, traçados, marcado, rastreáveis, rastreável, identificáveis, seguidos
touching	tocante, emocionante, comovente, comovedor


committee	comissão, comité, comitê, conselho, comité de direcção, comitê de direção, comitê diretor, comitê de orientação, comité consultivo, comissão consultiva, comitê consultivo, conselho consultivo, Comissão Executiva, Conselho de Administração, Comité Director
smooth	bom, macio, tranquilo, fácil, alisar, nivelar, alisamento, suavização, nivelamento, regularização, regularizador, mais suave, mais harmonioso, mais liso, mais macio
recovery	recuperação, restabelecimento, retomada, recuperação de desastres, recuperação após desastres, recuperação de falhas, recuperação de custos, amortização dos custos, recuperação de energia, valorização energética, recuperação energética, aproveitamento da energia
intention	intenção, objetivo, intuito, intencional, intencionais, deliberado, voluntária, carta de intenção, intencionalidade
enter	entrar, introduzir, inserir, enviar, empresa, empreendimento, companhia, iniciativa, introduzido, inserido, inseridos, entrado, entretenimento, lazer, animação, divertimento
consequences	consequências, conseqüências, efeitos, repercussões, consequências indesejadas, consequências não intencionais, consequências involuntárias, consequências imprevistas, consequências desastrosas, terríveis consequências, consequências terríveis, consequências fiscais
belt	cinto, correia, esteira, correia transportadora, esteira transportadora, tapete rolante, esteira rolante, cinto de segurança, correia dentada
standard	padrão, nível, norma, referência, normalizado, standard, comum, normal, padronizado, standard, uniformizados, normatizado, padronizada, normalizado, estandardizado, harmonizado, padronização
sacrifice	sacrifício, sacrificar algo/alguém, sacrifícios, sacrificado, imolados, crucificado, sacrifício de sangue
marina	porto, marina, marinar
courage	coragem, valentia, arrojo, ousadia, corajoso, valente, audazes, audaz, coragem moral, ganhar coragem, arranjar coragem
butter	manteiga, leitelho, soro, borboleta, mariposa, abóbora-menina

enjoyed	desfrutado, desfrutadas, usufruídos, aproveitado
ad	anúncio, propaganda, comercial, anúncio publicitário, endereço, discurso, endereço postal, logradouro, endereçar, além disso, conselho, aconselhamento, conselhos, informação
lack	falta, ausência, carência, escassez, faltar, carecer de algo, não dispor de algo, desprovido, ausente, escassos, insuficientes, inexistência de, apagado, enfadonho
buck	dólar, corço, cervo, sacudir, balde, afivelar, trigo sarraceno
attracted	atraído, seduzidos, chamado, conquistado


bay	baía, louro, enseada, ladrar, folha de louro, folhas de louro, baías, compartimentos, enseadas
yard	estaleiro, quintal, pátio, jardim, critério, parâmetro, padrão, referencial, estaleiros, pátios, jardas, venda de garagem
returned	devolvido, enviados, enviada, reenviadas, mercadorias devolvidas, bens devolvidos, mercadorias de retorno, produtos devolvidos, cheque devolvido
remove	remover, retirar, eliminar, tirar, removido, retirado, retirados, eliminado, removedor
nut	porca, noz, rosca, casca de noz, noz-moscada
carried	realizado, levado, feito, levadas, saldo transportado, trabalho que desenvolveram, montante transitado

testimony	testemunho, depoimento, testemunho de especialistas, depoimento oral, falso testemunho
intense	intenso, forte, profundo, intensivo, concorrência intensa, intensa concorrência, forte concorrência, calor intenso, intenso calor, forte calor, calor tórrido, enfoque intenso
granted	outorgadas, garantido, direitos conferidos, empréstimo concedido, crédito concedido, patente concedida

violence	violência, força, violência doméstica, violência de género, violência de gênero, violência sexual, violência de gênero, violência de género

heal	curar, cicatrizar, sarar, saúde, cuidados de saúde, saudável, saudáveis, são, sadio
defending	acusada, atual campeão, campeão em título, detentor do título, advogado de defesa
attempt	tentativa, esforço, intento, tentar, provar, tentado, tentadas, empreendida, experimentada, tentativa de homicídio, tentativa de assassinato, tentativa de assassínio, tentativa falhada, tentativa frustrada, tentativa fracassada
unfair	desleal, injusto, desleais, injustificável, concorrência desleal, concorrência injusta, competição desleal, concorrência desigual, injustiça, carácter abusivo, deslealdade, iniquidade, despedimento sem justa causa, despedimento ilícito, despedimento abusivo, demissão ilícita
relieved	aliviado, dispensado, isento, dispensados
political	político, partido político, grupo político, instabilidade política, agitação política, convulsões políticas, vontade política
loyal	leal, fiel, leais, fiéis, lealdade, fidelidade, dedicação, fidelidade do cliente, fidelidade dos clientes, fidelização do cliente, fidelidade de clientes, legalista
approach	abordagem, método, aproximação, enfoque, abordar, abordagens, enfoques, aproximações, metodologias, próximo, abordado, abordada, aproximado, abordadas
slowly	
plays	peças, peças de teatro

buzz	zumbido, excitação, burburinho, zumbir, zunir, alarme, sinal sonoro, campainha, cigarra, movimentado, chavão, palavra da moda, termo em voga
alcohol	álcool, álcool isopropílico, alcoólico, alcoólatra, alcoolizado, abuso de álcool, consumo abusivo de álcool
actor	ator, actor, atriz, interveniente, agentes não estatais, intervenientes não governamentais, entidades não governamentais, atores-chave, principais agentes, atores fundamentais, intervenientes fundamentais

psychiatrist	

plain	simples, claro, liso, natural, claramente, totalmente, raso, absolutamente, planície, queixoso, requerente, autora, demandante, planícies, planície, texto simples, simples texto


uniform	uniforme, farda, homogêneo, comum, unificado, uniformizados, uniformizar
terrified	aterrorizado, apavorado, assustados

pet	animal de estimação, mascote, bichinho, bicho, acariciar algo/alguém, pequenos, mesquinho, fúteis, insignificantes

cleaned	limpo, higienizados, lavadas, limpo

threaten	ameaçar, intimidar, ameaçado, comprometido, ameaçador, perigosos, ameaçante, espécies ameaçadas de extinção
teaching	ensino, educação, docência, ensinamentos, docente, de formação, pedagógico, educacional, professor assistente, hospital universitário, hospital de ensino, hospital escolar, hospital-escola, ensinamentos, doutrina, ensinos, lições
mum	mamã, mamãe, caxumba, murmurar, murmurar algo, resmungar, múmia, mamãe, mamã
motion	movimento, moção, resolução, proposta, filme cinematográfico, movimentos, propostas, resoluções, amplitude de movimento, variedade de movimentos, arco de movimento, alcance de movimento


desert	deserto, desertar, abandonar, desértico, deserto, desertificada, vazia
collection	recolha, coleção, coleta, cobrança, recolha de dados, coleta de dados, levantamento de dados, colheita de dados, coleções, cobranças, acervos, recolhas, cobrança de impostos, arrecadação de impostos, recolhimento de tributos, cobrança fiscal

incident	incidente, acidente, acontecimento, fato, incidental, incidentais, adicionais, incidente
failure	falha, falhas, fracasso, insuficiência cardíaca, falência cardíaca, paragem cardíaca, falha cardíaca, falhas, fracassos, erros, insuficiência cardíaca congestiva, falência cardíaca congestiva
satisfied	satisfeito, contente, confiante, preenchido, clientes satisfeitos, consumidores satisfeitos, cliente satisfeito, consumidor satisfeito, clientes satisfeitos
imagination	imaginação, imaginário, fantasia, criatividade, imaginações, imaginação brilhante, imaginação fértil
hooked	viciado, engatados, enganchado, ligado, conectados
headache	dor de cabeça, cefaléia, cefaleia, dor de cabeça forte
forgetting	
counselor	conselheiro, conselheira, consultor, orientador, orientador escolar, orientador educacional, orientador escolar, orientador da escola, consultor de crédito

acted	atuado, agido, actuado, representada
opposite	oposto, contrário, inverso, oposto, contrário, opostas, diferente, lado oposto, extremo oposto, lado contrário, face oposta, sentido contrário, direção oposta, sentido oposto, sentido inverso, extremo oposto
highest	mais alto, máximo, mais elevadas, alta qualidade, mais alta qualidade, máxima qualidade, elevada qualidade, oferta mais elevada, proposta mais elevada, melhor oferta, maior lance, maior prioridade, máxima prioridade, mais alta prioridade, principal prioridade
gross	bruto, grave, grosso, grosseiro, nojento, negligência grave, negligência grosseira, grave negligência, culpa grave, lucro bruto, receita bruta
golden	de ouro, dourado, áureo, precioso, idade de ouro, era dourada, época de ouro, idade dourada, regra de ouro, regra áurea, regra básica, regra dourada, pára-quedas dourado
equipment	equipamento, material, instalações, aparelho, bens de equipamento, equipamentos essenciais, fabricante de equipamento de origem, equipamento auxiliar
badge	crachá, emblema, distintivo, insígnia, texugo, importunar, crachá, texugos
tennis	tênis, ténis, campo de ténis, quadra de tênis, tênis de mesa, ténis de mesa, cotovelo de tenista

visiting	visitante, professora convidada, professor visitante, endereço para visitantes

studio	estúdio, atelier, ateliê, estudioso, apartamento studio, estúdio de design, centro de desenho

frozen	congelado, bloqueada, ultracongelado, alimentos congelados, comida congelada, produtos congelados, solo congelado, piso congelado, chão congelado, activos congelados, bens congelados, ativos congelados
commissioner	comissário, comissário adjunto, alto comissariado, alta-comissária, comissário de polícia
sakes	

labor	
glory	glória, esplendor, ipoméia, ipomeia, coroa de glória, coroa gloriosa, glória de Deus
appropriate	apropriado, adequado, próprio, indicado, adequação, oportunidade, conveniência, pertinência, conforme apropriado, conforme o caso, como adequado, caso aplicável

trunk	tronco, artéria, caule, baú, troncos, baús, fato de banho, linha tronco
armed	armado, militares, militar, equipados, assalto à mão armada, roubo armado, forças armadas, conflitos bélicos
twisted	torcido, trançado, entrançado, entrelaçados, par trançado, par entrançado, par torcido, mente perversa, cabo torcido

received	recebido, obtido, acolhido, recepcionados, ordem recebida, encomenda recebida, juro recebido, juros obtidos, chamadas recebidas, ligações entrantes

costume	traje, fantasia, roupa, costureiro de fantasias
temporary	temporário, provisório, temporais, temporal, atribuição temporária, missão temporária, destacamento temporário, cargo temporário, trabalhador temporário, trabalhador avulso, pessoal temporário, empregados temporários
sixteen	dezesseis, ·dezasseis, décimo sexto
impressive	impressionante, impressionantes, imponente, imponentes, imponência, resultados impressionantes, resultados notáveis, desempenho impressionante
zone	zona, área, divisão, fuso horário, zona-tampão, zona de segurança, zona de proteção, zona neutra
kitty	gatinha, gatinho, fundo comum, bolo

junk	lixo, porcaria, tralha, junk food, comida de plástico, comida sem qualidade, lixo eletrônico, lixo postal, correio não solicitado, correio não desejado

grabbed	agarrado

unlike	diferente, distinto, caso improvável, improvável evento, evento improvável, improvável eventualidade, improbabilidade, inverossimilhança

mercy	misericórdia, mercê, piedade, compaixão, eutanásia, casa da misericórdia, ato de misericórdia
describe	descrever, relatar, caracterizar algo/alguém, retratar algo/alguém, descritos, apresentadas, exposto

priest	sacerdote, padre, sacerdócio, presbiterado, sacerdotal, sacerdotisa


cable	cabo, fio, telegrama, condutor, empanque do cabo, suporte para cabos, cabo de alimentação, cabo de energia, cabo eléctrico, cabo de ligação
owns	
affect	afetar, influenciar, prejudicar algo/alguém, determinar, afetado, influenciado, condicionado, atingidos, afeto, afeição, ternura, afetuoso, carinhoso, afetivos, afetiva

starving	faminto, esfomeado


happily	

deserved	merecido, condigna, justo, devida

leading	líder, principal, de liderança, primeiro, vanguarda, tecnologia de ponta, linha da frente, papel de liderança, papel importante, papel proeminente, papel de relevo, questões importantes, questões mais relevantes, principais perguntas
intelligence	inteligência, inteligência empresarial, inteligência de mercado, conhecimento do mercado, dados de mercado, inteligência do mercado, recolha de informações, coleta de informações
host	anfitrião, acolhimento, hospedeiro, apresentador, receber, sediar, acolher, hospedar, hospedados, hospedado, alojado, realizado, hospedagem, apresentadora
authority	autoridade, entidade, poder, autoridade reguladora, entidade reguladora, autoridade regulatória, autoridade de regulamentação, autoridade fiscal, autoridade tributária, entidade fiscal, autoridade emissora, autoridade de emissão, autoridade emitente, organismo emissor
surveillance	vigilância, vigilância por vídeo, sistema de vídeo-vigilância, sistema de vigilância por vídeo, vigilância da saúde, vigilância médica, controlo da saúde
cow	vaca, intimidar, vaqueira, carenagem, capuz, cobarde, covarde
commercial	comercial, comerciais, mercantil, económico, comercial, anúncio, propaganda, fatura comercial, factura comercial, papel comercial, título comercial, papéis comerciais, gerente comercial, representante comercial, gestor comercial



shadow	sombra, vulto, fantasma, observação, sombrio, obscura, sombreado, escuro, bastidores
questioning	questionamento, interrogação, interrogatório, questionador, interrogativo, interessada, técnicas de interrogação, interrogatórios, questionamento crítico
fund	fundo, fonte, financiamento, recursos, financiamentos, apoio, financeira, financiadoras, financiadora, fundamental, fundamentais, essencial, principal
dragged	arrastado, levados
barn	celeiro, estábulo, galpão, curral, craca, cracas, galinheiro
object	objecto, objeto, elemento, peça, objetar, contestar, desaprovar, objetivo, finalidade, meta, fim, objetivo, imparcial, concreta


amp	ampère
wrapped	envolvido, embrulhado, embalado, envoltos, embrulhado
wasted	desperdiçado, perdida, degradados, devastadas, tempo perdido, perda de tempo, tempo desperdiçado, energia desperdiçada, desperdício de espaço

tense	tenso, estendido, tempo, retesar, passado, pretérito perfeito, passado verbal, tempo verbal no passado, presente, tempo presente, presente do indicativo
sport	esporte, desporto, desportivo, esportiva, esportistas, desportivo, esportivo, brincalhão, artigos de desporto, vestuário desportivo, vestuário de desporto, roupa esportiva
route	rota, percurso, caminho, eixo, dirigir, mandar, encaminhar algo/alguém, roteador, encaminhador, fresa, encaminhado, direcionados, roteados, conduzido


plastic	plástico, plásticos, estético, plastificante, filme plástico, película aderente, embalagem de plástico, invólucro de plástico
hoped	

election	eleição, nomeação, votação, eleições intermediárias, eleitoreiros, eleitorais, eleitoralista, eleição geral
roommate	companheiro de quarto, colega de quarto
pierce	furar, perfurar, trespassar, trespassado, atravessado, picado, perfurado
mortal	mortal, mortais, letal, fatal
fascinating	fascinante, rica, deslumbrante, impressionante, livro fascinante, pergunta fascinante, fascinante história, história fascinante, relato fascinante
chosen	escolhido, selecionado, pretendida, metodologia escolhida, produtos selecionados, tópicos escolhidos

shown	mostrado, demonstrado, exibido, data indicada, confiança depositada
arranged	organizado, marcado, disposta, dispostos, casamento arranjado, casamento organizado, como previsto

abandoned	abandonado, desamparados, rejeitado, abolida, propriedade abandonada, mina abandonada, casa abandonada

delivered	entregue, fornecidos, fornecido, preço de custo, bens fornecidos, bens entregues, serviços prestados
china	porcelana, China

arrangements	acordos, disposições, providências, arranjos, tomar providências, planos de viagem, preparativos de viagem, providências de viagem, organização da viagem, disposições institucionais, arranjos institucionais, acordos institucionais, mecanismos institucionais
agenda	agenda, ordem do dia, trabalhos, ordem de trabalhos

hunting	caça, venatório, procura de emprego, pavilhão de caça, estalagem de caça, terreno de caça, território de caça

theater	teatro, cinema, auditório, palco, cinema, sala de cinema, teatro municipal, peça de teatro, peça teatral
series	série, séries, sucessão, sucessão, seriada, série de tempo, série cronológica, série histórica, série de casos, série de TV, série televisiva, seriado de TV, série de televisão, séries de TV
literally	
propose	propor, sugerir, proposto, prevista, oferecidos, proponente, transação proposta, operação prevista

honesty	honestidade, integridade, sinceridade
basketball	basquete, basquetebol, quadra de basquete, quadra de basquetebol, basquetebol em cadeira de rodas, jogadora de basquete, jogador de basquetebol
underneath	sob, ·debaixo de, ·embaixo de, abaixo
forces	forças, exército, energias, forças motrizes, forças propulsoras, forças motoras, unir forças, forças de cisalhamento, forças de corte
soldier	soldado, militar, soldado raso, meninos-soldados, soldado de brinquedo
services	serviços, prestações, serviços empresariais, serviços financeiros, serviços profissionais, serviços corporativos, serviços de assessoria, serviços de aconselhamento, serviços consultivos, prestação de serviços, fornecimento de serviços, provisão de serviços, prestação do serviço
sauce	molho, caldo, calda, caçarola, tacho, vasilha, pires, molho de soja
review	revisão, avaliação, relatório, revisar, rever, analisar, examinar, revisto, revisado, analisado, examinado, avaliação pelos pares, análise pelos pares, revisão por pares, revisão pelos pares, revisor, avaliador, crítico, verificador


lecture	palestra, conferência, repreender, professor, docente, conferencista, palestrante, palestras, conferências, ministrado

eighty	
brandy	aguardente, conhaque, cachaça, aguardente de cerejas, aguardente de ameixa



torn	rasgado, rasgados, arrancados, dividida
shocked	chocado, espantado, abalado, surpreendido
relief	alívio, ajuda, socorro, relevo, tutela de urgência, medida preventiva, válvula de alívio, válvula de descompressão, válvula limitadora de pressão, medida justa


horses	cavalos, equídeos, equinos, ferradura, cavalos de Tróia, caranguejo-ferradura
golf	golfe, jogar golfe, campo de golfe

explained	explicado, explanado, explicitada, exposto, variância explicada, variação explicada
counter	contador, balcão, guichê, numerador, combater, contrariar, contrapartida, contraparte, equivalente, homólogo, contrariar, neutralizar, falsificado, contrafeitos, falso, contrafeita, falsificação, contrafação, pirataria, moeda falsa, falsificar


design	design, concepção, projeto, desenho, projetar, desenhar, conceber, planejar, destinado, projetado, concebido, criador, estilista, desenhista
circle	círculo, roda, circuito, circunferência, circular, círculo interno, círculo interior, círculo mais restrito, círculo íntimo, circulado, círculo completo, volta completa, circunferência completa

transfer	transferência, transmissão, transporte, transferir, trocar, transferência bancária, transferência eletrônica, transferência electrónica

response	resposta, reação, resposta de emergência, intervenção de emergência, reação de emergência, resposta rápida, pronta resposta, resposta pronta, resposta imediata, taxa de resposta, índice de resposta, grau de resposta
channel	canal, via, canaleta, canais, vias, estações, canalizado, encanada, encaminhamento
backup	backup, cópia de segurança, apoio, reserva, auxiliar, auxiliares, backups, cópias
identity	identidade, identificação, roubo de identidade, usurpação de identidade, furto de identidade, usurpação da identidade, identidade, carteira de identidade, bilhete de identidade, documento de identidade, identidade corporativa, identidade empresarial, imagem corporativa

campus	campus, campus universitário, campus da universidade
spy	espião, espionar, espiar algo/alguém, espionagem, espionar, espionar alguém, espiar alguém, rede de espiões
ninety	
interests	interesses, participações, direitos, juros, interesses empresariais, interesses de negócio, interesses profissionais, participações não controladoras, interesses concorrentes, interesses em conflito, interesses competitivos, interesses conflitantes
guide	guia, condutor, manual, guiar, dirigir algo/alguém, conduzir, instruir, orientação, diretriz, guia, linha de orientação, guiado, orientado, norteado, pautado, guia do usuário, guia do utilizador, manual do usuário, manual do utilizador


deck	convés, baralho, tabuleiro, terraço, cobrir, cabina de pilotagem, cabine de pilotagem, convés de vôo, tabuleiro de ponte, andar superior, convés superior
biological	biológico, ciências biológicas, risco biológico, atividade biológica



minor	pequeno, pequenos, minoritário, reduzida, menor, minoria, menoridade, direitos das minorias
ease	facilidade, simplicidade, tranqüilidade, facilitar, aliviar, acalmar algo/alguém, atenuar, cavalete, tripé, armação, relaxada, à vontade, com tranquilidade, servidão, alívio
creep	pulha, rastejo, deslizamento, arrastar-se, assustador, bizarro, esquisito, horripilante, rasteira, crescente, longa, insidiosa, trepadeira, rastejador

waitress	garçonete, empregada de mesa


telephone	telefone, telefonar, ligar, número de telefone, central telefônica, lista telefónica, catálogo telefônico, lista telefônica, lista de telefones



ripped	rasgados
raising	levantamento, levedante químico, aumento de capital, captação de recursos, angariação de fundos, obtenção de fundos
scratch	arranhar, coçar, eliminar, apagar, risco, arranhão, rabisco, do zero, raspagem, arranhado, riscado, desgastada
rings	anéis, argolas, toques, anéis de cebola, anéis de pistão, anéis do pistão, anéis retentores
prints	impressões, estampas, cópias, gravuras, projeto, projecto
flower	flor, florescer, florir, floração, florescimento, florescência, florescentes, florido, rendado
wave	onda, vaga, ondulação, leva, acenar, ondular, tremular, comprimento de onda, longitude de onda, vacilar, hesitar, titubear, ondulado

arguing	
royal	real, régio, imperial, realengo, direitos, realeza, direitos de acesso, direitos autorais, carta real
laws	leis, legislação, legislações, normas, processo, ação judicial, ação legal, processo judicial, leis de segurança, cumprimento de leis, observância das leis
figures	valores, figuras, dados, números, números-chave, índices, factos e números, factos e valores, números de vendas, índices de vendas, valores das vendas



writer	escritor, escritora, autor, redator, bloqueio de escritor, redator técnico, escritor técnico, escritor contribuinte
reception	recepção, acolhimento, acolhida, receptividade, recepcionista, recepção, balcão de atendimento, balcão da recepção, recepção de casamento, festa de casamento
pin	pino, distintivo, alfinete, cavilha, colocar, alfinetar, depositar, pregar, pitada, beliscadura, aperto, beliscão, apertar, beliscar algo/alguém, beliscar alguém, localizar, apontar, identificar

gt	
diner	lanchonete, comensal, comensais
annoying	irritante, irritantes, desagradável, chato, abacaxi, problema irritante, problema chato


goal	objetivo, meta, gol, golo, meta final, meta última, meta principal, objetivo último, goleiro, goleira, goleiro
council	conselho, concílio, junta, câmara municipal, câmara municipal, conselho municipal, conselho da cidade, comité de empresa, conselheiro, vereador, conselheira, vereadora
mass	massa, missa, quantidade, eucaristia, maciço, enorme, massivo, grande
ability	capacidade, habilidade, competência, faculdade, capacidade de pagamento, capacidade comprovada, habilidade provada, habilidade comprovada, conhecimento do idioma, capacidade linguística, competência linguística
sergeant	sargento, brigadeiro, sargento, primeiro sargento

international	internacional, internacionais, externas, comércio internacional, comércio mundial, comércio internacional, negócio internacional, comércio exterior, assuntos internacionais, questões internacionais, assuntos externos, cena internacional


gig	show, concerto, risada, risadinha, risinho

blast	explosão, jateamento, jato, sopro, explodir, destruir, detonador, maldito, demolido, alto-forno
basic	básico, fundamental, de base, simples, fundamento, fundamentos, base, bases, educação básica, ensino básico, ensino fundamental, educação de base, dados básicos, dados de base, dados base
wing	asa, ala, asas, alas, bastidores, alado, parafuso de orelhas, parafuso de orelha
tradition	tradição, costume, tradicional, convencional, antigas, clássico, tradicionalista, curandeiro
towel	toalha, pano, toalha de papel, papel toalha, papel de cozinha, toalhete de papel, pano de prato, jogar a toalha, puxar a toalha


earned	ganho, auferido, obtidos, merecido, rendimento, rendimento do trabalho, rendimento auferido, rendimento ganho, rendimentos auferidos
clown	palhaço, palhaços, peixe-palhaço, bobo
rub	esfregar, friccionar, roçar, fricção, borracha, caucho, lixo, detrito, entulho, refugo

habit	hábito, costume, vício, traje, habitual, habituais, usual

creature	criatura, seres, seres vivos, seres viventes, criaturas vivas, criaturas viventes, criaturas semelhantes
counts	


snap	estalo, foto, instante, estalar, quebrar, tirar foto instantânea, rápida, instantâneo, precipitada, instantâneo, retrato, foto, fotografia, encaixados

react	reagir, responder, reação, resposta, reativo, reactivo, reagente, sensíveis, reatividade
prime	primeiro, principal, privilegiado, central, preparar, auge, juventude, apogeu, cartilha, manual, escorva, escorvador
paranoid	paranoico
pace	ritmo, velocidade, passo, andamento, marca-passo, ritmo acelerado, ritmo rápido, passo rápido, ritmo veloz, marcar o ritmo, decidir o ritmo


handling	manuseio, tratamento, manuseamento, processamento, manual, de manobra, taxa de manuseio, taxa de tratamento, taxa de operação, taxa de manuseamento, movimentação manual, tratamento manual, manuseamento manual, manuseio manual, manuseio de material, manipulação de material, manipulação de materiais, movimentação de materiais
eaten	
dahlia	dália
therapist	terapeuta, terapeuta da fala, terapeuta ocupacional
comment	comentário, observação, nota, comentar, observar, comentário, comentarista, comentador, comentados
charged	cobrado, carregado, pago, altamente carregado, emotivo, de grande carga emocional, valor cobrado
tax	fiscal, fiscais, tributário, tributárias, imposto, tributação, taxa, fiscalidade, taxar, tributar, sobrecarregar algo/alguém, esgotar, imposto sobre rendimento, imposto de renda, Imposto sobre rendimentos
sink	pia, lavatório, dissipador, tanque, afundar, cair, baixar, entrar, naufrágio, afundamento, submersão, dissipador de calor, dissipador térmico, sumidouro térmico, afundar-se em algo



priority	prioridade, preferência, primazia, prioritário, principal, principais, fundamentais, principal prioridade, máxima prioridade, alta prioridade, primeira prioridade, alta prioridade, grande prioridade, elevada prioridade, prioridade alta, primeira prioridade, principal prioridade, prioridade principal, prioridade absoluta


gain	ganhar, obter, conseguir, adquirir, ganho, benefício, vantagem, proveito, adquirido, conquistado, ganhado, obtido, ganhos, conquistas, vantagens, lucros, mais-valias, ganhos de capital
fed	alimentados, fornecido, introduzido, integrados, farto

warehouse	armazém, depósito, almoxarifado, empório, armazenamento de dados, entreposto, depósito alfandegado, armazém alfandegado, recinto alfandegado, administrador do depósito, gerenciador de armazém, encarregado do armazém

shy	tímido, acanhado, envergonhada, envergonhadas, espantar-se, timidez, acanhamento, timidamente, gato escaldado de água fria tem medo
pattern	padrão, modelo, comportamento, motivo, moldar, típico, padronizado, estampado, circuito de espera
loyalty	lealdade, fidelidade, dedicação, fidelidade do cliente, fidelidade dos clientes, fidelização do cliente, fidelidade de clientes, fidelidade à marca, lealdade à marca, programa de fidelização, programa de lealdade
inspector	inspetor, inspector, fiscal, inspecção, inspeção, inspector chefe

candle	vela, lamparina, círio, velas, castiçal, candeia, candelabro, candeeiro, luz da vela
pleasant	agradável, agradáveis, prazeroso, aprazível, simpatia, agradabilidade, estadia agradável, agradável estadia, boa estadia, excelente estadia, maneira agradável, forma prazerosa, forma agradável
media	meios de comunicação, mídia, comunicação social, mídia social, redes sociais, mediano, intermediário
excuses	desculpas, justificativas
duke	duque, ducado, duques
castle	castelo, torre, paço, castelo real, castelo de água, fazer castelos nas nuvens
threats	ameaças, riscos, perigos, ameaças à segurança, riscos de segurança, ameaças para a saúde, ameaças de saúde, ameaças sanitárias, ameaças de morte

permanent	permanente, permanentes, constante, contínuo
guessing	
financial	financeiro, econômica, pecuniárias, bancárias, demonstrações financeiras, demonstrações contábeis, relatórios financeiros, posição financeira, ficha financeira, relatório financeiro, demonstrativo financeiro, balanço financeiro, diretor financeiro, director financeiro
demand	demanda, procura, exigência, demandar, exigir, pedir, requerer, exigente, rigoroso, difíceis, complexo, sob demanda, mediante pedido

basket	cesto, cabaz, cesta, basquete, basquetebol, carrinho de compras, cesto de compras, cesta de compras, cabaz de compras, quadra de basquete, quadra de basquetebol
assault	agressão, assalto, ataque, atentado, assaltar, atacar algo/alguém, agressão sexual, abuso sexual, violência sexual, assédio sexual, agredido, atacado, agredidas, violentadas, furtos e roubos

tend	tender, cuidar, tratar, concurso, proposta, oferta, adjudicação, terno, suave, macio, tenro

motive	motivo, razão, causa, motivação, força motriz, força motivadora, energia motriz, segundas intenções, motivos posteriores, motivos ocultos, força motriz, força motora

unconscious	inconsciente, inconscientes, sem sentidos, desacordado, inconsciência, mente inconsciente, inconsciente coletivo
trained	treinado, capacitados, formado, capacitado, totalmente treinado, pessoal treinado, equipe treinada, profissionais formados, profissionais qualificados


museum	museu, museológico, conservador de museu, museu de arte, museu de ciências

alley	beco, viela, ruela, ruazinha, ruela, beco, vielas, becos, ruelas, ruazinhas, boliche, pista de boliche
tracks	pistas, faixas, trilhos, músicas, agasalho esportivo, fato de treino para desporto, trilhos do trem, vias férreas, linhas ferroviárias, trilhos de trem, trilhos do trem
swimming	natação, nado, fato de banho, nado sincronizado, natação sincronizada, óculos de natação
range	gama, variedade, faixa, variar, oscilar, percorrer, ampla gama, vasta gama, ampla variedade, amplo leque, guarda-florestal, guardião
nap	cochilo, soneca, cochilada, cochilar, guardanapo, nuca, fralda
mysterious	misterioso, inexplicável, obscuro, acontecimento misterioso
unhappy	infeliz, infelizes, descontentes, descontente, casamento infeliz, situação infeliz
tone	tom, tonalidade, som, sinal sonoro, harmonizar, toner, tinta
switched	comutado, chaveada, alternado, acionado, desligado, apagada, desativado, ligado, acionada, conectado


liberty	liberdade, privação de liberdade, liberdade individual, liberdade civil
bang	explosão, estrondo, pancada, bater, franjas, franja, estrondos, estrondo
award	prêmio, adjudicação, concessão, prémio, premiar, conceder, conferir, adjudicar, concedidos, distinguido, oferecidos, galardoado, adjudicantes, adjudicador

neighbor	vizinho, próximo, semelhante, proximidades, redondezas, quarteirão, vizinhos, vizinho, limítrofe
loaded	carregado, colocado, cheio, embarcadas, introduzidas, arma carregada
gut	intestino, estômago, tripa, tubo digestivo, caleira, calha, sarjeta, coragem, entranhas, vísceras, tripas, garra, eviscerado, limpo

childhood	infância, meninice, infantil, primeira infância, infância precoce, mais tenra idade, amigo de infância, casa de infância
causing	causadora, causal

sample	exemplo, mostra, prova, exemplar, experimentar, provar, amostras, amostra, exemplares, amostragens, amostrados, amostradas, colhidas, provado, amostra
piss	mijo, mijar, bravo, bêbado, chateado, bravo, Cai fora!

balance	balanço, saldo, equilíbrio, conta, equilibrar, pesar, contrabalançar, nivelar, balanço, equilibrado, balanceada, de equilíbrio, compensado
background	fundo, histórico, contexto, antecedentes, informação de base, informações básicas, informações de base, informação de suporte, inquérito pessoal, verificação de antecedentes, checagem de antecedentes, verificação dos perfis, formação, formação acadêmica, formação educacional, antecedentes educacionais
toss	lançar, atirar, lance, arremesso, atirado
mob	multidão, turba, ralé, atacar, amotinar, móvel, móveis, portáteis, portátil, celular, telemóvel
misery	miséria, sofrimento, desgraça, infelicidade, retrato de miséria
central	central, centrais, principal, importante
boots	botas, sapatos de segurança, botinas de segurança, botas de borracha, chuteiras, calçado de futebol

thief	ladrão, bandido, assaltante, ladra, ladrão de carro, ladrão de carros, ladrão de automóveis, mestre ladrão, ladrão de cavalos
squeeze	aperto, compressão, apertar, espremer, comprimir, abraçar, espremido, comprimidos, reduzida, prensada, espremedor, contracção do crédito, aperto do crédito, declínio do crédito
potter	oleiro, ceramista, cerâmica, olaria, oleiros, olarias
lobby	vestíbulo, saguão, salão, átrio, pressionar, tentar influenciar, lobista, entrada do hotel, vestíbulo do hotel, átrio do hotel, lobby principal, saguão principal



exercise	exercício, prática, exercer, exercitar, aplicar, exercícios, manobras, exercido, exercida, exercidos, exercitados, executadas, executado, desempenhadas, cauteloso, preço de exercício
ego	ego
drama	drama, teatro, dramaturgia, dramático, contundente, grave, drástica

patience	perseverança, paciência de Jó, prova de paciência
noble	nobre, nobres, ilustre, honesto, nobre, fidalgo, nobres, nobreza



forth	adiante, apresentar, próximo, próxima, futuras, futura, para frente e para trás
facing	virado, voltados, faceada, revestimento, adorno, ferramenta de facetamento
engine	motor, mecanismo, máquina, locomotiva, engenharia, manobra, engenheiro, engenheira, coordenador, maquinista, construir, projetar, projetada, projetado, desenvolvido, projetados
booked	reservado, registada, marcado, registados, totalmente reservado, completamente lotado, reservado
boo	vaia, vaiar algo/alguém, aumentar, estimular, fomentar, incentivar, impulso, aumento, estímulo, incentivo, livro, obra, manual, reservar

songs	canções, músicas, canções populares, canções de amor, músicas românticas, músicas pop

poker	pôquer, cara de blefe
eighteen	dezoito, décimo oitavo
d'you	
cookie	cookie, bolacha, biscoito, cortador de biscoitos, biscoito da sorte
bury	sepultar, enterrar o machado de guerra
perform	realizar, executar, fazer, funcionar, desempenho, performance, rendimento, atuação, realizado, executados, executado, feito

everyday	cotidiano, quotidiano, diário, quotidianas, quotidiano, vida diária, vida quotidiana, cotidiano, vida quotidiana, vida cotidiana, uso diário, uso quotidiano, utilização diária, utilização quotidiana
digging	escavação, escavação, escavação, escavações

creepy	assustador, bizarro, esquisito, horripilante, animais rastejantes e estranhos
compared	comparada, relacionados, equiparados, confrontados, comparado com, comparada com, comparado com, em comparação com, ·em relação a

trail	trilha, pista, caminho, rastro, rastrear, seguir a pista de algo/alguém, ficar para trás, arrastar, reboque, trailer, atrelado, pista de auditoria, trilha de auditoria, pista de controlo, registro de auditoria
saint	santo, santo, padroeiro, santo padroeiro, santo patrono, santa padroeira, santidade
rotten	podre, podres, apodrecido, deterioradas, ovo podre, podridão, apodrecimento, corrupção, comida estragada
liver	fígado, doença hepática, doença do fígado, fígado gorduroso, fígado gordo, insuficiência hepática, falência hepática
hmmm	
drawn	desenhada, desenhadas, elaborados, sorteado, elaborado, redigido, elaboradas, estabelecido, conclusões retiradas, conclusões tiradas, peças desenhadas
device	dispositivo, aparelho, equipamento, mecanismo, número do dispositivo, dispositivos médicos, instrumentos médicos, equipamentos médicos, dispositivos medicinais, dispositivo móvel, celular, aparelho móvel, aparelho celular
whore	prostituta, rameira, puta, meretriz, piranha, vadia, puteiro, prostituição, devasso

magical	mágico, momento mágico, mundo mágico

village	aldeia, vila, povoado, povoação, rural, aldeãs, habitantes, aldeões, aldeãos, moradores, aldeão, vila piscatória, vila de pescadores, aldeia piscatória, vilarejo de pescadores
march	marcha, caminhada, manifestação, marchar, desfilar, março, fanfarra
journey	viagem, jornada, caminho, percurso, viajar, artífice, viagem de ida
fits	ajustes, convulsões
discussed	discutido, debatido, debatidas, tratados, temas abordados, pontos discutidos, temas debatidos, tópicos discutidos, tópicos debatidos
zombie	zumbi
supply	fornecimento, abastecimento, fonte, oferta, fornecer, suprir, abastecer, prover, cadeia de fornecimento, cadeia de suprimento, cadeia de suprimentos, cadeia de fornecedores, fonte de energia, fonte de alimentação, fornecimento de energia, alimentação eléctrica, abastecimento de água, fornecimento de água, suprimento de água, distribuição de água
moral	morais, ético, lição, moral, motivação, ânimo
helpful	útil, prestativo, conveniente, relevantes, ajuda, auxílio, utilidade, solicitude, dicas úteis, conselhos úteis, dicas úteis, sugestões úteis
attached	anexo, anexado, em anexo, arquivo anexado, arquivo anexo, ficheiro em anexo, ficheiro anexado, documento anexo, documento anexado, documento em anexo, documento em anexo

slut	vadia, meretriz, puta, vagabunda, vagabundas
searching	intensa, penetrante, inquisitivo, procura de emprego
flew	
depressed	deprimido, reduzido, fraca, pobres, humor depressivo, território deprimido, zona deprimida, região deprimida, zona desfavorecida, zonas deprimidas, áreas deprimidas

aisle	corredor, nave, assento no corredor, corredor estreito, corredor central
underground	metro, metrô, metropolitano, subterrâneo, enterrado, clandestino, clandestinamente, mineração subterrânea, extracção subterrânea, extração subterrânea, economia subterrânea, economia paralela, economia clandestina, passar à clandestinidade
pro	profissional, a favor, a favor de, fornecer, proporcionar, dar, estabelecer, aquisição, compra, adjudicação, suprimento

daughters	filhas, noras, filhas do rei

amen	amém, alteração, emenda, revisão, modificação, emendar, corrigir, retificar, amenidades, comodidades, cortesias

proposal	proposta, pedido, pedido de proposta, solicitação de proposta, anúncio de concurso, rascunho de proposta
pit	poço, fosso, cova, fossa, opor, descaroçar, campo, passo, inclinação, breu, jogar, assentar, plantar, montar, pena, piedade, compaixão, lástima
neighbors	vizinhos
darn	cerzir, maldito, agulha de cerzir, joio
clay	argila, barro, saibro, cerâmico, argilas, barros, argiloso, massa de modelagem, massa para modelar
cents	cêntimos, centavos de euro
arrange	organizar, arranjar, dispor, arrumar, acordo, arranjo, disposição, mecanismo, acordos, disposições, providências, arranjos, organizado, marcado, disposta, dispostos
annulment	anulação, nulidade, revogação, rescisão, ação anulatória, recurso de anulação, pedido de anulação, anulações
uses	usos, utilizações, fins, empregos, uso múltiplo, usos possíveis, utilizações possíveis, possíveis usos, possibilidades de utilização, possibilidades de uso
useless	inútil, inúteis, imprestável, desnecessária, inutilidade, material inútil
squad	esquadrão, pelotão, plantel, seleção, pelotão de fuzilamento, pelotão de execução, esquadrão, esquadra, brigada móvel
represent	representar algo/alguém, constituir, descrever, mostrar, representante, representativo, representada, significativas, representação, agente, mandatário, substituto
product	produto, produção, resultado, produção, produto, fabricação, fabrico, gama de produtos, gama de produto, linha de produtos, linha de produto, responsabilidade pelo produto, responsabilidade pelos produtos
joined	unidos, unidas, unido, juntos, processos apensos, mãos juntas, reflexão conjunta, pensamento conjunto, pensamento integrado, ponderação em conjunto
afterwards	depois, posteriormente, mais tarde
adventure	aventura, aventureiro, aventureiro, turismo de aventura
resist	resistir, combater, enfrentar
protected	protegido, seguro, tutelado, tutelados, áreas protegidas, zonas protegidas, unidades de conservação, espaços protegidos, área protegida, zona protegida, lugar protegido, marca protegida
net	líquido, concreto, rede, malha, filó, enredar, rede, interligar, reticular

fourteen	catorze, ·quatorze, décimo-quarto
celebrating	celebrante

piano	piano, piano de cauda, corda de piano
inch	polegada, polegadas
flag	bandeira, estandarte, bandeirola, referência, sinalizar, estandarte, porta-estandarte
debt	dívida, débito, endividamento, défice, devedor, devedora, insolvência, dívida líquida, endividamento líquido
darkness	escuridão, trevas, obscuridade, coração das trevas, completa escuridão, escuridão completa, escuridão total
violent	violento, intenso, brutal, embrutecida
tag	etiqueta, marca, identificador, rótulo, etiquetar, etiquetar algo, marcar algo, marcado, etiquetado, etiquetadas, rotulados, slogan, mote, marcação, identificação, etiquetagem
sand	areia, areal, arenito, grés, sandálias, sanduíche
gum	goma, gengiva, chiclete, gengival, gomoso, chiclete, gengivite, doença das gengivas, doenças gengivais, doença periodontal
dammit	

strip	tira, faixa, pista, lâmina, remoção, descortiçamento, descascamento, desforma, despojado, despido, arrancada, removidos, listrado, rajada, estriado

hip	quadril, anca, badalados
celebration	celebração, festa, comemoração, cerimônia, festa de aniversário, comemoração de aniversário, celebração do aniversário, comemoração do aniversário, celebração de jubileu, festa de família, festa familiar, celebração familiar
below	abaixo, abaixo de, ·sob, ·embaixo de, abaixo, em baixo, abaixo da paridade, abaixo do valor real, abaixo do nível do solo, embaixo do solo
reminded	relembrados, recordado, relembrado
palace	palácio, palácio presidencial, palácio do prazer, paço ducal
claims	reivindicações, créditos, pedidos, reclamações, reclamações de garantia, pedidos de indemnização, reclamações de responsabilidade, reivindicações de responsabilidade, regularização dos sinistros, resolução dos sinistros, pagamento das compensações

replace	trocar, repor, devolver, substituição, reposição, substituto, troca, substituído, reposto, substituíveis, mudados, substituível, substituíveis

paperwork	papelada, documentação, burocracia, documentos, documentação necessária, papelada necessária, burocracia necessária, documentação solicitada
mighty	poderoso, forte, impetuoso, gigantesco, forte rio, poderoso rio, vento forte



typical	típico, característico, normal, próprios, dia típico, dia comum, dia normal, aplicações típicas, valores típicos
stubborn	teimoso, obstinado, resistente, persistentes, teimosia, obstinação, manchas difíceis, manchas persistentes, nódoas difíceis
stable	estável, estáveis, seguro, sustentável, estábulo, cavalariça, curral, cocheira, união estável, abastecimento estável, fornecimento estável, suprimento estável, aprovisionamento estável, estábulo de cavalos, estábulo para cavalos

pound	libra, libra esterlina, bater, encurralar, pilar, palpitante, esmagado, libra esterlina
pillow	travesseiro, almofada, descanso, fronha, mancal, travesseiro de penas
papa	mamão, papaia
mature	maduro, adulto, amadurecido, curado, amadurecer, vencer, amadurecido, maturado, envelhecido, maduro, mercado maduro, mercado consolidado, produto maduro, produto consolidado
lap	volta, colo, regaço, dobra, laptop, portátil, computador portátil, lapso, caducar, prescrever, errar, escoar
designed	destinado, projetado, concebido, intencionalmente, capacidade prevista
current	atual, corrente, atuais, presente, corrente, correnteza, activos correntes, ativo circulante, ativos correntes, conta atual, passivos correntes

bum	vagabundo, malandro, parasita, traseiro, ordinário, bater, sacolejar, chocar-se, colisão, galo, pancada, impacto, pára-choques, para-choque, amortecedor
tension	tensão, tensor, tensionadas, tensionado, esticados, tenso
tank	tanque, reservatório, depósito, aquário, grupo de reflexão, laboratório de ideias, grupo de pesquisa, banco de idéias, petroleiro, tanque, navio-tanque, navio-cisterna, navios-tanque
suffered	sofrido, sofridas, causados, ocorrida, prejuízos sofridos, danos sofridos
stroke	curso, derrame, AVC, volume sistólico, comprimento da pincelada, derrame isquêmico, acidente vascular isquêmico
steady	estável, constante, contínuo, regular, firmar algo/alguém, estabilizar algo/alguém, estado estacionário, estado estável, estado constante, estado de equilíbrio, fluxo constante, fluxo estável, fluxo contínuo, jorro constante, progresso firme, avanço firme
provide	fornecer, proporcionar, dar, estabelecer, fornecida, prestado, previsto, proporcionado, desde que, ·contanto que
overnight	de pernoite, durante a noite, pernoite, pernoita, entrega noturna, estadas de noite, noites de estadia
meanwhile	entretanto

beef	carne, carne bovina, carne de vaca, carne de conserva, conserva de carne, carne de vaca em latas, rosbife, carne assada, carnudo
wins	vitórias, triunfos, progressos rápidos, cativante, atraente

carol	hino de natal, cântico de Natal, conto de Natal, canções, carolíngio, carolíngio

salt	sal, salgado, salino, salgar, salgado, salobra


express	expressar, exprimir, manifestar, indicar, expresso, rápido, explícito, urgentes, expressa, expressos, expressada, expressado
collect	recolher, coletar, reunir, cobrar, colete, recolha, coleção, coleta, cobrança, coletado, recolhido, obtidos, colhidos, recolha de dados, coleta de dados, levantamento de dados, colheita de dados


tragedy	tragédia, drama, catástrofe, desastre
therefore	portanto, então, consequentemente, logo, por essa razão
spoil	estragar algo/alguém, mimar, danificar, arruinar, espólio, saque, estragado, mimado, danificadas, espoliador, saqueador, deterioração, desperdício, estrago

realm	domínio, reino, campo, universo, domínio público, esfera pública, reino espiritual, âmbito espiritual, esfera espiritual, domínio espiritual
profile	perfil, imagem, contorno, perfilar, contornar algo/alguém, comportamento pouco chamativo, alto perfil, perfil alto, posição de relevo, perfil destacado, perfilado, descrito

wipe	limpar, enxugar, toalhete, esfregadela, exterminar, limpador, limpador de para-brisa, limpador de pára-brisa, limpo

surgeon	cirurgião, cirurgiã, cirurgiões, cirurgião cardíaco, cirurgião dentista
stretch	trecho, extensão, elasticidade, faixa, esticar, espreguiçar-se, alongamento, dilatação, esticado, estirado, estirada, maca, esticador
stepped	escalonado, pisado, gradual, reforçados
nephew	sobrinho, sobrinhos
neat	puro, limpo, limpa, simples, puramente, limpeza, asseio, aparência limpa, aparência pura, aspecto limpo, caligrafia clara
limo	limusine, limusine, limusina
fox	raposa, atraente, dedaleira, raposas
confident	confiante, confiantes, seguro, convicto, confidencialidade, sigilo, confidência, segredo, confidenciais, confidencial, pessoal, sigiloso

victory	vitória, triunfo, conquista, vitória esmagadora, discurso de vitória, vitória final, vitória definitiva, vitória última
perspective	perspectiva, visão, ponto de vista, olhar, nova perspectiva, perspectiva recente, perspectiva inovadora, novos olhos, perspectiva de negócio, perspectiva de negócios, perspectiva empresarial, perspectiva das empresas, perspectiva ampla, perspectiva alargada, ampla perspectiva, perspectiva global
designer	criador, estilista, desenhista, estilista, designer de moda, costureiro, figurinista
climb	subir, escalar, trepar, aumentar, subida, escalada, escalado, alpinista, escalador, montanhista, trepadeira, escalar

title	título, designação, tema, escritura, cargo, profissão, título de emprego, designação profissional, intitulado, chamado, tituladas, página de rosto, frontispício
suggested	sugerido, propostas, proposto, oferecidos, utilização sugerida, uso sugerido, melhorias sugeridas, melhoramentos propostos, procedimento proposto, procedimento sugerido
punishment	punição, castigo, repressão, sanção, pena capital, pena de morte, castigo físico, castigo corporal, punição corporal, punições, punição, penas, penalidades
finest	mais finos, maior marco, mais fina qualidade, melhores ingredientes, mais requintados ingredientes



occurred	ocorrido, acontecido, produzido, verificada
hint	dica, toque, sugestão, pitada, dicas, sugestões, pistas, interior, sertão, dicas úteis, conselhos úteis
furniture	mobiliário, móveis, mobília, lustra-móveis, lustrador de móveis, mobiliário de escritório, mobília de escritório, móveis de escritório, móvel, peça de mobiliário, peça de mobília
blanket	cobertor, manta, camada, manto, geral, global, generalizado, unívoca, proibição total, proibição geral, interdição geral, cobertor elétrico, manta térmica
twist	torção, toque, giro, reviravolta, torcer, distorcer, torcer algo, deturpar, torcido, trançado, entrançado, entrelaçados, entrelaçamento, ciclone
trigger	disparador, desencadeamento, estímulo, gatilho, causar, desencadeado, impulsionada, causados, lançado, acionamento, desencadeamento, gerador, desencadeantes, acionadora, desencadeador
surrounded	cercado, rodeado, envolto, circundado
surface	superfície, pavimento, piso, superficial, terrestres, revestir, vir à tona, água de superfície, superfícies
proceed	prosseguir, proceder, avançar, seguir, proveitos, rendimentos, receita, lucros, processos, processo, procedimentos, trâmites, provenientes
lip	lábio, rebordo, labelo, retentor, bálsamo labial, protetor labial, batom, anel de retenção, anel de vedação
jersey	camisola, camiseta, Jersey
fries	batatas fritas, batatas fritas, frísio
worries	preocupações, inquietações, preocupações diárias
refused	recusado, negada, rejeitado, rejeitadas
niece	sobrinha, sobrinhas
handy	útil, prático, à mão, acessível, faz-tudo, dicas úteis, conselhos úteis

soap	sabão, sabonete, novela, novela, telenovela, seriado, sabão neutro, sabão suave, detergente suave, sabonete neutro, saponária
signature	assinatura, fac-símile da assinatura, espécime da assinatura, exemplar da assinatura, assinaturas, assinatura autorizada
disappoint	decepcionar, desapontar, frustrar, desapontado, decepcionado, desiludido, contrariadas, decepção, desapontamento, desilusão, decepcionante, desanimador, frustrante, lamentável
crawl	rastejar, engatinhar, rastejamento, rastejante, rastejador, espaço para rastejar
convicted	condenado
zoo	zoo, jardim zoológico, zoom, aumentar, zumbir
result	resultado, produto, efeito, fruto, resultar, como resultado

lit	iluminado, aceso, acendido, pouco, pequeno, baixo, reduzido, ninhada, lixo, maca, detritos, sujar, litígio, contencioso, litigância
flip	sacudidela, ficar bravo, irreverente, invertida, folheadas, pé-de-pato, barbatana
counsel	conselho, aconselhamento, advogado, consultor, aconselhar, aconselhamento, assessoria, conselheiro, conselheira, consultor, conselheiro geral
cheers	aplausos, Saúde!
doubts	dúvidas, incertezas, sérias dúvidas, dúvidas legais

accusing	acusadora

shaking	agitação, tremor, sacudida, sacudidela, trêmula, vibratório, mesa vibratória
remembering	
phase	fase, período, estágio, etapa, eliminar, suprimir, terminar, suprimida, retirado, faseado, por fases, por etapas, sincronizada
kit	kit, estojo, equipamento, pipa, papagaio, milhano, gatinho, gatinha, filhote de gato
hallway	corredor, entrada, hall, saguão, hall de entrada
halfway	a meio caminho, casa de passagem, a meio de
bothered	incomodado, perturbadas, preocupado, aborrecido
useful	útil, úteis, prático, importante, utilidade, pertinência, vida útil, ciclo de vida, links úteis, ligações úteis

popcorn	pipoca
makeup	maquiagem
madam	senhora


gather	reunir, recolher, colher, agrupar, recolha, encontro, reunião, coleta, aglutinador, recolhidos, coletadas, reunido, recolhido, reuniões, concentrações, aglomerações
cowboy	caubói, vaqueiro, chapéu de cowboy
concerns	preocupações, problemas, dúvidas, questões, preocupações de segurança, dúvidas ou preocupações, preocupações de saúde, preocupações no domínio da saúde


blackmail	chantagem, chantagear, chantagem, chantagista, chantageados, chantageado

symptoms	sintomas, sintomas de abstinência, sintomas de desabituação, sintomas de retrocesso, sintomas ligeiros, sinais e sintomas
rope	corda, cabo, cordão, pular corda, teleférico, cabos de aço

ordinary	comuns, ordinário, normal, normais, ações ordinárias, pessoas comuns, cidadãos comuns, pessoas simples, pessoas normais, decurso normal, curso ordinário, curso normal, curso regular
imagined	imaginado, imaginário, pensado
concept	conceito, concepção, ideia, noção, concepção, conceito, projeto, conceptual, conceitual, conceituais, conceptuais
cigarette	cigarro, tabaco, consumo de cigarros, isqueiro, acendedor de cigarros, toco de cigarro, ponta do cigarro, ponta de cigarro
barb	barbela, farpa, churrasco, churrascada, grelhador, barbeiro, cabeleireiro
supportive	de apoio, de suporte, favorável, acolhedor, ambiente de apoio, ambiente favorável, ambiente acolhedor, clima de incentivo, terapia de suporte, estrutura de apoio
memorial	memorial, homenagem, monumento, celebração, Dia de Memória

explosion	explosão, detonação, eclosão, proteção contra explosão, proteção contra explosões, risco de explosão, perigo de explosão, explosão de vapor



woo	atrair, cortejar, madeira, lenha, mata, madeiras, lã, de madeira, madeireiros
trauma	trauma, traumatismo



furious	furioso, indignado, encarniçada, acalorado, ficar furioso
cheat	enganar, trapacear, ludibriar, trair, fraude, fraude, trapaça, batota, engano, enganado, defraudado, batoteiro, trapaceiro, enganador, safada
avoiding	

thick	espesso, grosso, denso, espessura, densidade, grossura, espessamento, engrossamento, adensamento, espessante, espessante
oooh	
boarding	embarque, cartão de embarque, bilhete de embarque, internato, colégio interno, pensão
approve	aprovar, confirmar, autorizar, aprovado, homologada, autorizador, aprovar
urgent	urgente, urgentes, premente, imperioso, necessidade urgente, urgente necessidade, premente necessidade, necessidade premente
shhh	
misunderstanding	mal-entendido, incompreensão, desentendimento, equívoco, confusões, pequeno mal-entendido
minister	ministro, ministra, pastor, primeiro-ministro, primeira ministra, ministerial, pastorais

drawer	gaveta, desenhista, gavetas, cómoda, gaveta do dinheiro
sin	pecado, pecar, desde, ·desde então, pois, ·já que, ·visto que, pia, lavatório, dissipador, tanque, afundar, cair, baixar, entrar

joining	união, junção, mistura, tecnologia de ligação, processo de solda, processo de junção, taxa de entrada, taxa de adesão
jam	doce, geléia, compota, atolamento, esmagar, bloquear, obstruir, preso, encravado, bloqueado, interferência, obstrução, congestionamento, engarrafamento, congestionamento de trânsito, engarrafamento de trânsito
interfere	interferir, intervir, interferência, ingerência, intervenção, intromissão, interferência radioeléctrica, interferido, perturbados
governor	governador, prefeito, governadora, regulador, junta de governantes, Conselho de Governadores, assembléia de governadores, Conselho dos Governadores, regulador de velocidade

chapter	capítulo, secção, vertente, comitê local, capítulo de livro, capítulo final
catching	cativante, contagioso, convergência, processo de convergência
bargain	negócio, acordo, pechincha, barganha, negociar, pechinchar, regatear, regateio, negociata, negociação coletiva, negociação colectiva, negociações coletivas, pechinchas, barganhas

tragic	trágico, terríveis, dramáticas, nefastas, tragicómicas
schools	escolas, colégios, escola secundária, escolas de pensamento, pós-graduação
respond	responder, reagir, entrevistado, inquirido, questionado, parte demandada, demandado, respondente
punish	punir, castigar, punição, castigo, repressão, sanção, pena capital, pena de morte, punido, punidos, castigados, penalizados
penthouse	cobertura, cobertura, apartamento de cobertura
hop	lúpulo, pulo, salto, besteira, pular, pular num pé só, esperança, expectativa, esperar, funil, tremonha, vasilha
angle	ângulo, perspectiva, lado, prisma, angular, angulares, inclinadas, inclinada, ângulo reto, ângulo correto, ângulo certo, afiadora angular
thou	tu, embora, ·apesar de, no entanto, ·todavia, pensamento, reflexão, ideia, pensado, consideradas, considerada, imaginado, apesar de
sherry	xerez, vinagre de xerez
remains	ruínas, restos, vestígios, restos mortais, restos humanos, resíduos humanos, vestígios arqueológicos, restos mortais

ohhh	
insult	insulto, ofensa, afronta, injúria, insultar algo/alguém, ofender algo/alguém, insultuoso, insultante, ofensivo, injurioso, injúrias



begged	
absolute	absoluto, total, toda, plena, valor absoluto, absolutamente necessária, verdadeiramente essencial, urgentemente necessário, mínimo absoluto, mínimo necessário, mínimo indispensável, mínimo dos mínimos



senses	juízo, razão, bom senso, cinco sentidos, dois sentidos, perder o juízo, perder a razão

ups	altos, subidas, perturbar, incomodar, estragar, indispor, chateado, preocupada, consternado, perturbado, transtorno, abalo, rio acima



worthy	digno, dignos, merecedor, válido, causa digna, causa justa, boa causa, causa nobre, objetivo digno, meta digna, objetivo valioso, digno sucessor, sucessor digno

serving	destinadas, porção, dose, porção (comida), porções, quantidade da porção, publicidade em linha
reward	prêmio, retribuição, remuneração, gratificante, recompensador, gratificantes, enriquecedora, recompensas, prémios, recompensados, premiados, premiado, recompensada
polite	educado, cortês, polido, delicado, educação, cortesia, delicadeza, gentileza

tale	conto, história, relato, lenda, talento, habilidade, vocação, talentoso, capacitada, dotado, banco de talentos, reserva de talentos

instructions	instruções, manual, manuais, recomendações, manual de instruções, instruções de operação, instruções de funcionamento, instruções de utilização, instruções de uso, instruções de utilização, instruções para utilização, instruções de manutenção, instruções para cuidar

blows	golpes, sopros, pancadas, socos, entrar em conflito
tabby	malhado
internal	interno, interior, próprios, intrínseco, Receita Federal, Serviço de Arrecadação, assuntos internos, questões internas, política interna
bitter	amargo, amargurado, indesejável, feroz, amargor, amargura, amargor, ressentimento, rancor, agridoce, frio cruel
adorable	adorável, adoráveis, encantador, dócil
y'all	
tested	testado, ensaiados, experimentados, ensaiadas, testado e comprovado, qualidade comprovada, qualidade verificada, produto testado
suggestion	sugestão, proposta, indicação, quaisquer sugestões, sugestões de melhoria, sugestões para melhorias, sugestões de melhoramento, sugestões de aperfeiçoamento, caixa de sugestão, caixa de sugestões
string	corda, série, barbante, conjunto, rigoroso, exigentes, severas, severo, fibroso, filiforme, linha de perfuração
mouse	mouse, rato, camundongo, tapete de rato, tapete de PC, roda do rato
marks	marcas, notas, manchas, aspas, artilheiro, atirador, pontaria
jewelry	jóias, bijuteria, caixa de jóias, porta-jóias, joalheria
debate	debate, questão, discussão, reflexão, debater, discutir, deliberar, considerar, debatedor, orador
com	conformidade, cumprimento, observância, adequação, compromisso, empenho, empenhamento, esforço
alike	igual, semelhante, parecido, similar, igualmente
pitch	campo, passo, inclinação, breu, jogar, assentar, plantar, montar, arremessador, lançador, jarro, cântaro, arremessos, alturas, lances, gramados


fax	telefax, fac-símile
distracted	distraído, desviada, desviadas
shelter	abrigo, albergue, alojamento, refúgio, abrigar, proteger, refugiar-se, esconder, protegido, abrigado, coberto, acolhido, abrigo de imposto, abrigo para animais, abrigo de animais
lovers	amantes, apreciadores, apaixonados, namorados, apaixonados por animais, apreciadores de arte, apreciadores de vinho

hart	veado, cervos
goose	ganso, groselha, pescoço de ganso, groselhas
foreign	estrangeiro, externo, exterior, internacional, divisas, moeda estrangeira, mercado cambial, divisas estrangeiras, estrangeiro, estrangeira, relações exteriores, assuntos externos, relações externas
escort	escolta, acompanhante, escoltar, acompanhar, escoltado, acompanhadas, escoltadas, serviço de acompanhantes, escolta policial
average	média, médio, normal, mediano, normais, em média, média ponderada, pessoa comum, indivíduo comum, homem comum, cidadão médio
twin	duplo, idênticos, paralelos, indissociáveis, gêmeo, parceiro, fio, barbante, gêmeos, gémeos, cintilar
testing	teste, ensaio, experimentação, experimental, laboratoriais, difícil, experimentais, teste de esforço, teste de estresse, teste de drogas, testes extensivos, testes exaustivos, teste aprofundado


constable	condestável, policial, guarda-principal
circus	circo, circos, tenda de circo, circo ambulante

audition	audição, ensaio, teste
tune	música, melodia, canção, tom, sintonizar, afinar, ajustar, regular, atento, afinado, adaptado, ligado, sintonizar, afinar

mud	lama, barro, lodo, turva, lamacento, enlameado
mask	máscara, mascarar, ocultar, encobrir, esconder, fita adesiva, encobrimento, ocultação, mascarado, ocultados, disfarçado, dissimulada
helpless	desamparado, indefeso, impotente, impotência, desamparo, desespero, subsídio de dependência
feeding	alimentação, pastagem, alimentadores, tubo de alimentação, tubo alimentador, alimentação por sonda, sistema de alimentação, dispositivo de alimentação, forma de alimentação

dated	datado, ultrapassada, envelhecido

robbery	roubo, assalto à mão armada, roubo armado, assalto a banco, roubo de bancos, roubo à luz do dia
objection	objecção, oposição, contestação, censurável, ofensivo, questionável, repreensível, objecções, objeções, acusações, comunicação de objecções, comunicação de acusações




behave	comportar-se, agir, comportado, lidar, Comporte-se!
valuable	valioso, inestimável, de valor, precioso, valores, objetos de valor, preciosidades, carácter oneroso, montante pecuniário, valioso ativo, recurso valioso, ativo valioso, bem precioso

shadows	bastidores


creative	criativo, criador, criadoras, artística, escrita criativa, redação criativa, diretor criativo, diretora de criação, pensamento criativo
courtroom	tribunal
confusing	confuso, desconcertante, estranho, inextricável
beast	besta, fera, animal, monstro, bruto, bestiais, brutal, bestial, bestial, burro de carga, animal de caça, animal predador
tub	banheira, cuba, tonel, tubo, bisnaga, cânula, trompa
talented	talentoso, capacitada, dotado, pessoas talentosas, pessoas de talento, gente talentosa, muito talentoso, pessoa dotada, pessoa talentosa
struck	impressionado, chocado, atingido, golpeado, atingido por um raio, estar louco por alguém
smarter	mais esperto
mistaken	enganado, errado, confundido, confusão de identidade, errada convicção, convicção errada, estar enganado

customer	cliente, consumidor, usuário, freguês, atendimento ao cliente, serviço ao cliente, apoio ao cliente, atenção ao cliente, atendimento ao cliente, apoio ao cliente, assistência ao cliente, atenção ao cliente, apoio ao cliente, suporte ao cliente, atendimento ao cliente, serviço ao cliente
bizarre	bizarro, estranho, esquisito, grotesco, bizarrice

punk	rebelde, punk rock, banda punk, conjunto punk
motherfucker	filho da puta, desgraçado
holds	porões, porões de carga
focused	focado, concentrado, orientado, especializada, dedicado, atenção focada, apoio focalizado, trabalho focado

alert	alerta, indicação, aviso, alertar, prevenir, atento, desperta, sensíveis, vigilante
activity	actividades, atividade, operação, actividade empresarial, atividade empresarial, atividade de negócios, atividade comercial, atividade de negociação, atividade comercial, atividade criminal, atividade criminosa

sticks	varas, paus, palitos, gravetos, varas de madeira, tacos de hóquei, incensos
singer	cantor, cantora, intérprete, cantador, cantor líder, cantor-compositor, cantor popular

highway	estrada, rodovia, via rápida, bandido de estrada, código da estrada, código de trânsito, roubo em rodovias, assalto na estrada

foolish	tolo, insensato, louco, bobo, loucura, insensatez, tolice, estupidez, ato insensato
compliment	elogio, cumprimento, elogiar, cumprimentar, felicitar, congratular, complementar, gratuito, grátis, elogioso, elogios, cumprimentos, felicitações, elogiado
blessed	abençoado, bendito, bem-aventurado, privilegiado, bem-aventurança, Santíssimo Sacramento, Nossa Senhora
bastards	sacanas,  
attend	participar, ir a algo, atender, assistir, presença, assiduidade, comparecimento, atendimento, atendida, assistido, presenciado, frequentados, presentes
scheme	esquema, sistema, plano, método, conspirar, regime de pensão, regime de pensões, fundo de pensões, esquema de pensão, esquema de cor, esquema de cores, esquema de arranjo



aid	ajuda, auxílio, socorro, ajudar, socorrer, ajudas, auxílios, aids, SIDA
worker	trabalhador, empregado, trabalhadora, assistente social, pessoa trabalhadora, batalhador, funcionário de escritório
wheelchair	cadeira de rodas, cadeiras de rodas, acesso de cadeirantes, basquetebol em cadeira de rodas
protective	de proteção, protetor, protector, protetivo, providência cautelar, medida cautelar, vestuário de protecção, capa protetora, tampa protetora, capa de proteção, tampa de proteção
poetry	poesia, poética, leitura de poemas, leitura de poesia, coletânea de poesias, coleção de poemas, poesia concreta
gentle	suave, suaves, gentil, delicado, senhor, cavalheiro, mansidão, doçura, suavidade, docilidade, cordial, bem-educado
script	script, roteiro, guião, escrita, roteirização, Escrituras Sagradas, ·Bíblia
reverse	reverso, inverso, contrário, invertido, reverso, oposto, estorno, reverter, inverter, retroceder, revertida, invertido, revertidos, estornados, engenharia reversa, retrotécnica, retroengenharia
picnic	piquenique, merenda, cesto de piquenique, fazer um piquenique, manta para piqueniques

intended	destinado, pretendido, voltado, dirigido, uso pretendido, utilização prevista, uso previsto, utilização pretendida, objetivo pretendido, fim previsto, utilização prevista, fim pretendido, destinatário pretendido, destinatário visado, destinatário previsto, beneficiário pretendido
construction	construção, obra, estrutura, montagem, local da construção, local de construção, estaleiro de construção, local das obras, em construção, trabalhador da construção civil, trabalhador da construção, pedreiro
cage	gaiola, jaula, grade, cela, engaiolar, caixa torácica, enjaulado, gaiolas, jaulas, covos


voices	vozes, vozes críticas, diferentes vozes, vozes diferentes

stink	fedor, feder, fedorento, malcheiroso, fedorento, fétido, malcheiroso

pour	verter, despejar, servir, chover a cântaros, torrencial, torrencial, derramado, depositado, ponto de fluidez, ponto de escoamento
effects	efeitos, consequências, impactos, repercussão, efeitos secundários, efeitos colaterais, efeitos laterais, reações adversas, pertences pessoais, bens pessoais, objetos pessoais, efeitos adversos, efeitos negativos, efeitos nocivos, efeitos nefastos

tower	torre, fortaleza, gigantesco, alterosa, torre de resfriamento, torre de refrigeração, torre de arrefecimento, grua torre

slide	slide, deslize, deslizamento, diapositivo, deslizar, escorregar, patinar, deslizador, válvula, válvula de deslizamento, válvula de gaveta
ruining	
recent	recentes, recente, últimas, novo, nos últimos anos, em anos mais recentes


filling	enchimento, preenchimento, recheio, enchedora, recheios, enchimento, preenchimento, estação de serviço, estação de abastecimento, posto de gasolina, posto de reabastecimento
exit	saída, escoamento, sair, estratégia de saída, estratégia de retirada, estratégia de desinvestimento, saídas
cruise	cruzeiro, viajar, fazer um cruzeiro, cruzar, controlo de cruzeiro, controlo de velocidade, piloto automático, controlo da velocidade de cruzeiro, cruzador, navio de cruzeiro, cruzeiro marítimo
cottage	chalé, cabana, casinha, casa de campo, queijo fresco, queijo cottage, indústria artesanal, indústria caseira, casa de campo
corporate	corporativo, empresarial, empresariais, societária, finanças corporativas, financiamento de empresas, responsabilidade social corporativa, responsabilidade social empresarial, cultura empresarial, cultura corporativa, cultura da empresa, cultura de empresa

upside	sentido ascendente, parte de cima, de cabeça para baixo, invertido, prós, potencial de ganho


parked	estacionado

instance	exemplo, instância, caso, ocasião, por exemplo, em primeira instância, em alguns casos
grounds	razão, motivo, motivos, fundamentos, onda, motivos razoáveis, fundamentos razoáveis, motivos suficientes, razões suficientes, borras de café, borra de café

diary	diário, agenda, entrada de diário, entradas no diário, manter um diário, escrever um diário
complaining	reclamante, queixoso, parte requerente, parte reclamante, parte queixosa, parte acusadora
basis	base, fundamento, alicerce, baseado em, base regular, forma regular, modo regular, maneira regular, base diária, hábito diário, base quotidiana
wounded	ferido, baleado, lesado

politics	política, política de poder, política de força, política partidária, políticas públicas

confessed	confessado, confessados
wicked	perverso, mau, maligno, malvado, maldade, perversidade, iniqüidade, impiedade, bruxa má, feiticeira má
pipe	tubo, tubulação, cano, cachimbo, gasoduto, oleoduto, tubulação, tubagem, tubagem, canalização, tubulação, canalizado, conectada
merely	apenas, meramente, simplesmente, somente
massage	massagem, massagear
data	base de dados, banco de dados
colors	cores, tonalidades, colorações, cores reais, cores brilhantes, cores ousadas, cores arrojadas
chop	cortar, retalhar, talhar, costeleta, pedaço, picado, picadinha, picador, helicóptero, cutelo, cortador, agitado, instável
budget	orçamento, montante, verba, orçamental, orçamentais, orçamentário, acessível, orçamentação, elaboração de orçamentos, orçamentário, orçamentais, orçamental, orçamentais, financeiro, orçamentário
brief	breve, breves, curto, pequeno, resumo, sumário, tarefa, informar, instruir, instruções, brevemente, rapidamente, resumidamente

spill	derramamento, derrame, vazamento, derramar, despejar, derramamento, derrame, vazamento, repercussões, alastramento, derramado, derramados, vertida, despejados
prayer	prece, reza, súplica, contas para prece, livro de orações, reunião de oração, encontro de oração, culto de oração

chicks	pintos, filhotes, pintinhos, crias
betray	trair algo/alguém, atraiçoar, traição, traído, traídos, traída, traidor

arrangement	acordo, arranjo, disposição, mecanismo, acordos, disposições, providências, arranjos, tomar providências, planos de viagem, preparativos de viagem, providências de viagem, organização da viagem
waiter	garçom, garçon, garçons, chefe de mesa, aparador, elevador para comidas
sucker	ventosa, sugador, aproveitador, chupador, bundão, ventosas, otários
scam	esquema, truque, burla, tramoia, golpista, enganador, impostor, burlão, burlas, embustes, galopar


fraud	fraude, corrupção, evasão, falsificação, defraudador, intrujão
flu	gripe, influenza, rubor, jato, vigor, nivelar, enxaguar, enrubescer, igualar, alinhados, diretamente
brush	escova, pincel, trincha, escovar, varrer, escovar algo, aperfeiçoar, aprimorar, recordar, escovado, escovas, pincéis

adopted	adotado, adoptado, adoptados, aprovado, criança adoptada, filho adoptivo, menino adotado, filho adotivo, filhos adoptivos, filhos adoptados, filha adotiva
