tables	[sound:howjsay-tables.mp3]
sympathy	[sound:howjsay-sympathy.mp3]
pill	[sound:howjsay-pill.mp3]
pee	[sound:howjsay-pee.mp3]
lean	[sound:howjsay-lean.mp3]
filthy	[sound:howjsay-filthy.mp3]
cliff	[sound:howjsay-cliff.mp3]
burger	[sound:howjsay-burger.mp3]
web	[sound:howjsay-web.mp3]
seventeen	[sound:howjsay-seventeen.mp3]
landed	[sound:howjsay-landed.mp3]
expression	[sound:howjsay-expression.mp3]
entrance	[sound:howjsay-entrance.mp3]
employee	[sound:howjsay-employee.mp3]
drawing	[sound:howjsay-drawing.mp3]
cap	[sound:howjsay-cap.mp3]
bunny	[sound:howjsay-bunny.mp3]
bracelet	[sound:howjsay-bracelet.mp3]
thirteen	[sound:howjsay-thirteen.mp3]
scout	[sound:howjsay-scout.mp3]
principal	[sound:howjsay-principal.mp3]
pays	[sound:howjsay-pays.mp3]
Jen's	[sound:howjsay-pays.mp3]
fairly	[sound:howjsay-fairly.mp3]
facility	[sound:howjsay-facility.mp3]
Dru	[sound:howjsay-facility.mp3]
deeper	[sound:howjsay-deeper.mp3]
arrive	[sound:howjsay-arrive.mp3]
unique	[sound:howjsay-unique.mp3]
tracking	[sound:howjsay-tracking.mp3]
spite	[sound:howjsay-spite.mp3]
shed	[sound:howjsay-shed.mp3]
recommend	[sound:howjsay-recommend.mp3]
oughta	
nanny	[sound:howjsay-nanny.mp3]
naive	[sound:howjsay-naive.mp3]
menu	[sound:howjsay-menu.mp3]
grades	[sound:howjsay-grades.mp3]
diet	[sound:howjsay-diet.mp3]
corn	[sound:howjsay-corn.mp3]
authorities	[sound:howjsay-authorities.mp3]
Walsh	[sound:howjsay-authorities.mp3]
separated	[sound:howjsay-separated.mp3]
roses	[sound:howjsay-roses.mp3]
patch	[sound:howjsay-patch.mp3]
grey	[sound:howjsay-grey.mp3]
dime	[sound:howjsay-dime.mp3]
devastated	[sound:howjsay-devastated.mp3]
description	[sound:howjsay-description.mp3]
tap	[sound:howjsay-tap.mp3]
subtle	[sound:howjsay-subtle.mp3]
include	[sound:howjsay-include.mp3]
Harris	[sound:howjsay-include.mp3]
garrison	[sound:howjsay-garrison.mp3]
citizen	[sound:howjsay-citizen.mp3]
bullets	[sound:howjsay-bullets.mp3]
beans	[sound:howjsay-beans.mp3]
Ric	[sound:howjsay-beans.mp3]
pile	[sound:howjsay-pile.mp3]
metal	[sound:howjsay-metal.mp3]
las	[sound:howjsay-las%20cruces.mp3]
Kelso	[sound:howjsay-las%20cruces.mp3]
executive	[sound:howjsay-executive.mp3]
confirm	[sound:howjsay-confirm.mp3]
capital	[sound:howjsay-capital.mp3]
adults	[sound:howjsay-adults.mp3]
Traci	[sound:howjsay-adults.mp3]
toe	[sound:howjsay-toe.mp3]
strings	[sound:howjsay-strings.mp3]
parade	[sound:howjsay-parade.mp3]
harbor	[sound:howjsay-harbor.mp3]
charity's	
bow	[sound:howjsay-bow.mp3]
borrowed	[sound:howjsay-borrowed.mp3]
booth	[sound:howjsay-booth.mp3]
toys	[sound:howjsay-toys.mp3]
straighten	[sound:howjsay-straighten.mp3]
steak	[sound:howjsay-steak.mp3]
status	[sound:howjsay-status.mp3]
remote	[sound:howjsay-remote.mp3]
premonition	[sound:howjsay-premonition.mp3]
poem	[sound:howjsay-poem.mp3]
planted	[sound:howjsay-planted.mp3]
honored	[sound:howjsay-honored.mp3]
youth	[sound:howjsay-youth.mp3]
specifically	[sound:howjsay-specifically.mp3]
meetings	[sound:howjsay-meetings.mp3]
Lopez	[sound:howjsay-meetings.mp3]
exam	[sound:howjsay-exam.mp3]
daily	[sound:howjsay-daily.mp3]
convenient	[sound:howjsay-convenient.mp3]
traveling	[sound:howjsay-traveling.mp3]
matches	[sound:howjsay-matches.mp3]
laying	[sound:howjsay-laying.mp3]
insisted	[sound:howjsay-insisted.mp3]
crystal	[sound:howjsay-crystal.mp3]
apply	[sound:howjsay-apply.mp3]
units	[sound:howjsay-units.mp3]
technology	[sound:howjsay-technology.mp3]
steel	[sound:howjsay-steel.mp3]
muscle	[sound:howjsay-muscle.mp3]
Joel	[sound:howjsay-muscle.mp3]
dish	[sound:howjsay-dish.mp3]
aitoro	
sis	[sound:howjsay-sis.mp3]
sales	[sound:howjsay-sales.mp3]
Marie	[sound:howjsay-sales.mp3]
legend	[sound:howjsay-legend.mp3]
kindly	[sound:howjsay-kindly.mp3]
grandson	[sound:howjsay-grandson.mp3]
donor	[sound:howjsay-donor.mp3]
wheels	[sound:howjsay-wheels.mp3]
temper	[sound:howjsay-temper.mp3]
teenager	[sound:howjsay-teenager.mp3]
strategy	[sound:howjsay-strategy.mp3]
richard's	
proven	[sound:howjsay-proven.mp3]
mothers	[sound:howjsay-mothers.mp3]
monitor	[sound:howjsay-monitor.mp3]
iron	[sound:howjsay-iron.mp3]
houses	[sound:howjsay-houses.mp3]
eternity	[sound:howjsay-eternity.mp3]
denial	[sound:howjsay-denial.mp3]
Dana	[sound:howjsay-denial.mp3]
couples	[sound:howjsay-couples.mp3]
backwards	[sound:howjsay-backwards.mp3]
tent	[sound:howjsay-tent.mp3]
swell	[sound:howjsay-swell.mp3]
noon	[sound:howjsay-noon.mp3]
happiest	[sound:howjsay-happiest.mp3]
gotcha	[sound:howjsay-gotcha.mp3]
episode	[sound:howjsay-episode.mp3]
drives	[sound:howjsay-drives.mp3]
bacon	[sound:howjsay-bacon.mp3]
thinkin	[sound:howjsay-thinking.mp3]
spirits	[sound:howjsay-spirits.mp3]
potion	[sound:howjsay-potion.mp3]
holes	[sound:howjsay-holes.mp3]
fence	[sound:howjsay-fence.mp3]
dial	[sound:howjsay-dial.mp3]
affairs	[sound:howjsay-affairs.mp3]
acts	[sound:howjsay-acts.mp3]
whatsoever	[sound:howjsay-whatsoever.mp3]
ward	[sound:howjsay-ward.mp3]
rehearsal	[sound:howjsay-rehearsal.mp3]
proved	[sound:howjsay-proved.mp3]
overheard	[sound:howjsay-overheard.mp3]
nuclear	[sound:howjsay-nuclear.mp3]
lemme	[sound:howjsay-lemme.mp3]
leather	[sound:howjsay-leather.mp3]
hostage	[sound:howjsay-hostage.mp3]
hammer	[sound:howjsay-hammer.mp3]
faced	[sound:howjsay-faced.mp3]
discover	[sound:howjsay-discover.mp3]
constant	[sound:howjsay-constant.mp3]
Catherine	[sound:howjsay-constant.mp3]
bench	[sound:howjsay-bench.mp3]
tryin	[sound:howjsay-trying.mp3]
taxi	[sound:howjsay-taxi.mp3]
shove	[sound:howjsay-shove.mp3]
sets	[sound:howjsay-sets.mp3]
Reggie	[sound:howjsay-sets.mp3]
moron	[sound:howjsay-moron.mp3]
limits	[sound:howjsay-limits.mp3]
Jeff	[sound:howjsay-limits.mp3]
impress	[sound:howjsay-impress.mp3]
gray	[sound:howjsay-gray.mp3]
entitled	[sound:howjsay-entitled.mp3]
connect	[sound:howjsay-connect.mp3]
pussy	[sound:howjsay-pussy.mp3]
needle	[sound:howjsay-needle.mp3]
Megan	[sound:howjsay-needle.mp3]
limit	[sound:howjsay-limit.mp3]
lad	[sound:howjsay-lad.mp3]
intelligent	[sound:howjsay-intelligent.mp3]
instant	[sound:howjsay-instant.mp3]
forms	[sound:howjsay-forms.mp3]
disagree	[sound:howjsay-disagree.mp3]
tiger	[sound:howjsay-tiger.mp3]
stinks	[sound:howjsay-stinks.mp3]
Rianna	[sound:howjsay-stinks.mp3]
recover	[sound:howjsay-recover.mp3]
Paul's	[sound:howjsay-recover.mp3]
Louie	[sound:howjsay-recover.mp3]
losers	[sound:howjsay-losers.mp3]
groom	[sound:howjsay-groom.mp3]
gesture	[sound:howjsay-gesture.mp3]
developed	[sound:howjsay-developed.mp3]
constantly	[sound:howjsay-constantly.mp3]
blocks	[sound:howjsay-blocks.mp3]
bartender	[sound:howjsay-bartender.mp3]
tunnel	[sound:howjsay-tunnel.mp3]
suspects	[sound:howjsay-suspects.mp3]
sealed	[sound:howjsay-sealed.mp3]
removed	[sound:howjsay-removed.mp3]
paradise	[sound:howjsay-paradise.mp3]
legally	[sound:howjsay-legally.mp3]
illness	[sound:howjsay-illness.mp3]
hears	[sound:howjsay-hears.mp3]
dresses	[sound:howjsay-dresses.mp3]
aye	[sound:howjsay-aye.mp3]
vehicle	[sound:howjsay-vehicle.mp3]
thy	[sound:howjsay-thy.mp3]
teachers	[sound:howjsay-teachers.mp3]
sheet	[sound:howjsay-sheet.mp3]
receive	[sound:howjsay-receive.mp3]
psychic	[sound:howjsay-psychic.mp3]
night's	
Melissa	
denied	[sound:howjsay-denied.mp3]
teenage	[sound:howjsay-teenage.mp3]
Sierra	
rabbit	[sound:howjsay-rabbit.mp3]
puppy	[sound:howjsay-puppy.mp3]
Patty	
knocking	[sound:howjsay-knocking.mp3]
judging	[sound:howjsay-judging.mp3]
bible	[sound:howjsay-bible.mp3]
behalf	[sound:howjsay-behalf.mp3]
accidentally	[sound:howjsay-accidentally.mp3]
waking	[sound:howjsay-waking.mp3]
ton	[sound:howjsay-ton.mp3]
superior	[sound:howjsay-superior.mp3]
slack	[sound:howjsay-slack.mp3]
seek	[sound:howjsay-seek.mp3]
rumor	[sound:howjsay-rumor.mp3]
Natalie's	
manners	[sound:howjsay-manners.mp3]
homeless	[sound:howjsay-homeless.mp3]
hollow	[sound:howjsay-hollow.mp3]
hills	[sound:howjsay-hills.mp3]
Gordon	
desperately	[sound:howjsay-desperately.mp3]
critical	[sound:howjsay-critical.mp3]
coward	[sound:howjsay-coward.mp3]
Winslow	
theme	[sound:howjsay-theme.mp3]
tapes	[sound:howjsay-tapes.mp3]
sheets	[sound:howjsay-sheets.mp3]
referring	[sound:howjsay-referring.mp3]
personnel	[sound:howjsay-personnel.mp3]
Perkins	
ol	
Maxie	
item	[sound:howjsay-item.mp3]
Genoa	
gear	[sound:howjsay-gear.mp3]
du	
majesty	[sound:howjsay-majesty.mp3]
forest	[sound:howjsay-forest.mp3]
fans	[sound:howjsay-fans.mp3]
exposed	[sound:howjsay-exposed.mp3]
cried	[sound:howjsay-cried.mp3]
tons	[sound:howjsay-tons.mp3]
spells	[sound:howjsay-spells.mp3]
producer	[sound:howjsay-producer.mp3]
launch	[sound:howjsay-launch.mp3]
jay	[sound:howjsay-jay.mp3]
instinct	[sound:howjsay-instinct.mp3]
extreme	[sound:howjsay-extreme.mp3]
belief	[sound:howjsay-belief.mp3]
quote	[sound:howjsay-quote.mp3]
motorcycle	[sound:howjsay-motorcycle.mp3]
convincing	[sound:howjsay-convincing.mp3]
appeal	[sound:howjsay-appeal.mp3]
advance	[sound:howjsay-advance.mp3]
greater	[sound:howjsay-greater.mp3]
fashioned	[sound:howjsay-fashioned.mp3]
empire	[sound:howjsay-empire.mp3]
aids	[sound:howjsay-aids.mp3]
accomplished	[sound:howjsay-accomplished.mp3]
ye	[sound:howjsay-ye.mp3]
Tammy	
Noah	
mommy's	
grip	[sound:howjsay-grip.mp3]
bump	[sound:howjsay-bump.mp3]
Wallace	
upsetting	[sound:howjsay-upsetting.mp3]
soldiers	[sound:howjsay-soldiers.mp3]
scheduled	[sound:howjsay-scheduled.mp3]
production	[sound:howjsay-production.mp3]
needing	[sound:howjsay-needing.mp3]
Maddie	
invisible	[sound:howjsay-invisible.mp3]
forgiveness	[sound:howjsay-forgiveness.mp3]
feds	[sound:howjsay-feds.mp3]
complex	[sound:howjsay-complex.mp3]
compare	[sound:howjsay-compare.mp3]
cloud	[sound:howjsay-cloud.mp3]
champion	[sound:howjsay-champion.mp3]
bothers	[sound:howjsay-bothers.mp3]
blank	[sound:howjsay-blank.mp3]
treasure	[sound:howjsay-treasure.mp3]
tooth	[sound:howjsay-tooth.mp3]
territory	[sound:howjsay-territory.mp3]
sacred	[sound:howjsay-sacred.mp3]
Mon	
Jessica's	
inviting	[sound:howjsay-inviting.mp3]
inner	[sound:howjsay-inner.mp3]
earn	[sound:howjsay-earn.mp3]
compromise	[sound:howjsay-compromise.mp3]
cocktail	[sound:howjsay-cocktail.mp3]
tramp	[sound:howjsay-tramp.mp3]
temperature	[sound:howjsay-temperature.mp3]
signing	[sound:howjsay-signing.mp3]
messenger	[sound:howjsay-messenger.mp3]
landing	[sound:howjsay-landing.mp3]
jabot	[sound:howjsay-jabot.mp3]
intimate	[sound:howjsay-intimate.mp3]
dignity	[sound:howjsay-dignity.mp3]
dealt	[sound:howjsay-dealt.mp3]
souls	[sound:howjsay-souls.mp3]
root	[sound:howjsay-root.mp3]
Nicky	
informed	[sound:howjsay-informed.mp3]
gods	[sound:howjsay-gods.mp3]
Felicia	
entertainment	[sound:howjsay-entertainment.mp3]
dressing	[sound:howjsay-dressing.mp3]
cigarettes	[sound:howjsay-cigarettes.mp3]
blessing	[sound:howjsay-blessing.mp3]
billion	[sound:howjsay-billion.mp3]
Alistair	
upper	[sound:howjsay-upper.mp3]
Marge	
manner	[sound:howjsay-manner.mp3]
lightning	[sound:howjsay-lightning.mp3]
leak	[sound:howjsay-leak.mp3]
heaven's	
fond	[sound:howjsay-fond.mp3]
Corky	
Atlantic	
alternative	[sound:howjsay-alternative.mp3]
seduce	[sound:howjsay-seduce.mp3]
players	[sound:howjsay-players.mp3]
operate	[sound:howjsay-operate.mp3]
modern	[sound:howjsay-modern.mp3]
liquor	[sound:howjsay-liquor.mp3]
June	
Janine	
fingerprints	[sound:howjsay-fingerprints.mp3]
enchantment	[sound:howjsay-enchantment.mp3]
butters	[sound:howjsay-butters.mp3]
stuffed	[sound:howjsay-stuffed.mp3]
Stavros	
Rome	
Murphy	
filed	[sound:howjsay-filed.mp3]
emotionally	[sound:howjsay-emotionally.mp3]
division	[sound:howjsay-division.mp3]
conditions	[sound:howjsay-conditions.mp3]
Cameron	
uhm	
transplant	[sound:howjsay-transplant.mp3]
tips	[sound:howjsay-tips.mp3]
Shayne	
powder	[sound:howjsay-powder.mp3]
passes	[sound:howjsay-passes.mp3]
oxygen	[sound:howjsay-oxygen.mp3]
nicely	[sound:howjsay-nicely.mp3]
Macy	
lunatic	[sound:howjsay-lunatic.mp3]
hid	[sound:howjsay-hid.mp3]
drill	[sound:howjsay-drill.mp3]
designs	[sound:howjsay-designs.mp3]
complain	[sound:howjsay-complain.mp3]
announcement	[sound:howjsay-announcement.mp3]
visitors	[sound:howjsay-visitors.mp3]
unfortunate	[sound:howjsay-unfortunate.mp3]
slap	[sound:howjsay-slap.mp3]
pumpkin	[sound:howjsay-pumpkin.mp3]
prayers	[sound:howjsay-prayers.mp3]
plug	[sound:howjsay-plug.mp3]
organization	[sound:howjsay-organization.mp3]
opens	[sound:howjsay-opens.mp3]
oath	[sound:howjsay-oath.mp3]
O'Neill	
mutual	[sound:howjsay-mutual.mp3]
hockey	[sound:howjsay-hockey.mp3]
graduate	[sound:howjsay-graduate.mp3]
confirmed	[sound:howjsay-confirmed.mp3]
broad	[sound:howjsay-broad.mp3]
yacht	[sound:howjsay-yacht.mp3]
spa	[sound:howjsay-spa.mp3]
remembers	[sound:howjsay-remembers.mp3]
horn	[sound:howjsay-horn.mp3]
fried	[sound:howjsay-fried.mp3]
extraordinary	[sound:howjsay-extraordinary.mp3]
bait	[sound:howjsay-bait.mp3]
appearance	[sound:howjsay-appearance.mp3]
Angela	
abuse	[sound:howjsay-abuse.mp3]
Warton	
sworn	[sound:howjsay-sworn.mp3]
stare	[sound:howjsay-stare.mp3]
Sal	
safely	[sound:howjsay-safely.mp3]
reunion	[sound:howjsay-reunion.mp3]
plot	[sound:howjsay-plot.mp3]
Nigel	
burst	[sound:howjsay-burst.mp3]
aha	[sound:howjsay-aha.mp3]
might've	[sound:howjsay-might've.mp3]
Frederick	
experiment	[sound:howjsay-experiment.mp3]
experienced	[sound:howjsay-experienced.mp3]
dive	[sound:howjsay-dive.mp3]
commission	[sound:howjsay-commission.mp3]
chaos	[sound:howjsay-chaos.mp3]
cells	[sound:howjsay-cells.mp3]
aboard	[sound:howjsay-aboard.mp3]
returning	[sound:howjsay-returning.mp3]
lesbian	[sound:howjsay-lesbian.mp3]
independent	[sound:howjsay-independent.mp3]
expose	[sound:howjsay-expose.mp3]
environment	[sound:howjsay-environment.mp3]
buddies	[sound:howjsay-buddies.mp3]
trusting	[sound:howjsay-trusting.mp3]
spider	[sound:howjsay-spider.mp3]
smaller	[sound:howjsay-smaller.mp3]
mountains	[sound:howjsay-mountains.mp3]
Mandy	
Jessie	
booze	[sound:howjsay-booze.mp3]
tattoo	[sound:howjsay-tattoo.mp3]
sweep	[sound:howjsay-sweep.mp3]
sore	[sound:howjsay-sore.mp3]
scudder	
Reynolds	
properly	[sound:howjsay-properly.mp3]
parole	[sound:howjsay-parole.mp3]
Manhattan	
effective	[sound:howjsay-effective.mp3]
ditch	[sound:howjsay-ditch.mp3]
decides	[sound:howjsay-decides.mp3]
canceled	[sound:howjsay-canceled.mp3]
bulldog	[sound:howjsay-bulldog.mp3]
bra	[sound:howjsay-bra.mp3]
Antonio's	
speaks	[sound:howjsay-speaks.mp3]
Spanish	
rubber	[sound:howjsay-rubber.mp3]
reaching	[sound:howjsay-reaching.mp3]
glow	[sound:howjsay-glow.mp3]
foundation	[sound:howjsay-foundation.mp3]
women's	
wears	[sound:howjsay-wears.mp3]
thirsty	[sound:howjsay-thirsty.mp3]
Stewart	
skull	[sound:howjsay-skull.mp3]
Sidney	
scotch	[sound:howjsay-scotch.mp3]
ringing	[sound:howjsay-ringing.mp3]
dorm	[sound:howjsay-dorm.mp3]
dining	[sound:howjsay-dining.mp3]
Carla	
bend	[sound:howjsay-bend.mp3]
unexpected	[sound:howjsay-unexpected.mp3]
systems	[sound:howjsay-systems.mp3]
sob	[sound:howjsay-sob.mp3]
pat	[sound:howjsay-pat.mp3]
pancakes	[sound:howjsay-pancakes.mp3]
Michael's	
harsh	[sound:howjsay-harsh.mp3]
flattered	[sound:howjsay-flattered.mp3]
existence	[sound:howjsay-existence.mp3]
ahhh	
troubles	[sound:howjsay-troubles.mp3]
proposed	[sound:howjsay-proposed.mp3]
fights	[sound:howjsay-fights.mp3]
favourite	[sound:howjsay-favourite.mp3]
eats	[sound:howjsay-eats.mp3]
driven	[sound:howjsay-driven.mp3]
computers	[sound:howjsay-computers.mp3]
chin	[sound:howjsay-chin.mp3]
bravo	[sound:howjsay-bravo.mp3]
seal	[sound:howjsay-seal.mp3]
rage	[sound:howjsay-rage.mp3]
Luke's	
causes	[sound:howjsay-causes.mp3]
bubble	[sound:howjsay-bubble.mp3]
border	[sound:howjsay-border.mp3]
undercover	[sound:howjsay-undercover.mp3]
spoiled	[sound:howjsay-spoiled.mp3]
Sloane	
shine	[sound:howjsay-shine.mp3]
rug	[sound:howjsay-rug.mp3]
identify	[sound:howjsay-identify.mp3]
destroying	[sound:howjsay-destroying.mp3]
deputy	[sound:howjsay-deputy.mp3]
deliberately	[sound:howjsay-deliberately.mp3]
conspiracy	[sound:howjsay-conspiracy.mp3]
clothing	[sound:howjsay-clothing.mp3]
thoughtful	[sound:howjsay-thoughtful.mp3]
similar	[sound:howjsay-similar.mp3]
sandwiches	[sound:howjsay-sandwiches.mp3]
plates	[sound:howjsay-plates.mp3]
nails	[sound:howjsay-nails.mp3]
miracles	[sound:howjsay-miracles.mp3]
investment	[sound:howjsay-investment.mp3]
fridge	[sound:howjsay-fridge.mp3]
drank	[sound:howjsay-drank.mp3]
contrary	[sound:howjsay-contrary.mp3]
beloved	[sound:howjsay-beloved.mp3]
Alonzo	
allergic	[sound:howjsay-allergic.mp3]
washed	[sound:howjsay-washed.mp3]
stalking	[sound:howjsay-stalking.mp3]
solved	[sound:howjsay-solved.mp3]
sack	[sound:howjsay-sack.mp3]
misses	[sound:howjsay-misses.mp3]
hope's	
forgiven	[sound:howjsay-forgiven.mp3]
erica's	
earl	[sound:howjsay-earl.mp3]
cuz	
bent	[sound:howjsay-bent.mp3]
approval	[sound:howjsay-approval.mp3]
practical	[sound:howjsay-practical.mp3]
organized	[sound:howjsay-organized.mp3]
Norma	
MacIver	
jungle	[sound:howjsay-jungle.mp3]
involve	[sound:howjsay-involve.mp3]
industry	[sound:howjsay-industry.mp3]
fuel	[sound:howjsay-fuel.mp3]
dragging	[sound:howjsay-dragging.mp3]
dancer	[sound:howjsay-dancer.mp3]
cotton	[sound:howjsay-cotton.mp3]
cooked	[sound:howjsay-cooked.mp3]
Weston	
Renee	
possession	[sound:howjsay-possession.mp3]
pointing	[sound:howjsay-pointing.mp3]
foul	[sound:howjsay-foul.mp3]
editor	[sound:howjsay-editor.mp3]
dull	[sound:howjsay-dull.mp3]
Clark	
beneath	[sound:howjsay-beneath.mp3]
ages	[sound:howjsay-ages.mp3]
SI	
peanut	[sound:howjsay-peanut.mp3]
horror	[sound:howjsay-horror.mp3]
heels	[sound:howjsay-heels.mp3]
grass	[sound:howjsay-grass.mp3]
faking	[sound:howjsay-faking.mp3]
deaf	[sound:howjsay-deaf.mp3]
Billie	
stunt	[sound:howjsay-stunt.mp3]
portrait	[sound:howjsay-portrait.mp3]
painted	[sound:howjsay-painted.mp3]
July	
jealousy	[sound:howjsay-jealousy.mp3]
hopeless	[sound:howjsay-hopeless.mp3]
fears	[sound:howjsay-fears.mp3]
cuts	[sound:howjsay-cuts.mp3]
conclusion	[sound:howjsay-conclusion.mp3]
volunteer	[sound:howjsay-volunteer.mp3]
sword	[sound:howjsay-sword.mp3]
scenario	[sound:howjsay-scenario.mp3]
satellite	[sound:howjsay-satellite.mp3]
Rosie	
Riley	
necklace	[sound:howjsay-necklace.mp3]
men's	
Evans	
crashed	[sound:howjsay-crashed.mp3]
Christopher	
chapel	[sound:howjsay-chapel.mp3]
accuse	[sound:howjsay-accuse.mp3]
teddy	[sound:howjsay-teddy.mp3]
restraining	[sound:howjsay-restraining.mp3]
naughty	[sound:howjsay-naughty.mp3]
Jason's	
humans	[sound:howjsay-humans.mp3]
homicide	[sound:howjsay-homicide.mp3]
helicopter	[sound:howjsay-helicopter.mp3]
formal	[sound:howjsay-formal.mp3]
Fitzgerald	
firing	[sound:howjsay-firing.mp3]
shortly	[sound:howjsay-shortly.mp3]
safer	[sound:howjsay-safer.mp3]
missy	[sound:howjsay-missy.mp3]
diamonds	[sound:howjsay-diamonds.mp3]
devoted	[sound:howjsay-devoted.mp3]
auction	[sound:howjsay-auction.mp3]
videotape	[sound:howjsay-videotape.mp3]
tore	[sound:howjsay-tore.mp3]
stores	[sound:howjsay-stores.mp3]
reservations	[sound:howjsay-reservations.mp3]
pops	[sound:howjsay-pops.mp3]
Joseph	
ew	
Arthur	
appetite	[sound:howjsay-appetite.mp3]
anybody's	
wounds	[sound:howjsay-wounds.mp3]
vanquish	[sound:howjsay-vanquish.mp3]
symbol	[sound:howjsay-symbol.mp3]
prevent	[sound:howjsay-prevent.mp3]
patrol	[sound:howjsay-patrol.mp3]
Jordan	
ironic	[sound:howjsay-ironic.mp3]
flow	[sound:howjsay-flow.mp3]
fathers	[sound:howjsay-fathers.mp3]
excitement	[sound:howjsay-excitement.mp3]
anyhow	[sound:howjsay-anyhow.mp3]
tearing	[sound:howjsay-tearing.mp3]
sends	[sound:howjsay-sends.mp3]
sam's	
rape	[sound:howjsay-rape.mp3]
lo	[sound:howjsay-lo.mp3]
laughed	[sound:howjsay-laughed.mp3]
function	[sound:howjsay-function.mp3]
core	[sound:howjsay-core.mp3]
charmed	[sound:howjsay-charmed.mp3]
carpet	[sound:howjsay-carpet.mp3]
bowling	[sound:howjsay-bowling.mp3]
belly	[sound:howjsay-belly.mp3]
whatever's	
sub	[sound:howjsay-sub.mp3]
shark	[sound:howjsay-shark.mp3]
Scotty	
Miller	
Miami	
Lucy's	
Jefferson	
dealer	[sound:howjsay-dealer.mp3]
cooperate	[sound:howjsay-cooperate.mp3]
bachelor	[sound:howjsay-bachelor.mp3]
Anne	
accomplish	[sound:howjsay-accomplish.mp3]
wakes	[sound:howjsay-wakes.mp3]
struggle	[sound:howjsay-struggle.mp3]
spotted	[sound:howjsay-spotted.mp3]
sorts	[sound:howjsay-sorts.mp3]
Rico	
reservation	[sound:howjsay-reservation.mp3]
fort	[sound:howjsay-fort.mp3]
coke	[sound:howjsay-coke.mp3]
ashes	[sound:howjsay-ashes.mp3]
yards	[sound:howjsay-yards.mp3]
votes	[sound:howjsay-votes.mp3]
tastes	[sound:howjsay-tastes.mp3]
supposedly	[sound:howjsay-supposedly.mp3]
Marcus	
loft	[sound:howjsay-loft.mp3]
intentions	[sound:howjsay-intentions.mp3]
integrity	[sound:howjsay-integrity.mp3]
wished	[sound:howjsay-wished.mp3]
Wendy	
towels	[sound:howjsay-towels.mp3]
suspected	[sound:howjsay-suspected.mp3]
slightly	[sound:howjsay-slightly.mp3]
qualified	[sound:howjsay-qualified.mp3]
profit	[sound:howjsay-profit.mp3]
log	[sound:howjsay-log.mp3]
Lenny	
Java	
investigating	[sound:howjsay-investigating.mp3]
inappropriate	[sound:howjsay-inappropriate.mp3]
immediate	[sound:howjsay-immediate.mp3]
ginger	[sound:howjsay-ginger.mp3]
companies	[sound:howjsay-companies.mp3]
backed	[sound:howjsay-backed.mp3]
sunset	[sound:howjsay-sunset.mp3]
pan	[sound:howjsay-pan.mp3]
pa	[sound:howjsay-pa.mp3]
owned	[sound:howjsay-owned.mp3]
nation	[sound:howjsay-nation.mp3]
lipstick	[sound:howjsay-lipstick.mp3]
lawn	[sound:howjsay-lawn.mp3]
compassion	[sound:howjsay-compassion.mp3]
cafeteria	[sound:howjsay-cafeteria.mp3]
belonged	[sound:howjsay-belonged.mp3]
affected	[sound:howjsay-affected.mp3]
scarf	[sound:howjsay-scarf.mp3]
precisely	[sound:howjsay-precisely.mp3]
obsession	[sound:howjsay-obsession.mp3]
management	[sound:howjsay-management.mp3]
loses	[sound:howjsay-loses.mp3]
lighten	[sound:howjsay-lighten.mp3]
Jake's	
infection	[sound:howjsay-infection.mp3]
granddaughter	[sound:howjsay-granddaughter.mp3]
explode	[sound:howjsay-explode.mp3]
chemistry	[sound:howjsay-chemistry.mp3]
balcony	[sound:howjsay-balcony.mp3]
this'll	[sound:howjsay-this'll.mp3]
storage	[sound:howjsay-storage.mp3]
spying	[sound:howjsay-spying.mp3]
publicity	[sound:howjsay-publicity.mp3]
exists	[sound:howjsay-exists.mp3]
employees	[sound:howjsay-employees.mp3]
depend	[sound:howjsay-depend.mp3]
Cynthia	
cue	[sound:howjsay-cue.mp3]
cracked	[sound:howjsay-cracked.mp3]
conscious	[sound:howjsay-conscious.mp3]
aww	
Anya	
ally	[sound:howjsay-ally.mp3]
ace	[sound:howjsay-ace.mp3]
accounts	[sound:howjsay-accounts.mp3]
absurd	[sound:howjsay-absurd.mp3]
vicious	[sound:howjsay-vicious.mp3]
tools	[sound:howjsay-tools.mp3]
strongly	[sound:howjsay-strongly.mp3]
rap	[sound:howjsay-rap.mp3]
potato	[sound:howjsay-potato.mp3]
invented	[sound:howjsay-invented.mp3]
hood	[sound:howjsay-hood.mp3]
forbid	[sound:howjsay-forbid.mp3]
directions	[sound:howjsay-directions.mp3]
defendant	[sound:howjsay-defendant.mp3]
bare	[sound:howjsay-bare.mp3]
announce	[sound:howjsay-announce.mp3]
Alcazar's	
screwing	[sound:howjsay-screwing.mp3]
samples	[sound:howjsay-samples.mp3]
salesman	[sound:howjsay-salesman.mp3]
rounds	[sound:howjsay-rounds.mp3]
robbed	[sound:howjsay-robbed.mp3]
leap	[sound:howjsay-leap.mp3]
lakeview	
Ken	
insanity	[sound:howjsay-insanity.mp3]
injury	[sound:howjsay-injury.mp3]
genetic	[sound:howjsay-genetic.mp3]
freaks	[sound:howjsay-freaks.mp3]
fighter	[sound:howjsay-fighter.mp3]
document	[sound:howjsay-document.mp3]
burden	[sound:howjsay-burden.mp3]
why's	
swallow	[sound:howjsay-swallow.mp3]
slave	[sound:howjsay-slave.mp3]
reveal	[sound:howjsay-reveal.mp3]
religious	[sound:howjsay-religious.mp3]
possibilities	[sound:howjsay-possibilities.mp3]
martini	[sound:howjsay-martini.mp3]
kidnap	[sound:howjsay-kidnap.mp3]
gown	[sound:howjsay-gown.mp3]
entering	[sound:howjsay-entering.mp3]
Donny	
chairs	[sound:howjsay-chairs.mp3]
wishing	[sound:howjsay-wishing.mp3]
statue	[sound:howjsay-statue.mp3]
stalker	[sound:howjsay-stalker.mp3]
setup	[sound:howjsay-setup.mp3]
serial	[sound:howjsay-serial.mp3]
sandy	[sound:howjsay-sandy.mp3]
punished	[sound:howjsay-punished.mp3]
Mikey	
Gilmore	
dramatic	[sound:howjsay-dramatic.mp3]
dismissed	[sound:howjsay-dismissed.mp3]
criminals	[sound:howjsay-criminals.mp3]
carver	[sound:howjsay-carver.mp3]
blade	[sound:howjsay-blade.mp3]
seventh	[sound:howjsay-seventh.mp3]
regrets	[sound:howjsay-regrets.mp3]
raped	[sound:howjsay-raped.mp3]
quarters	[sound:howjsay-quarters.mp3]
produce	[sound:howjsay-produce.mp3]
pony	[sound:howjsay-pony.mp3]
Oliver	
lamp	[sound:howjsay-lamp.mp3]
dentist	[sound:howjsay-dentist.mp3]
anyways	[sound:howjsay-anyways.mp3]
anonymous	[sound:howjsay-anonymous.mp3]
added	[sound:howjsay-added.mp3]
tech	[sound:howjsay-tech.mp3]
semester	[sound:howjsay-semester.mp3]
risks	[sound:howjsay-risks.mp3]
regarding	[sound:howjsay-regarding.mp3]
owes	[sound:howjsay-owes.mp3]
magazines	[sound:howjsay-magazines.mp3]
machines	[sound:howjsay-machines.mp3]
lungs	[sound:howjsay-lungs.mp3]
explaining	[sound:howjsay-explaining.mp3]
delicate	[sound:howjsay-delicate.mp3]
Delia	
child's	
tricked	[sound:howjsay-tricked.mp3]
oldest	[sound:howjsay-oldest.mp3]
Liv	
eager	[sound:howjsay-eager.mp3]
doomed	[sound:howjsay-doomed.mp3]
coffin	[sound:howjsay-coffin.mp3]
click	[sound:howjsay-click.mp3]
cafe	[sound:howjsay-cafe.mp3]
buttons	[sound:howjsay-buttons.mp3]
bureau	[sound:howjsay-bureau.mp3]
adoption	[sound:howjsay-adoption.mp3]
Wes	
Tyler	
traditional	[sound:howjsay-traditional.mp3]
surrender	[sound:howjsay-surrender.mp3]
stones	[sound:howjsay-stones.mp3]
stab	[sound:howjsay-stab.mp3]
sickness	[sound:howjsay-sickness.mp3]
scum	[sound:howjsay-scum.mp3]
Oswald	
loop	[sound:howjsay-loop.mp3]
independence	[sound:howjsay-independence.mp3]
generation	[sound:howjsay-generation.mp3]
floating	[sound:howjsay-floating.mp3]
envelope	[sound:howjsay-envelope.mp3]
entered	[sound:howjsay-entered.mp3]
combination	[sound:howjsay-combination.mp3]
chamber	[sound:howjsay-chamber.mp3]
casino	[sound:howjsay-casino.mp3]
worn	[sound:howjsay-worn.mp3]
vault	[sound:howjsay-vault.mp3]
sunshine	[sound:howjsay-sunshine.mp3]
sorel	
pretended	[sound:howjsay-pretended.mp3]
potatoes	[sound:howjsay-potatoes.mp3]
plea	[sound:howjsay-plea.mp3]
photograph	[sound:howjsay-photograph.mp3]
petty	[sound:howjsay-petty.mp3]
payback	[sound:howjsay-payback.mp3]
misunderstood	[sound:howjsay-misunderstood.mp3]
kiddo	
healing	[sound:howjsay-healing.mp3]
Franklin	
fianc√©e	
Derek	
cascade	[sound:howjsay-cascade.mp3]
capeside	
Buster	
application	[sound:howjsay-application.mp3]
stabbed	[sound:howjsay-stabbed.mp3]
remarkable	[sound:howjsay-remarkable.mp3]
random	[sound:howjsay-random.mp3]
guitar	[sound:howjsay-guitar.mp3]
frog	[sound:howjsay-frog.mp3]
cabinet	[sound:howjsay-cabinet.mp3]
brat	[sound:howjsay-brat.mp3]
wrestling	[sound:howjsay-wrestling.mp3]
Willie	
sixth	[sound:howjsay-sixth.mp3]
scale	[sound:howjsay-scale.mp3]
privilege	[sound:howjsay-privilege.mp3]
pencil	[sound:howjsay-pencil.mp3]
passionate	[sound:howjsay-passionate.mp3]
nerves	[sound:howjsay-nerves.mp3]
lawsuit	[sound:howjsay-lawsuit.mp3]
kidney	[sound:howjsay-kidney.mp3]
disturbed	[sound:howjsay-disturbed.mp3]
crossing	[sound:howjsay-crossing.mp3]
cozy	[sound:howjsay-cozy.mp3]
avatar	[sound:howjsay-avatar.mp3]
associate	[sound:howjsay-associate.mp3]
tire	[sound:howjsay-tire.mp3]
shirts	[sound:howjsay-shirts.mp3]
Sara	
required	[sound:howjsay-required.mp3]
posted	[sound:howjsay-posted.mp3]
oven	[sound:howjsay-oven.mp3]
ordering	[sound:howjsay-ordering.mp3]
mill	[sound:howjsay-mill.mp3]
journal	[sound:howjsay-journal.mp3]
gallery	[sound:howjsay-gallery.mp3]
delay	[sound:howjsay-delay.mp3]
clubs	[sound:howjsay-clubs.mp3]
risky	[sound:howjsay-risky.mp3]
purple	[sound:howjsay-purple.mp3]
nest	[sound:howjsay-nest.mp3]
monsters	[sound:howjsay-monsters.mp3]
honorable	[sound:howjsay-honorable.mp3]
grounded	[sound:howjsay-grounded.mp3]
gene	[sound:howjsay-gene.mp3]
favour	[sound:howjsay-favour.mp3]
electric	[sound:howjsay-electric.mp3]
Doyle	
culture	[sound:howjsay-culture.mp3]
closest	[sound:howjsay-closest.mp3]
Brenda's	
breast	[sound:howjsay-breast.mp3]
breakdown	[sound:howjsay-breakdown.mp3]
attempted	[sound:howjsay-attempted.mp3]
Tony's	
placed	[sound:howjsay-placed.mp3]
Martha	
India	
Dallas	
conflict	[sound:howjsay-conflict.mp3]
bald	[sound:howjsay-bald.mp3]
Anthony	
actress	[sound:howjsay-actress.mp3]
abandon	[sound:howjsay-abandon.mp3]
wisdom	[sound:howjsay-wisdom.mp3]
steam	[sound:howjsay-steam.mp3]
scar	[sound:howjsay-scar.mp3]
pole	[sound:howjsay-pole.mp3]
duh	[sound:howjsay-duh.mp3]
collar	[sound:howjsay-collar.mp3]
CD	
worthless	[sound:howjsay-worthless.mp3]
warlock	[sound:howjsay-warlock.mp3]
sucking	[sound:howjsay-sucking.mp3]
standards	[sound:howjsay-standards.mp3]
resources	[sound:howjsay-resources.mp3]
photographs	[sound:howjsay-photographs.mp3]
introduced	[sound:howjsay-introduced.mp3]
injured	[sound:howjsay-injured.mp3]
graduation	[sound:howjsay-graduation.mp3]
enormous	[sound:howjsay-enormous.mp3]
Dixon	
disturbing	[sound:howjsay-disturbing.mp3]
disturb	[sound:howjsay-disturb.mp3]
distract	[sound:howjsay-distract.mp3]
deals	[sound:howjsay-deals.mp3]
conclusions	[sound:howjsay-conclusions.mp3]
baker	[sound:howjsay-baker.mp3]
vodka	[sound:howjsay-vodka.mp3]
situations	[sound:howjsay-situations.mp3]
require	[sound:howjsay-require.mp3]
Ramsey	
muffin	[sound:howjsay-muffin.mp3]
mid	
measure	[sound:howjsay-measure.mp3]
le	
Jeffrey	
dishes	[sound:howjsay-dishes.mp3]
crawling	[sound:howjsay-crawling.mp3]
congress	[sound:howjsay-congress.mp3]
children's	
briefcase	[sound:howjsay-briefcase.mp3]
Albert	
wiped	[sound:howjsay-wiped.mp3]
whistle	[sound:howjsay-whistle.mp3]
sits	[sound:howjsay-sits.mp3]
roast	[sound:howjsay-roast.mp3]
rented	[sound:howjsay-rented.mp3]
pigs	[sound:howjsay-pigs.mp3]
penis	[sound:howjsay-penis.mp3]
massive	[sound:howjsay-massive.mp3]
link	[sound:howjsay-link.mp3]
Greek	
flirting	[sound:howjsay-flirting.mp3]
existed	[sound:howjsay-existed.mp3]
deposit	[sound:howjsay-deposit.mp3]
damaged	[sound:howjsay-damaged.mp3]
bottles	[sound:howjsay-bottles.mp3]
Vanessa's	
unknown	[sound:howjsay-unknown.mp3]
types	[sound:howjsay-types.mp3]
topic	[sound:howjsay-topic.mp3]
robin	[sound:howjsay-robin.mp3]
riot	[sound:howjsay-riot.mp3]
overreacting	[sound:howjsay-overreacting.mp3]
minimum	[sound:howjsay-minimum.mp3]
logical	[sound:howjsay-logical.mp3]
impact	[sound:howjsay-impact.mp3]
hostile	[sound:howjsay-hostile.mp3]
embarrass	[sound:howjsay-embarrass.mp3]
casual	[sound:howjsay-casual.mp3]
beacon	[sound:howjsay-beacon.mp3]
amusing	[sound:howjsay-amusing.mp3]
altar	[sound:howjsay-altar.mp3]
values	[sound:howjsay-values.mp3]
ultimate	[sound:howjsay-ultimate.mp3]
skinny	[sound:howjsay-skinny.mp3]
recognized	[sound:howjsay-recognized.mp3]
maintain	[sound:howjsay-maintain.mp3]
goods	[sound:howjsay-goods.mp3]
covers	[sound:howjsay-covers.mp3]
Claus	
battery	[sound:howjsay-battery.mp3]
survival	[sound:howjsay-survival.mp3]
Spellman	
skirt	[sound:howjsay-skirt.mp3]
shave	[sound:howjsay-shave.mp3]
prisoners	[sound:howjsay-prisoners.mp3]
porch	[sound:howjsay-porch.mp3]
med	[sound:howjsay-med.mp3]
ghosts	[sound:howjsay-ghosts.mp3]
favors	[sound:howjsay-favors.mp3]
drops	[sound:howjsay-drops.mp3]
dizzy	[sound:howjsay-dizzy.mp3]
chili	[sound:howjsay-chili.mp3]
breasts	[sound:howjsay-breasts.mp3]
Benjamin	
begun	[sound:howjsay-begun.mp3]
beaten	[sound:howjsay-beaten.mp3]
advise	[sound:howjsay-advise.mp3]
transferred	[sound:howjsay-transferred.mp3]
strikes	[sound:howjsay-strikes.mp3]
rehab	[sound:howjsay-rehab.mp3]
raw	[sound:howjsay-raw.mp3]
photographer	[sound:howjsay-photographer.mp3]
peaceful	[sound:howjsay-peaceful.mp3]
leery	[sound:howjsay-leery.mp3]
kraft	
Houston	
hooker	[sound:howjsay-hooker.mp3]