tables	tabelas, mesas, quadros, gráficos​,colher colher de sopa​,colheradas,lençóis freáticos, lençóis de água, camadas freáticas
sympathy	condolência compaixão solidariedade​,profunda solidariedade profunda simpatia profundas condolências, profundos sentimentos​,sincera simpatia​,condolência expressão de boa vontade testemunho de simpatia manifestação de solidariedade​
pill	pílula comprimido cápsula​,travesseiro almofada descanso​,pilar coluna​,borboto​
pee	xixi chichi​,par colega, nobre​,perscrutar igualar emergir despontar​,casca pá​,descascar​
lean	enxuto magro reduzida simples​,apoiar curvar(-se)​,inclinação​,apoiado​,apoiada​
filthy	sujo imundo sórdido indecente​,podre de rico muito rico ​
cliff	falésia penhasco precipício despenhadeiro​,falésias, penhascos, escarpas, arribas,de suspense ​,frente do rochedo​
burger	hambúrguer​
web	web site rede teia​,tecer​,website site sítio​
seventeen	dezessete num, dezassete num ​,décimo sétimo num, décima sétima num ​
landed	desembarcado, pousado, descarregados descarregado conseguido​,aristocracia rural​,preço no destino​
expression	expressão manifestação termo dito​,manifestação de interesse expressão de interesse​,expressão genética expressão do gene​,expressão idiomática​
entrance	entrada porta ingresso​,entrada hall de entrada átrio salão de entrada​,joia de admissão taxa de entrada taxa de admissão preço das entradas​,entradas
employee	funcionário empregado trabalhador colaborador​,compromisso dos colaboradores envolvimento dos funcionários engajamento dos empregados​,benefícios dos empregados, benefícios para empregados, benefícios aos funcionários, benefícios do pessoal​,rotatividade de empregados rotatividade de funcionários rotatividade dos empregados rotação de colaboradores​
drawing	desenho figura​,mesa de desenho prancheta de desenho​,elaboração processo de elaboração​,sala de visitas​
cap	limite tampão touca barrete​,tampar​
bunny	coelhinho coelho​,orelhas de coelhinha,coelhinha​
bracelet	pulseira​,pulseiras
thirteen	treze num ​,décimo terceiro num ​
scout	escoteiro olheiro batedor​,escotismo​,de aferição ​,escoteiros, batedores, olheiros​,escoteiro​
principal	principal capital central fundamentais​,diretor mandante protagonista​,mandantes​



facility	instalação facilidade unidade instituição​,facilidade de crédito​,unidade fabril instalação de fabrico unidade de fabricação unidade industrial​,gestão de instalações gerenciamento de instalações gestão das instalações gestão de imóveis​

deeper	profundos mais fundo mais aprofundada mais intenso​,compreensão mais profunda entendimento mais profundo conhecimento mais profundo compreensão aprofundada​,conhecimento mais aprofundado conhecimento mais profundo aprofundado conhecimento​,ideia sólida​
arrive	chegar vir suceder​,chegado​,chegar a algo​,obtidas alcançada​
unique	único exclusiva original singular​,singularidade originalidade unicidade especificidade​,visitantes únicos​,características únicas, características singulares, características originais
tracking	rastreamento monitoramento monitorização rastreio​,rastreadores​,número de rastreamento número de acompanhamento número de seguimento número de rastreio​,sistema de rastreamento sistema de seguimento sistema de localização sistema de monitoramento​,rastreamento de veículos acompanhamento de veículo rastreamento veicular rastreio de veículos​
spite	despeito ódio rancor​,implicar​,apesar de prep ​,vingativos maldoso​
shed	derramar perder verter mudar​,derramadas eliminado soltos​,galpão estábulo telheiro curral​,derramamento​,depósito de ferramentas​
recommend	recomendar​,recomendação​,recomendado, recomendados recomendável indicado​,preço a retalho recomendado preço de retalho aconselhado​

nanny	babá ama​,cabra​
naive	ingênuo ingénuo inocente​,ingenuidade​,ingenuidade​
menu	menu lista cardápio ementa​,barra de menu barra do menu​,menu suspenso menu descendente​

diet	dieta regime dieta alimentar​,dietético alimentar alimentares nutricional​,nutricionista dietista​
corn	milho calo​,canto esquina curva escanteio​,pedra angular pilar alicerce marco​,fundamento​
authorities	autoridades, governo entidades, entidades competentes,autoridades fiscais, administração fiscal administrações fiscais,autoridades reguladoras, autoridades regulamentadoras, entidades reguladoras, autoridades regulamentares,autoridades de saúde, autoridades sanitárias, autoridades da área da saúde

separated	separado, dividida divididos afastado​

patch	mancha remendo adesivo pedaço​,remendar​,desigual fragmentadas irregular fragmentado​,de retalhos ​,patchwork mosaico manta de retalhos emaranhado​
grey	cinza cinzento grisalhos nublosa paralelo​,galgo​,zona cinzenta área cinzenta área nublosa​,zona de penumbra​,literatura cinzenta​
dime	moeda de dez centavos tostão​
devastated	devastado, destruído destruídos assoladas​
description	descrição descritivo definição caracterização​,descrição de funções descrição das funções descrição do trabalho descrição da função​,descrições de cargos,breve descrição descrição breve descrição sucinta rápida descrição​
tap	torneira toque​,utilizar explorar bater​,círio​,esvaziamento tomada para derivação​
subtle	sutis subtis sutil subtil​,subtileza sutileza delicadeza​,subtilezas, sutilezas,forma sutil forma subtil maneira subtil​
include	incluir conter​,incluído, incluso presente integrado​,serviços incluídos​,ser incluído​

garrison	guarnição​
citizen	cidadão cidadã habitante​,nacionalidade​,cidadania​,cidadão corporativo cidadão empresarial cidadã corporativa​

beans	grãos, feijões​,feijões verdes​,feijões comuns​,feijão cozido feijões cozidos​

pile	pilha monte pêlo​,empilhar​,empilhar acumular acumular-se empilhar-se​,empilhado amontoado​,pilha de chapas​
metal	metal​,metálico metalúrgico metalizado​,chapa metálica metal laminado​


executive	executivo executiva gerente ​,executivo de gestão, administrativo​,sumário executivo resumo executivo​,presidente executivo diretor executivo chefe executivo comandante executivo​,presidente, director executivo Diretor Geral Executivo Principal​
confirm	confirmar aprovar sustentar corroborar​
capital	capital capital investimento verba​,importante vital​


toe	dedo do pé​,dedos, dedos dos pés​,apoio​,dedo grande do pé dedão dedão do pé​

parade	desfile parada cortejo pompa​,desfilar​,campo de manobras​,parada de sucessos​


bow	arco proa curva reverência​,curvar inclinar​,tigela bacia taça tina​,jogar boliche jogar bowling​,intestino intestinos​
borrowed	emprestado de empréstimo, emprestados alheio​,dinheiro emprestado​,empréstimos contraídos, financiamentos contraídos​,capital emprestado capital alheio​
booth	cabine cabina expositor barraca​,cabine fotográfica​,cabina telefónica telefone público orelhão​,cabina de vaporização​

straighten	arrumar​,alisamento endireitamento​,alisado esticado endireitado retificado​,endireitar​
steak	bife filé​,churrascaria​,bife do lombo de vaca​,febra de porco​
status	situação status estatuto estado​,statu quo estado atual situação vigente situação existente​,estado civil situação conjugal estado conjugal estado matrimonial​
remote	remoto remotos remotas distante​,remotamente​,controle remoto controlo remoto telecomando comando da televisão​,sensoriamento remoto teledetecção detecção remota​
premonition	premonição pressentimento presságio​
poem	poema​
planted	plantado, cultivada implantada semeados​,florestas plantadas,área plantada​
honored	honrado, honrados consagrada​,convidado de honra​
youth	jovem, juventude infância​,jovem juvenil jovial juvenis​,jovens pl, juventude​,albergue pousada de juventude albergue da juventude​
specifically	
meetings	reuniões, encontros, sessões,assembleias gerais, reuniões gerais,reuniões regulares, reuniões periódicas, reuniões ordinárias, encontros periódicos​,reuniões presenciais, encontros presenciais​

exam	exame teste prova​,exame análise avaliação teste​,por exemplo​
daily	diário quotidiano cotidiano quotidianas diariamente diário cotidiano​,base diária hábito diário base quotidiana​,cotidiano quotidiano vida quotidiana vida cotidiana​,diária taxa diária tarifa diária​
convenient	conveniente convenientes adequado prático​,localização conveniente local conveniente localização privilegiada lugar conveniente​


laying	colocação assentamento postura​,colocação dos tubos​,instalação de cabos​,galinhas poedeiras

crystal	cristal​,cristalino límpidas​,cristalino absolutamente claro​,ecrã de cristais líquidos visor de cristais líquidos​,cristalino​
apply	aplicar pedir requerer usar​,aplicável candidatas aplicáveis referentes​,candidatar-se inscrever-se para algo candidatar-se a algo​,candidatar-se a um emprego concorrer a um emprego​

technology	tecnologia​,tecnologia da informação tecnologia de informação tecnologia das informações​,diretora de tecnologia​,tecnologia proprietária tecnologia própria tecnologia patenteada tecnologia exclusiva​
steel	aço​,siderúrgico​,aço inoxidável aço inox​,aço macio​,aço-carbono aço de carbono​
muscle	músculo​,forçar​,músculo liso​,músculos​,tensão muscular estiramento muscular esforço muscular​

dish	prato antena travessa​,parabólica​,pratos, louça loiça louças,máquina de lavar louça lavadora de louça​,acompanhamento​

sis	mana irmã​,irmã freira​
sales	venda vendas,vendedor​,vendas líquidas, receita líquida de vendas faturamento líquido valor líquido das vendas​,gerente de vendas, gerente comercial, responsável de vendas, responsável comercial ​

legend	lenda legenda mito​,lendário legendário lendárias famosa​
kindly	
grandson	neto​,netos​
donor	doador doadora dador financiador​,agências doadoras, entidades doadoras, agências de doação,financiamento dos doadores​,doador de sangue dador de sangue​

temper	temperamento têmpera disposição humor​,temperar moderar ajustar diminuir​
teenager	adolescente jovem ​
strategy	estratégia política​,estratégia de negócio estratégia de negócios estratégia empresarial estratégia comercial​,estratégia de saída estratégia de retirada estratégia de desinvestimento​,estratégia corporativa estratégia empresarial estratégia da empresa​

proven	comprovado provado testado demonstrado​

monitor	monitorar controlar acompanhar vigiar​,monitor monitora tela vídeo​,monitoramento acompanhamento monitorização controlo​,de localização ​
iron	ferro ferro de engomar ferro de passar roupa​,de ferro, ferroso férreo​,passar​,ferro fundido​,minério de ferro​
houses	casas, habitações, residências,câmaras do parlamento,pensão​,moradias geminadas
eternity	eternidade perenidade infinito​
denial	negação recusa rejeição indeferimento​,recusa de serviço​,negação de justiça denegação de justiça sonegação de justiça​



tent	tenda barraca barraco​,provisório preliminar hesitante experimental​
swell	inchar aumentar crescer​,ondulação inchaço morro​,inchado grã-fino vaidoso formidável​,inchaço edema inflamação dilatação​,inchaços, tumefacções
noon	meio-dia​,ao meio-dia​,meio-dia​,meio-dia​

gotcha	
episode	episódio capítulo​,episódio depressivo​
drives	acionamentos, unidades, discos, movimentações,acionamentos auxiliares​,motopropulsoras,unidade de disco​
bacon	bacon toucinho entremeada​

spirits	espíritos, álcool aguardente bebida espirituosa​,essências minerais, álcoois minerais​,bom humor alegria de espírito​,alto astral​,álcool desnaturado​
potion	poção​,poção mágica​,poção do amor​

fence	cerca barreira cerco obstáculo​,cercar​,cercado, fortificada encurralados​,cerca feita de estacas​,cerca de perímetro​
dial	mostrador indicador disco relógio de sol​,discar medir​,dialogar​,debate​

acts	leis, gestos​,atos jurídicos, atos legais​,atos societários​,medidas de aplicação
whatsoever	qualquer​
ward	ala enfermaria guarda custódia​,afastar algo/alguém proteger guardar algo/alguém​,guarda-roupa roupeiro armário vestuário​,administrador prefeito supervisor​,evitar afastar algo/alguém​
rehearsal	ensaio​,ensaio geral​,jantar de ensaio​,sala de ensaio​
proved	provadas provados revelado comprovados​
overheard	ouvido​
nuclear	nuclear nucleares atómicas​,família nuclear​

leather	couro peles, cabedal​,coureiro​,coriáceo endurecido​,couro envernizado​,artigos de couro, produtos de couro, artigos em couro​

hammer	martelo marreta​,martelar​,martelamento​,martelado ​,elaborar malhar​
faced	enfrentados confrontados enfrentada encontrados​
discover	descobrir encontrar algo/alguém desvendar achar​,descoberta descobrimento achado detecção​,descoberto, encontradas revelados​,descobertos detectáveis​
constant	constante​,constantes permanente permanentes uniforme​

bench	banco bancada tribunal​,referência marco parâmetro de referência referencial​,avaliação comparativa aferição análise comparativa​,referências, indicadores, referenciais, critérios​

taxi	táxi​,estande do táxi​,exigente penoso​
shove	empurrar algo/alguém enfiar​,empurrão​,pá​,pás,pá a neve​


moron	idiota tolo imbecil s, burro​,estúpido​,idiota​


impress	impressionar imprimir​,impressionante impressionantes imponente imponentes​,impressão ideia marca sensação​
gray	cinza cinzento​,cor cinza​,área cinza zona cinza área de indefinição​,envelhecimento​,água cinza​
entitled	intitulado, denominado titulares emitida​,com direito a voto ​,pessoa habilitada​,com direito a benefícios ​
connect	conectar ligar unir associar​,conexão relação​,em conexão com prep, em ligação com prep ​,ligado, conectado ligadas relacionado​
pussy	boceta gatinha xoxota​,gatinha gatinho​,tergiversar​
needle	agulha ponteiro ponta​,escusado desnecessário inútil​,válvula de agulha válvula de agulhas​,bordado​

limit	limite prazo limitação demarcação​,limitar restringir confinar​
lad	jovem​,rapaz menino moço​,escada escadote escala​
intelligent	inteligentes racional ponderada​,inteligentemente​,intelectualidade​,design inteligente projeto inteligente modelo inteligente planejamento inteligente​
instant	instantâneo imediato​,instante momento​,instantaneamente imediatamente directamente​

disagree	discordar divergir contradizer desacordar​,desacordo discordância divergência desentendimento​,desagradável desagradáveis​,desacordos, desentendimentos, discordâncias
tiger	tigre​,tigre de papel​,tigres​,camarão tigre​


recover	recuperar recuperar-se resgatar refazer-se​,recuperação restabelecimento retomada​,recuperado, reciclado recuperável retirado​,recuperação de desastres recuperação após desastres recuperação de falhas​



groom	noivo​,aliciamento sedução asseio escovação​,preparado tratado​,noivos​
gesture	gesto sinal​,controle por gestos controlo gestual controlo por gestos​,gesto simpático gesto bonito gesto positivo bonito gesto​,gesto simbólico​
developed	desenvolvido, concebido criado​,mundo desenvolvido países desenvolvidos​,países desenvolvidos, países industrializados, países ricos​,países menos desenvolvidos​


bartender	barman garçom​
tunnel	túnel galeria​,visão em túnel​,síndrome do túnel do carpo​,encapsulamento construção de túneis​

sealed	selado selada lacrado, seladas​,hermeticamente selado, hermeticamente fechado ​,envelope lacrado envelope selado envelope fechado sobrescrito fechado​,farol selado​
removed	removido, retirado retirados eliminado​
paradise	paraíso​,ave do paraíso​,ilha paradisíaca​,paraíso de férias​

illness	doença enfermidade mal​,doenças, enfermidades, males​,doença mental distúrbios mentais, enfermidade mental​,doença crítica doença grave​



vehicle	veículo viatura instrumento carro​,veículo motorizado veículo a motor veículo automóvel veículo com motor​,veículos automóveis, veículos automotores​,rastreamento de veículos acompanhamento de veículo rastreamento veicular rastreio de veículos​


sheet	folha chapa ficha​,balanço​,folha de dados ficha de dados ficha informativa planilha de dados​,folhas, chapas, lençóis, placas
receive	receber acolher aceitar​,receptor destinatário recipiente síndico​,recebido, obtido acolhido recepcionados​,liquidação recuperação judicial​
psychic	psíquico mística anímicas espírita​,físico psíquico​


denied	negado, recusada denegada​,acesso negado ​
teenage	juvenil​,adolescente jovem ​,gravidez na adolescência​,adolescência​

rabbit	coelho coelha​,toca do coelho toca de coelho​,coelheira​,coelho bravo coelho selvagem​
puppy	cachorro cão cachorrinho filhote de cachorro​,amor de jovem​,cachorro​

knocking	pancada​,motor batendo​
judging	julgadora examinadora judiciosa​,júri painel de jurados banca de avaliadores​,critérios de julgamento​,comissão julgadora​

behalf	nome benefício​,em nome de prep ​,por sua própria conta​,nosso favor​
accidentally	
waking	desperto acordada​,horas de vigília, tempo de vigília​,sonho acordado​,estado de vigília​
ton	tonelada​,tom tonalidade som sinal sonoro​,harmonizar​,língua fala​,hoje à noite​
superior	superior​,alto elevado excepcionais avançadas​
slack	folga​,frouxo soltos negligentes fraco​,soltar afrouxar​,abrandar descuidar-se​,mais frouxo​

rumor	rumor boato​,boatos​

manners	maneiras, modos, costumes​,boas maneiras, bons costumes, bons modos, educação​,más maneiras, má educação​,modos à mesa, boas maneiras à mesa, etiqueta à mesa​
homeless	sem-teto desabrigado desabrigadas desalojadas​,desalojamento privação de alojamento privação de habitação​,desabrigados, pessoas desabrigadas, moradores de rua​,sem-abrigo pessoa sem abrigo​
hollow	oco vazio vazado côncavo​,vazio cavidade depressão buraco​,eixo oco veio oco​,escavação​,secção oca​



critical	crítico críticos fundamental​,criticidade​,caminho crítico via crítica​,massa crítica grupo crítico​,limiar crítico​
coward	cobarde covarde​,cobardia covardia​,covardia​

theme	tema assunto temática tópico​,parque temático parque de diversões parque de atracções complexo de entretenimento​,música tema​,festa temática​

sheets	folhas, chapas, lençóis, placas,fichas de dados, folhas de dados, planilhas de dados,fichas de segurança, fichas de dados de segurança,chapas de aço, folhas de aço
referring	referente referentes relativo referidas​,médico referente​
personnel	pessoal funcionários, equipe​,pessoal fundamental posto-chave pessoal essencial​,pessoal de serviço​,pessoal médico equipe médica​



item	item artigo ponto número​,item de linha item individual item do documento​,detalhados detalhado pormenorizada discriminado ​

gear	engrenagem equipamento marcha transmissão​,caixa de velocidades caixa de engrenagem caixa de câmbio caixa de redução​,voltado orientado, orientadas adaptadas​,engrenagem​

majesty	majestade​
forest	floresta mata​,silvicultura​,florestais​,evitar prevenir impedir antecipar​,silvicultor guarda-florestal, guarda florestal​

exposed	exposto, sujeitos sujeito descoberto ​,concreto aparente concreto exposto​,pessoas expostas



producer	produtor produtora fabricante ​,produtor executivo​,produtor de filmes produtor de cinema produtor cinematográfico​,produtor de alimentos​
launch	lançamento arranque abertura lancha​,lançar​,lançado, inaugurado iniciado aberto​,arremesso​,lançador iniciador​
jay	gaio​
instinct	instinto​,instintivo​,instintivo​,instinto de jogar​
extreme	extremo radicais radical difíceis​,extremo​,esportes radicais​,condições meteorológicas extremas, eventos climáticos extremos, eventos meteorológicos extremos​,extremos​
belief	crença convicção fé religião​,sistema de crenças sistema de convicções​,conhecimento e crença ciência e fé​,inacreditável​
quote	citação orçamento cotação estimativa​,citar dar mencionar cotar​,citado, cotados cotado cotadas​,cotação pedido de orçamento​,preço cotado preço estipulado preço oferecido​
motorcycle	moto motocicleta​,motocicletas, motos,corridas de moto, corrida de moto​,acidente de moto acidente de motocicleta​
convincing	convincente acreditável credível concludentes​,convencimento​,argumento convincente​,prova convincente​,performance convincente​
appeal	recurso apelo pedido atrativo​,apelar recorrer atrair​,atraente apelativa bonito interessantes​,recursos, apelos​,sex appeal​
advance	antecedência avanço adiantamento progresso​,antecipado adiantado​,avançar promover adiantar progredir​,com antecedência​,avançado, alta desenvolvido, elevado​
greater	maior superior acrescido superiores​,bem maior bem de todos​,maior grau maior extensão​,maior valor valor superior​
fashioned	formado​
empire	império​,império mediático​,império colonial​,império global​
aids	ajudas, auxílios​,aids​,SIDA​,auxílios visuais, recursos visuais, ajudas visuais, ferramentas visuais
accomplished	realizado, feito, atingidos​,missão cumprida​,facto consumado fato consumado​,trabalho efetuado​
ye	vós​, ainda já​,contudo, no entanto, porém, embora​,fermento​,ontem​



grip	aderência aperto punho tenaz​,agarrar prender apanhar​,queixa​,preensão​,cativante arrebatadora​
bump	bater sacolejar chocar-se​,colisão galo pancada impacto​,pára-choques para-choque amortecedor​,acidentado irregulares turbulento rugoso​,colidida esbarrado​

upsetting	perturbador desconcertante inquietadoras desolador​

scheduled	programado, agendado, prevista previstos​,manutenção programada​,data prevista data programada​,hora marcada horário programado hora programada hora prevista​
production	produção produto fabricação fabrico​,instalações de produção, unidades de produção, unidades fabris, instalações produtivas,execução da produção etapa da produção ciclo de produção fase de produção​,gerente de produção gestor de produção diretor de produção responsável de produção ​
needing	

invisible	invisível invisíveis imperceptível imperceptíveis​,mão invisível​,tinta invisível​,exportações invisíveis
forgiveness	perdão misericórdia​,perdão da dívida remissão da dívida cancelamento da dívida​

complex	complexo conjunto rede​,complexo complicado difícil exigentes​
compare	comparar​,comparado com, comparada com ​
cloud	nuvem nebulosidade​,nublado turvo nebuloso enevoadas​,computação em nuvem nebulosa computacional computação na nuvem​,nublado, ensombrado ofuscada sombrio​
champion	campeão paladino defensor​,defender​,campeonato torneio competição​,atual campeão campeão em título detentor do título​,Liga dos Campeões​

blank	branco em branco, vazio​,cobertor manta camada manto​,geral global generalizado unívoca​,espaços pl ​,vagamente​
treasure	tesouro riqueza joia jóia​,apreciar​,estimado, valioso apreciado ​,tesoureiro caixa​,baú do tesouro arca do tesouro cofre do tesouro cofre de tesouro​
tooth	dente​,dor de dente​,pasta de dentes​,escova escova de dentes​
territory	território terreno campo​,território inexplorado​,território nacional​,território palestiniano​
sacred	sagrado sacro santa​,sagrado sacralidade santidade​,lugar sagrado local sagrado espaço sagrado lugar santo​,local sagrado lugar sagrado​


inviting	convidativo acolhedor​
inner	interior interno interiores íntimo​,interna íntimo mais profundo​,centro da cidade​,círculo interno círculo interior círculo mais restrito círculo íntimo​
earn	ganhar receber render merecer​,resultados, lucro ganhos, lucros​,ganho, auferido obtidos merecido ​,sério sincero​,seriedade​
compromise	compromisso acordo meio-termo concessão​,ajustar​,comprometida comprometidos danificados compromissada​,compromissos, concessões,solução de compromisso​
cocktail	coquetel​,vestido para coquetel​,coquetel de recepção​,cocktail de camarões​
tramp	mendigo vagabundo marcha​,vagabundear​,pisar​,atropelo​,pisoteados​
temperature	temperatura​,faixa de temperatura amplitude térmica gama de temperaturas intervalo de temperatura​,temperatura ambiente temperatura da sala temperatura ambiental​,temperatura de funcionamento temperatura de operação temperatura operacional temperatura de serviço​
signing	assinatura celebração​,signatárias assinantes​,bônus de assinatura​,contratações,sessão de autógrafos​
messenger	mensageiro mensageira​,mensageiro instantâneo mensageiro imediato​,serviço de mensagens serviço de mensageiro serviço de mensageiros​,correio expresso​
landing	aterragem pouso desembarque aterrissagem​,página inicial página de entrada​,trem de aterragem trem de aterrissagem​,páginas de destino

intimate	íntimo intimista profundo familiar​,contato íntimo estreito contato​,relação íntima relacionamento íntimo estreita relação relação de intimidade​,ambiente íntimo ambiente intimista local íntimo​
dignity	dignidade honra​,dignidade humana dignidade do Homem​,dignidade pessoal dignidade das pessoas dignidade do indivíduo​,dignidade real​
dealt	tratado dadas distribuídas​,enfrentado considerada​

root	origem fonte cerne​,enraizar​,raiz do problema causa principal principal causa causa fundamental​,enraizado arraigado, radicado​,causas profundas, principais causas, causas de raiz, causas fundamentais

informed	informado, avisado atualizado, fundamentadas​,consentimento informado consentimento esclarecido​,decisão informada decisão consciente decisão fundamentada decisão esclarecida​,escolha informada escolha esclarecida escolha consciente escolha certa​


entertainment	entretenimento lazer animação divertimento​,entretenimento doméstico entretenimento em casa​,entretenimento comercial​,despesas de representação, despesas com entretenimento, despesas de manutenção, gastos com diversões​
dressing	curativo penso molho tempero​,camarim vestiário gabinete de prova​,molho para salada tempero da salada guarnição para salada molho de salada​,molhos, curativos​

blessing	bênção benção dádiva​


upper	superior alta superiores máximo​,antebraço braço superior​,preponderância​,superior mais alto cimeira superior mais alto​

manner	forma maneira modo​,tempo hábil tempo oportuno modo oportuno​,maneiras, modos, costumes​,maneirismo​
lightning	raio relâmpago​,relâmpago​,trovoada​,para-raios​
leak	vazamento fuga goteira rotura​,vazar escapar fazer água​,vazamento fuga vazamentos, derrame​,vazada divulgados revelada divulgada​,indiscreto radiante vazante​

fond	apaixonado carinhoso amigo​,afeição carinho gosto apreço​,acariciar​,fondue​


alternative	alternativa opção​,alternativo diferentes novo alternado​,alternativas, opções, variantes,medidas alternativas,energia alternativa​
seduce	seduzir​,seduzido seduzidos​,sedutor sedutora​

operate	operar funcionar agir comandar​,operado, realizados administrados controlado​,liberdade de ação​,licença para operar licença de operação licença para funcionar licença para funcionamento​,licença para operação licenciamento para operar​
modern	moderno atual atuais contemporâneo​
liquor	licor aguardente bebida alcoólica​,alcaçuz​,loja de bebidas loja de bebida alcóolica​,bebida destilada​


fingerprints	digitais, impressões digitais
enchantment	encantamento deslumbramento​,encantos​

stuffed	recheado, cheio empalhado repleto​,animal de peluche animal de pelúcia bicho de pelúcia​,bichos de pelúcia, animais empalhados​,bonecos de pelúcia​



filed	arquivado, apresentado apresentados​,ação movida​

division	divisão departamento repartição​,repartir​,divisionário​,divisões, divisórias, circunscrições, setores​,director da divisão diretor da divisão​



transplant	transplante de transplantação​,transplantar​,transplante transplantação​


powder	pó pólvora poeira​,pulverizar polvilhar​,fermento em pó​,em pó, pulverulento​,em pó, pulverizado particulados​

oxygen	oxigénio oxigênio​,terapia de oxigênio​,consumo de oxigênio​,demanda bioquímica de oxigênio​
nicely	

lunatic	lunático maluco​,lunático​,parcela lunática minoria fanática​,clínica psiquiátrica manicômio​

drill	broca perfuração perfuratriz furadeira​,perfurar furar brocar​,perfuração​,broca​,perfurado furado abertos perfuradas​
designs	desenhos, modelos, designs, concepções,desenhos industriais​,novos desenhos, novas concepções
complain	reclamar queixar-se​,reclamação queixa denúncia​,reclamante queixoso​,queixado​
announcement	anúncio aviso comunicado comunicação​,anúncio público​,aviso de tráfego anúncio de tráfego​,mensagem de voz anúncio por voz​

unfortunate	infeliz lamentável infelizes desafortunado​,situação infeliz situação lamentável lamentável situação infeliz realidade​,coincidência infeliz​,posição infeliz situação desfavorável posição lamentável​
slap	tapa bofetada tapinha palmada​,esbofetar algo/alguém​,esbofeteado ​,palhaçada​,pastelão​
pumpkin	abóbora​,abóboras,torta de abóbora tarte de abóbora​,sementes de abóbora

plug	ficha tomada tampão plugue​,integrar tampar​,ligado conectado plugado conectados​,vela vela de ignição​,plugue de dreno bujão de purga bujão de despejo​
organization	organização entidade sociedade associação​,organograma organograma empresarial mapa organizacional​,organizacional organizacionais corporativos organizativas da organização organizadores​,organograma​

oath	juramento​,juramentos​,sob juramento​,juramento de posse​

mutual	mútuo recíproco mutualista conjunto​,fundos mútuos, fundos mutualistas​,fundo de investimento fundo mútuo fundo mutualista​,acordo mútuo comum acordo mútuo acordo consentimento mútuo​
hockey	hóquei​,hóquei no gelo​,taco de hóquei​,hóquei sobre a grama hóquei de campo​
graduate	graduado licenciado diplomado​,formado estudante ​,graduar graduar-se classificar​,formado graduado, licenciada gradual​,pós-graduação​
confirmed	confirmado, comprovado reconhecida realizado​,solteirão convicto​,quantidade confirmada​
broad	amplo grande vasto largo​,transmitido transmitidos difundido exibido​,difusão transmissão radiodifusão​,transmitir​,mais amplo mais vasto mais lato​
yacht	iate barco veleiro​,iatismo​,iates, veleiros​,clube de iates​
spa	spa balneário termas,livre sobresselentes sobressalente suplentes​,dar economizar disponibilizar​,vão intervalo extensão envergadura​,abranger abarcar​

horn	corno chifre sirene​,excitado calejado​,chifres, cornos, buzinas,vespões​
fried	frito ​,frango frito​,arroz frito​,frituras
extraordinary	extraordinário grande excepcionais excepcional​,resolução extraordinária cancelamento extraordinário rescisão extraordinária​,itens extraordinários​,reunião geral extraordinária​
bait	isca engodo chamariz​,iscos, iscas,isca de peixe​
appearance	aparência aspecto aparecimento​,aparência pessoal​,aparência física aspecto físico​,comparência no tribunal​

abuse	abuso exploração violação fraude​,abusar maltratar algo/alguém insultar violentar​,abuso de substâncias abuso de drogas consumo de substâncias abuso de tóxicos​,abusado, maltratadas maltratada abusiva​,abuso de crianças abuso infantil abuso de menores​

sworn	juramentada juramentadas ajuramentado declarado​,tradutor juramentado​,tradução juramentada​,declaração jurada declaração juramentada declaração sob compromisso de honra​


safely	
reunion	reunião reencontro​,reunião de família reunião familiar reencontro familiar​,reunião da classe​,reunião feliz​
plot	terreno enredo lote parcela​,traçar plotar conspirar delinear​,traçado plotados representada​,conspiração plotagem​,conspirador​

burst	ruptura explosão estouro rotura​,rasgo​,explodir arrebentar estourar romper​,estouro colapso​,repleto​,pressão de ruptura pressão de rebentamento pressão de rotura​
aha	
might've	

experiment	experiência experimento experimentação ensaio​,experimental experimentais piloto experienciais​
experienced	experiente experimentado, especializados reconhecida​,equipe experiente equipa experiente time experiente​,profissionais experientes pl ​,administração experiente​
dive	mergulho​,mergulhar​,diverso diferente diferentes diversificado​
commission	comissão comité encomenda comitê​,encomendar delegar incumbir​,comissionamento​,encomendado encomendados comissionado, pedido​,comissário​
chaos	caos confusão desorganização desordem​,teoria do caos​,caos total​

aboard	a bordo​
returning	retornado regressadas​,cliente cadastrado cliente antigo cliente já registado​
lesbian	lésbica lésbico​,lesbianismo​
independent	independente independentes privado autônomos​,contratante independente​
expose	expor divulgar algo/alguém revelar algo/alguém​,exposto, sujeitos sujeito descoberto ​,concreto aparente concreto exposto​,pessoas expostas
environment	ambiente contexto entorno​,ambiental ecológica de ambiente, naturais​,ecológico amigo do ambiente respeitador do ambiente ecológico​,ambiente empresarial ambiente de negócio ambiente de negócios clima empresarial​

trusting	confiante confiantes crente​,relação de confiança relacionamento de confiança​,cooperação digna de confiança​
spider	aranha​,aranhas,teia de aranha​,macaco-aranha​
smaller	menor menores mais pequena mais pequenos​,escala menor escala mais pequena​,menor tamanho tamanho menor tamanho mais pequeno dimensão mais reduzida​,valor menor valor mais pequeno valor inferior​



booze	álcool bebidas,embebedar-se​
tattoo	tatuagem​,tatuar​,tatuagens,tatuadas tatuada​,tatuador​
sweep	varrer vencer​,varredura​,radicais radical abrangentes esmagadora​,limpeza varredura​,sorteio concurso​
sore	chaga ferida úlcera​,dolorido ferido sensível dorido​,dor de garganta garganta inflamada garganta irritada dor na garganta​,dor​,afta​



parole	palavra​,oficial de condicional ​,comissão de indultos​

effective	eficaz eficazes importante efetivo​,eficácia eficiência efetividade​,data efectiva entrada em vigor data de vigência data de aplicação​,mais efetivo mais efetivas mais proveitoso​
ditch	vala fosso rego​,amaragem​,vala de drenagem​,vala de oxidação​

canceled	cancelado ​,ser cancelado​
bulldog	buldogue​
bra	sutiã​,sucursal ramo filial​,marca tipo tição​,estigmatizar​,suporte faixa colchete parêntese​,agrupar colocar entre parênteses​

speaks	

rubber	borracha caucho​,elástico banda elástica faixa de borracha tira de borracha​,elástico emborrachado​,carimbo​

glow	brilho incandescência fulgor luminosidade​,brilhar arder​,brilhante incandescente radiantes resplandecente​,vela de incandescência​,bastão fluorescente​
foundation	fundação base alicerce fundo​,fundações, fundação fundamentos, alicerces​,fundamental fundacional fundacionais fundador​,pedra fundamental primeira pedra pedra angular pedra basilar​

wears	
thirsty	sedento com sede​,ter sede​

skull	crânio caveira​,protetor de cabeça​,caveiras,base do crânio​


ringing	zumbido som de campainha​,zumbido nos ouvidos​,toque musical​,som de campainha​
dorm	dormitório​,latente dormente latentes dormentes​


bend	dobrar curvar virar​,curva dobra dobramento flexão​,flexão dobramento​,farra​,momento de flexão​
unexpected	inesperado imprevisto inusitado inopinado​,imprevisibilidade​,erro inesperado​,eventos inesperados​
systems	sistemas pl, redes, regimes​,sistemas herdados, sistemas antigos, sistemas existentes, sistemas anteriores​,sistemas de energia, sistemas de potência, sistemas eléctricos, sistemas de alimentação​,sistemas informáticos, sistemas de computação, sistemas informatizados, sistema informático​
sob	soluço​,soluçar​
pat	tapinha palmadinha​,padrão modelo comportamento motivo​,moldar​,típico​,caminho via percurso trajetória​


harsh	difíceis áspero severo agressivo​,dureza aspereza severidade brusquidão​,ambiente difícil ambiente severo ambiente desagradável ambiente hostil​,condições adversas, condições difíceis, condições severas, duras condições
flattered	lisonjeado ​
existence	existência vida realidade​,em vigor, em funcionamento ​,existência legal existência jurídica​,existência continuada existência contínua​


proposed	proposto, prevista oferecidos​,transação proposta operação prevista​,solução proposta proposta de solução​,projeto proposto​

favourite	favorito preferido predileto​,favoritos​,prato favorito alimento preferido prato preferido​,comida preferida​,lugar preferido lugar favorito​
eats	
driven	conduzidos acionado impulsionado orientado​

chin	queixo​,porcelana​
bravo	
seal	selo vedação foca selagem​,selar lacrar fechar​,vedação selagem isolamento​,seladora​,selado selada lacrado, seladas​
rage	raiva fúria furor ira​,enfurecer-se​,momento de fúria acesso de raiva​,raiva cega​


bubble	bolha redoma​,borbulhar​,chiclete​,plástico bolha​,banho de espuma​
border	fronteira borda divisa​,fronteiriço​,fronteira​,fronteiras, bordas, limites​,passagem de fronteira travessia da fronteira travessia de fronteiras passagem da fronteira​
undercover	disfarçado encoberto infiltrados secreto​,agente secreto​,agentes infiltrados​
spoiled	estragado, mimado, danificadas​,criança mimada menino mimado​

shine	brilho luz​,brilhar engraxar​,transparecer​,brilho sedoso​,brilho intenso​
rug	tapete​,robusto resistente reforçado resistentes​,râguebi rúgbi​
identify	identificar localizar​,identificativo identificadores​,marca de identificação marca distintiva​,elemento distintivo elemento identificativo característica identificadora​
destroying	destrutiva​,anjo destruidor​
deputy	deputado representante, delegado​,vice-diretor subdiretor diretor assistente​,vice-presidente da comissão​,vice-prefeito​

conspiracy	conspiração complô​,associação criminosa​,teoria da conspiração teoria conspiratória teoria de conspiração​
clothing	vestuário roupa roupas, vestimenta​,vestuário de protecção​,loja de roupas loja de roupa loja de vestuário​,indústria têxtil indústria do vestuário indústria da confecção​
thoughtful	atencioso ponderado séria pensativo​,consideração ponderação cuidado​,relatório circunstanciado​
similar	similar similares semelhante semelhantes​,semelhança similaridade similitude​

plates	placas, chapas, lâminas,placas de aço,placas base,placas de carro,chapas de matrícula


investment	investimento​,investido​,retorno sobre investimento retorno do investimento retorno de investimento rentabilidade do investimento​,investimento em ações​,banco de investimento​
fridge	frigorífico geladeira frigobar refrigerador​,porta do frigorífico porta da geladeira​

contrary	contrário contrários contrárias contraditório​,contrário invés sing/pl ​,contrariamente às expectativas​,posição contrária postura contrária​,contrário às regras​
beloved	amado querido caro adoradas​,amor​,meu amado​,entes queridos​,ente querido​

allergic	alérgico​,reação alérgica​,rinite alérgica​
washed	lavado, limpo banhado​,afogado acabado​
stalking	perseguição​
solved	resolvido, solucionado, sanado dirimidos​
sack	saco sacola saque​,despedir demitir​,demitido saqueados despedido​,sacos, sacarias,demissão saque​


forgiven	perdoado perdoados​,perdão misericórdia​,perdão da dívida remissão da dívida cancelamento da dívida​



bent	dobrado, curvado flexionados​,inclinação​
approval	aprovação homologação autorização​,aprovações, certificações, autorizações, homologações,aprovação regulamentar aprovação regulatória aprovação dos reguladores​,homologação homologação de tipo aprovação de tipo​
practical	prático possível útil praticável​,praticidade viabilidade praticabilidade pragmatismo​,pegadinha brincadeira peça trote​,experiência prática experiência concreta formação prática​
organized	organizado, ordenado estruturado instituído realizado estruturados ordenada promovidas​,crime organizado​,trabalho organizado​,pessoa organizada​


jungle	selva floresta mata mato​,selva de betão selva de concreto selva urbana​,selva de pedra​,selva urbana​,floresta de asfalto​
involve	envolver implicar exigir trazer consigo​,envolvido, presente implicado implicados​,envolvimento participação comprometimento implicação​,envolvimento da comunidade envolvimento comunitário participação da comunidade participação comunitária​
industry	indústria mercado ramo​,indústria transformadora indústria manufatureira indústria de produção indústria de transformação​,indústria da hotelaria setor hoteleiro​,padrão da indústria padrão do setor padrão industrial norma da indústria​
fuel	combustível carburante​,óleo combustível​,combustíveis, carburantes​,alimentado impulsionado estimulado incentivado apoiado​
dragging	
dancer	bailarino dançarino bailarina​,dançarina do ventre​,bailarino bailarina dançarina de ballet dançarino de balé​,dançarina exótica​
cotton	algodão linha fio​,cotonete​,algodão algodão hidrófilo algodão em rama​,semente de algodão caroço de algodão​
cooked	cozido cozinhado, preparados preparado​,presunto cozido​,legumes cozidos, vegetais cozidos​,batata cozida​


possession	posse propriedade porte possessão​,tomar posse de algo​,posse de droga​,posses materiais

foul	sujo imundo grosseira obsceno​,falta​,jogo sujo jogadas desonestas, jogada desonesta​,calão​,mau tempo​
editor	editor editora​
dull	opaco monótono baço fosco​,insensibilizar​,monotonia chatice estupidez​,lentidão mental​

beneath	sob prep, abaixo de prep ​,abaixo de toda a consideração​


peanut	amendoim​,amendoins, ninharia mixaria​,manteiga de amendoim pasta de amendoim​,óleo de amendoim​
horror	horror repúdio​

grass	relva grama erva capim​,de base ​,prado pastagem pasto pradaria​,gafanhoto​

deaf	surdo mouco​,ensurdecedor​,surdez​,ouvidos moucos​

stunt	proeza truque publicitário acrobacia​,atrofiado prejudicado raquítico definhado​,acrobacias,duplo dublê​
portrait	retrato​,retrato​,modo de retrato posição retrato​,retratista​
painted	pintado envernizado lacado retratado​,superfície pintada​

jealousy	ciúme inveja ciúmes​
hopeless	desesperado perdido desesperançado impossível​,desespero desesperança desânimo​,caso perdido​
fears	receios, pavores​,temível assustador apavorante amedrontador​

conclusion	conclusão resultado encerramento decisão​,em conclusão em suma​,conclusão inevitável​,concluir​
volunteer	voluntário voluntária​,voluntariado​,voluntárias​,voluntariado​,trabalho voluntário ações voluntárias, trabalho de voluntariado​
sword	espada​,espadarte peixe-espada​,espadachim​,espada de dois gumes​
scenario	cenário quadro hipótese​,cenário mais pessimista pior caso​,planeamento de cenários planejamento de cenários planificação de cenários planificação dos cenários​,cenário de base cenário de referência cenário base cenário de partida​
satellite	satélite​,satélites descentralizado​,antena parabólica​,televisão por satélite televisão via satélite​,escritório satélite escritório de representação​


necklace	colar​,colar de diamantes​,colar de pérolas​
men's	masculinas​,saúde masculina saúde dos homens saúde do homem​,roupa masculina vestuário masculino​,terno masculino​

crashed	espatifado​,aeronave acidentada​

chapel	capela ermida​
accuse	acusar culpar incriminar​,acusado arguido denunciadas imputadas​,acusada réu réu​,acusador acusadora​,pessoa acusada indivíduo acusado​
teddy	ursinho​,urso de pelúcia​,ursinho urso de pelúcia ursinho de peluche​
restraining	limitador restritivo repressora moderador​,ordem de restrição ordem judicial​,restrição temporária​
naughty	safada desobediente levado travessa sexy​,rapazinho atrevido​


homicide	homicídio​,homicídio culposo​,taxa de homicídios percentagem de homicídios​,homicídio culposo​
helicopter	helicóptero​,helicóptero de resgate​,piloto de helicóptero​,passeio de helicóptero​
formal	formal formais oficial solene​

firing	disparo tiros, queima​,campo de tiro​,pelotão de fuzilamento pelotão de execução​,pino de queima​



diamonds	diamantes​,diamantes de guerra, diamantes de conflito​,rainha dos diamantes​
devoted	dedicado, devotado vocacionado​,dedicação devotamento devoção​,mãe dedicada​
auction	leilão licitação lota​,leiloar​,leiloeiro​,leiloado leiloada leiloados licitados​,leilão reverso​
videotape	videoteipe videocassete​


reservations	reservas, ressalvas, reticências,reservas de hotel, reservas de hotéis, reservas em hotéis, reservas hoteleiras,reservas indígenas,reservas de lugares




appetite	apetite apetência desejo curiosidade​,apetência pelo risco apetite de risco​,supressor de apetite inibidor de apetite redutor do apetite​,falta de apetite apetite reduzido​



symbol	símbolo sinal emblema​,simbolizar representar​,símbolo de registro​,simbolismo simbologia​
prevent	evitar impedir prevenir​,impedido evitado​,preventiva​
patrol	patrulha ronda​,patrulhar​,patrulhas, rondas,patrulha de fronteira patrulha fronteiriça patrulha das fronteiras​,patrulhamento​

ironic	irônico paradoxal​
flow	fluxo escoamento vazão circulação​,fluir correr circular​,fluxo de caixa movimento de caixa​,corrente fluente provenientes canalizado​,fluxograma organograma​

excitement	excitação entusiasmo emoção agitação​
anyhow	de qualquer maneira de qualquer modo de qualquer jeito​



rape	estupro colza​,estuprar violentar​,colza​,violentada violentadas estupradas violado ​

laughed	
function	função funcionalidade papel capacidade​,funcionar operar​,funcionalidade operacionalidade​,funcional funcionais operativa prático​,funcionamento operação​,funcional funcionais eficaz operante​
core	núcleo centro essência cerne​,essencial crucial​,negócio principal negócio central atividade principal tarefa principal​,núcleos​,valores fundamentais, valores principais, valores centrais, princípios básicos​
charmed	encantado, enfeitiçado ​
carpet	carpete tapete alcatifa​,tapete vermelho passadeira vermelha​,placas de carpetes
bowling	boliche bowling​,boliche pista de boliche​,bola de boliche​
belly	barriga ventre abdómen​,umbigo​,barrigada​,dor de barriga​

sub	substituto​,sujeito assunto caso tema​,sujeita sujeitas submetido passíveis​,sujeitar subjugar​,apresentar submeter sujeitar-se​
shark	tubarão​,agiota s, prestamista​,tubarões​,tubarão-baleia tubarões-baleia​





dealer	revendedor distribuidor concessionário vendedor​,concessionários, revendedores, distribuidores​,concessionário concessionária​,negociante de carros vendedor de automóveis revendedor automóvel revendedor de automóveis​
cooperate	cooperar colaborar ajudar​,cooperado ​,disponibilidade para cooperar vontade de colaborar vontade de cooperar desejo de colaborar​,dever de cooperar obrigação de cooperar dever de colaborar​
bachelor	solteiro bacharelato​,bacharelato​,bacharelato diploma de bacharel curso universitário diploma universitário​,bacharel em ciências, bacharelado em ciências​

accomplish	realizar alcançar realizar algo concluir​,realizado, feito, atingidos​,realização cumprimento concretização proeza​,realizações, feitos​
wakes	velórios​

spotted	manchado, malhado vista pintalgado​,febre maculosa​,onça-pintada​


reservation	reserva ressalva​,reservas, ressalvas, reticências,reserva de hotel reserva hoteleira​,reserva de voo​
fort	fortaleza​,apresentar​,próximo próxima futuras futura​
coke	coque coca cocaína​,coque de petróleo​,forno de coque​,gás de coqueria​
ashes	cinzas,queimado até se converter em cinzas​
yards	estaleiros, pátios pl, jardas,critério parâmetro padrão referencial​,estações de triagem,parques de sucata​

tastes	gostos, preferências, paladares​,todos os gostos​


loft	loft sótão​,elevado alto grandes nobre​,altura altivez​

integrity	integridade seriedade honestidade integralidade​,integridade nos negócios integridade empresarial integridade comercial integridade de negócios​,integridade do ativo​,integridade dos dados segurança dos dados​



suspected	suspeito suspeitados alegada presumível​,suspeita de fraude suspeitas de fraude, fraude presumida fraude suspeita​,casos suspeitos, casos de suspeita​,caso suspeito​
slightly	
qualified	qualificado, capacitados capacitado habilitado ​,pessoal qualificado pessoal especializado pessoal habilitado pessoas qualificadas,altamente qualificado, altamente capacitada​,pessoa qualificada pessoa habilitada pessoa competente​
profit	lucro ganho proveito rentabilidade​,beneficiar favorecer​,rentabilidade​,rentável lucrativo rentáveis vantajoso​,lucros, ganhos, proveitos, rendimentos​
log	registrar conectar​,tora tronco histórico​,logotipo logótipo emblema símbolo​,login autenticação​


investigating	de investigação ​,juiz de instrução​,órgão de investigação​,comissão de inquérito comité de investigação​
inappropriate	inadequado inapropriado impróprio inapropriadas​,inadequação impropriedade​,uso inadequado utilização inadequada uso inapropriado uso indevido​,comportamento inapropriado comportamento impróprio conduta inadequada conduta imprópria​
immediate	imediato próximo direto rápida​,família imediata família próxima família mais próxima família direta​,supervisor imediato​,área imediata zona imediata área próxima entorno imediato​
ginger	gengibre​,pão de especiarias biscoito de gengibre​,atentamente cautelosamente​,ginger ale cerveja de gengibre​
companies	empresas, companhias, sociedades, organizações,Lei das Sociedades​,afiliadas, empresas afiliadas, empresas associadas, companhias afiliadas,empresas controladoras, sociedades controladoras
backed	apoiado suportada suportados respaldada​,reforçado​
sunset	pôr do sol entardecer anoitecer poente​,caducidade​,pores-do-sol​,cláusula de caducidade cláusula de suspensão​
pan	panela frigideira tacho tabuleiro​,painel júri placa pano​

owned	pertencentes detido, detidos controlado​,empresa pública​
nation	nação país povo​,nacional a nível nacional​,nacionalidade​,nacional nacionais público federal​,cidadão cidadã​
lipstick	batom​
lawn	relva gramado relvado grama​,corta-relva cortador de relva cortador de grama​,manutenção de gramados​,vassoura para relva​
compassion	compaixão misericórdia solidariedade piedade​,compassivo solidário solidária misericordioso​,licença de nojo licença por motivos humanitários​,uso compassivo​
cafeteria	refeitório cantina cafetaria lanchonete​,refeitórios​

affected	afetado, influenciado, condicionado atingidos​,parte afetada parte atingida​,partes afetadas,área afetada área atingida região afetada zona afetada​
scarf	lenço cachecol echarpe​,echarpe de seda​,cachecóis​

obsession	obsessão mania​,obsessões,neurose obsessiva​
management	gestão administração manejo gerenciamento​,alta direção gerência sênior alta administração gerência superior​,gestão de activos gestão de ativos gestão de recursos gerenciamento de ativos​,gestão de projectos gestão de projeto gestão de projetos gerenciamento de projeto​

lighten	aliviar iluminar clarear​,alívio aligeiramento​,clareadores​,reduzido, iluminada iluminados realçada​,clareamento da pele​

infection	infecção contágio propagação infeção​,infecção do tracto urinário​,infecção por fungos​,infecção de ferida infecção na ferida​
granddaughter	neta netinha​,netas
explode	explodir detonar estourar​,vista explodida​,explodido explodidos​,vistas explodidas

balcony	varanda sacada​,varanda privada​,balcão de atendimento​
this'll	
storage	armazenagem memória armazém​,depósito quarto de armazenamento espaço para armazenamento área para armazenamento​,refrigeração armazenagem frigorífica estoque em frigorífico estoque em frigorífico​,depósito unidade de depósito área de armazenamento​
spying	espionagem​,espionagem industrial​
publicity	publicidade divulgação propaganda​,veículo publicitário truque publicitário​,direitos de publicidade​,má publicidade publicidade negativa​


depend	depender​,confiável seguro fiável confiáveis​

cue	taco sugestão deixa taco de bilhar​,sugestões visuais
cracked	rachado, quebrado, fissurado fendido​,pele gretada​
conscious	consciente conscientes ciente cientes​,consciência conscientização​,conhecimento consciente percepção consciente​,fluxo de consciência​


ally	aliado​,poderoso aliado forte aliado​
ace	ás craque​
accounts	contas, contabilidade relatos​,contas a receber, valores a receber​,plano de contas plano de contabilidade​,contas anuais, balanços anuais, balanço anual​
absurd	absurdo insensato ridículo risível​,absurdo absurdidade​
vicious	vicioso terrível cruel ferozes​,círculo vicioso ciclo vicioso​,malícia​,ciclo vicioso círculo vicioso​


rap	rap censura​,repreender​,relacionamento empatia harmonia concordância​
potato	batata​,batatas fritas,batatinhas fritas, salgadinho de batata frita​,puré de batata purê de batata​,fécula de batata amido da batata​
invented	inventado criado, desenvolvida​,nome de fantasia​
hood	capô capuz exaustor capa​,cobrir encobrir​,encapuçado ​,moletons​,gangsterismo gângster​

directions	instruções, sentidos, indicações, indicação​,instruções como chegar,instruções de utilização, instruções de uso, instruções para uso, conselhos de utilização​,orientações estratégicas
defendant	réu acusado s, arguido demandado​
bare	nu descoberto desnudo vazio​,mostrar expor​,apenas mal dificilmente​,descalço​,mãos vazias
announce	anunciar divulgar declarar​,anúncio aviso comunicado comunicação​,anunciado, divulgado, revelados mencionado​,anunciante locutor anunciador​

screwing	
samples	amostras, amostra exemplares, amostragens,amostras de sangue,amostras grátis, amostras gratuitas,amostras ensaiadas, amostras para ensaio
salesman	vendedor​,caixeiro-viajante​,caixeiro-viajante​,vendedor de seguros​
rounds	
robbed	roubado ​
leap	salto pulo​,saltar​,dar o salto​,salto de fé acto de fé salto de confiança​,ano bissexto​


insanity	insanidade loucura​
injury	lesão ferimento dano​,danos pessoais, danos corporais, lesão corporal lesão pessoal​,lesão corporal lesões corporais, dano corporal prejuízo físico​,lesão na cabeça ferimento na cabeça​
genetic	genético hereditário​,genética​,geneticista​,engenharia genética manipulação genética​

fighter	combatente lutador guerreiro batalhador​,beligerantes​,caça​,piloto de caça​
document	documento​,documentar​,documental documentais​
burden	carga fardo encargo encargos​,carregar sobrecarregar​,oneroso pesado, difícil​,sobrecarregado sobrecarregados sobrecarregadas onerada​,carga tributária carga fiscal pressão fiscal ônus tributário​

swallow	engolir deglutir engolir algo​,andorinha trago​,ingerido, tragada tragados deglutido​,andorinhas,absorvidos devorado​
slave	escravo escrava servo​,negreiro​,escravidão escravatura servidão​,tráfico de escravos comércio de escravos comércio escravista​,navio negreiro​
reveal	revelar mostrar​,revelado, descoberto mostrados​,revelador elucidativa interessante significativas​,revelador​
religious	religioso consagrada confessionais eclesiástico​,filiação religiosa​,crenças religiosas, convicções religiosas, credos religiosos​,serviço religioso​
possibilities	possibilidades, oportunidades, hipóteses,possibilidades infinitas,possibilidades ilimitadas, ilimitadas possibilidades, possibilidades sem limites, opções ilimitadas,gama de possibilidades leque de possibilidades horizonte de possibilidades​

kidnap	raptar sequestrar​,sequestro seqüestro​,seqüestro sequestro rapto​,raptados​,sequestrador raptor​
gown	vestido bata touca toga​,roupão​,vestido de noite​,roupões​



wishing	interessados desejosos dispostas​
statue	estátua escultura estatueta​,escultural escultural​,estatueta​,estatua de mármore​
stalker	caçador espreitador​
setup	organização situação​,assistente de configuração ​,configurações,configuração da impressão​
serial	serial em série, seriados seriada​,seriado romance​,número de série número serial número de fabrico número de identificação​,porta serial porta de série​
sandy	arenoso​,praia de areia praia arenosa​,praias arenosas,solo arenoso terreno arenoso​
punished	punido punidos castigados penalizados​


dramatic	dramático contundente grave drástica​,aumento dramático aumento significativo aumento drástico enorme aumento​,efeito dramático impacto dramático grande efeito efeito colossal​,mudança radical mudança dramática mudança drástica mudança substancial​
dismissed	dispensado, demitido despedido​


blade	lâmina pá folha​,lâminas, pás,lâmina de barbear lâmina de barba​,escápula omoplata​
seventh	sétimo num ​,sétima arte​
regrets	arrependimentos​
raped	violentada violentadas estupradas violado ​
quarters	alojamento quadrantes, bairros pl, círculos​,alojamento alojamentos, residência acomodações,três quartos​,de muito perto​
produce	produzir fazer elaborar apresentar​,produto​,produtor produtora fabricante ​,produzido, realizado fabricado feita​,produto fresco​
pony	pónei pônei​,rabo de cavalo​

lamp	lâmpada luminária lanterna lamparina​,abajur​


anonymous	anônimo anónimo desconhecido​,relatórios anônimos​
added	adicionado, agregado, acrescentado, adicional​,valor agregado valor acrescentado valor adicional valor adicionado​,valor acrescentado valor agregado​,sublinhado nosso​
tech	técnico tecnológica​,técnico tecnológico​,técnico técnica​,tecnologia​
semester	semestre​,semestre de outono semestre do outono​,Semestre Europeu​,semestre de primavera semestre da primavera​

regarding	relativas referentes relativos respeitantes​

magazines	revistas, armazéns​,revistas especializadas,revistas de moda,revistas profissionais
machines	máquinas, equipamentos​,fresadoras,máquinas de fax, aparelhos de fax​,máquinas de soldagem
lungs	
explaining	
delicate	delicado fino sensível frágil​,charcutaria​,delicadeza​,equilíbrio delicado frágil equilíbrio balanço delicado equilíbrio frágil​


tricked	enganado ​


eager	ansioso ávido disposto desejoso​,ânsia entusiasmo avidez afã​,pessoa muito cuidadosa​,desejoso de saber​
doomed	condenado, fadadas destinado ​,estar condenado​
coffin	caixão ataúde féretro​,caixões​,caixão de zinco​
click	clique estalido​,clicar estalar​,clicado premido​,clique direito​,clicáveis​
cafe	café lanchonete cafeteria cafetaria​,refeitório cantina cafetaria lanchonete​

bureau	gabinete agência escritório departamento​,burocracia​,agência de crédito departamento de crédito​,burocrático burocratizado​
adoption	adopção adoção aplicação adesão​,taxa de adoção taxa de adesão índice de adoção​,adopção de tecnologia adoção de tecnologias adopção tecnológica​,adopção de​


traditional	tradicional convencional antigas clássico​,tradicionalista​,curandeiro​,comércio tradicional​
surrender	rendição capitulação​,entregar-se render-se renunciar a algo renunciar​,rendido, entregues renunciado devolvidas​,rendição​,valor de resgate​
stones	pedras, caroços​,cálculos renais​,pedras de calçada,alicerces, pedras angulares, pedras basilares
stab	punhalada facada pontada​,apunhalar​,estável estáveis seguro sustentável​,estábulo cavalariça curral cocheira​,esfaqueado, apunhalado ​
sickness	doença enfermidade enjoo​,enjoo de movimento enjoos de movimento​,enjoos matinais, enjoos matutinos, enjoo matinal​,doença de altura doença de altitude​
scum	escória espuma escuma ralé​

loop	laço ciclo malha volta​,lacuna brecha saída escapatória​,circuito de retorno​,circuito fechado ciclo fechado loop fechado laço fechado​

generation	geração produção​,geração de energia geração de eletricidade​,fosso entre gerações fractura geracional​,próxima geração nova geração geração futura geração seguinte​
floating	flutuante variável oscilante suspensos​,taxa variável taxa flutuante​,vírgula flutuante​,pavimento flutuante soalho flutuante chão flutuante​
envelope	envelope invólucro sobrescrito envoltório​,envolvido, envolto​,envolvente do edifício​
entered	introduzido inserido inseridos entrado​,dados inseridos​,dados introduzidos, dados preenchidos​,contrato celebrado​
combination	combinação conjugação associação​,combinação de negócios combinação empresarial​,combinação (trava)​,terapia de combinação​
chamber	câmara compartimento assembléia quarto​,câmara do comércio​,camareira​,camareiro mordomo​
casino	cassino​,cassinos, casinos​
worn	usado desgastado gasta vestido​,desgastado​,desgastado​,pilha descarregada​
vault	abóbada cofre caixa-forte catacumba​,abobadado ​,volteio​,grandioso​,salto com vara​
sunshine	sol luz solar luz do sol​,sol brilhante sol radiante sol forte sol ardente​,raio de sol raio de luz​,dia de sol​



plea	apelo defesa súplica argumento​,por favor interj ​,satisfeito, contente contentes felizes​,agradável agradáveis prazeroso aprazível​
photograph	fotografar algo/alguém​,foto retrato​,fotógrafo fotógrafa​,fotográfico​,fotografias
petty	pequenos mesquinho fúteis insignificantes​,dinheiro vivo caixa pequena bagatela​,suboficial​,pequeno furto pequeno roubo​
payback	retorno recuperação reembolso recuperação dos investimentos​,período de reembolso​,tempo do reembolso​,sistema de compensação​
misunderstood	incompreendida incompreendido mal compreendido incompreendidos​

healing	cura cicatrização​,curativo cicatrizantes cicatrizante terapêutica​,cicatrização de feridas cicatrização da ferida cicatrização das feridas cura de feridas​,processo de cura processo de cicatrização processo curativo processo de recuperação​,poder de cura poder curativo força que cura poder curador​



cascade	cascata cachoeira​,cascatas, cachoeiras,controlo em cascata controle em cascata​,efeito em cadeia​


application	aplicação pedido utilização​,aplicações, aplicativos, candidaturas, inscrições pl ​,formulário formulário de candidatura formulário de inscrição formulário de solicitação​,pedido de emprego candidatura de emprego​
stabbed	esfaqueado, apunhalado ​
remarkable	notável notáveis extraordinário impressionante​,feito notável conquista notável êxito notável feito extraordinário​,experiência marcante experiência notável​,desempenho notável​
random	aleatório randômico fortuito casual​,acaso​,randomização aleatoriedade​,aleatoriedade​,aleatoriamente ao acaso​
guitar	guitarra violão​,contrabaixo​
frog	sapo rã ranilha​,sapos, rãs,perereca​
cabinet	gabinete armário escritório ministério​,quadro de comando gabinete de controle cabine de controle armário de controle​,arquivo ficheiro​,armário gabinete de ficheiros​
brat	moleque criança malcriada​,moleques​,malcriada ​
wrestling	luta livre​

sixth	sexto num ​,sexto ano sexto grau​,sexto sentido​,sexta parte​
scale	escala dimensão balança nível​,gravidade​,escalar escamar subir representar em escala​,dimensionada escalados ajustadas redimensionado​,economias de escala
privilege	privilégio prerrogativa regalia​,privilegiado, favorecidos nobre especial​,privilégios mínimos​,privilégios de acesso​
pencil	lápis lapiseira​,lapiseira caixa de lápis​,apontador de lápis​,lapiseira​
passionate	apaixonado dedicado passional intenso​

lawsuit	processo ação judicial ação legal processo judicial​,ação civil​,ação movida​,ação ordinária​
kidney	rim​,feijões comuns​,insuficiência renal falência renal​,doença renal doença dos rins insuficiência renal​
disturbed	perturbado, incomodado conturbado​,relação conturbada relação difícil​
crossing	travessia cruzamento passagem​,passagem de fronteira travessia da fronteira travessia de fronteiras passagem da fronteira​,passadeira passagem para peões passadeira para peões faixa de pedestre​,passagens fronteiriças
cozy	aconchegante acolhedor​,atmosfera aconchegante​
avatar	avatar​
associate	associar​,associada sócio companheiro adjunto​,associadas associada ligado respectivos​,associado a, ligado a ​,professor associado professora adjunta​
tire	pneu​,aborrecer​,cansado, pesada farto fatigadas​,furo no pneu​,pneu sobressalente estepe pneu suplente pneu de reserva​
shirts	

required	necessário exigido requerido, exigidos​,como exigido como previsto​,se exigível ​,campo obrigatório campo requerido campo necessário​
posted	postado publicado, postadas afixados​,trabalhadores destacados​,quantia lançada​
oven	forno fornalha​,forno de microondas​,forno de convecção​,forno de secagem fornalha de secagem​
ordering	ordenação ordenamento​,ordenador solicitante​,emissor do pedido emissor da ordem​,processo de encomenda processo do pedido​,procedimento de encomenda​
mill	moinho fábrica usina lagar​,moer​,moagem trituração​,de fresar ​,milhão num ​
journal	jornal revista diário periódico​,jornalista ​,jornal médico revista médica​,jornalismo​
gallery	galeria tribuna​,galeria de arte​,pontaria​,galeria de fotos galeria de fotografias galeria fotográfica galeria de imagens​
delay	atraso demora retardamento espera​,atrasar retardar adiar​,tardio retardado adiado, postergado​,atrasos, demoras, adiamentos​,atraso de tempo retardo de tempo tempo de demora​

risky	arriscado de risco, perigoso aventurosa​,ativos de risco​,negócio arriscado negócio de risco empreendimento arriscado​,situação de risco​
purple	roxo púrpura violeta lilás​
nest	ninho agrupamento​,aninhado, agrupado ​

honorable	honroso honrado honorável honesto respeitável​,menção honrosa​
grounded	baseado enraizados fundado, imobilizada​,superfície aterrada​,ser fundamentada​
gene	gene​,geral gerais ampla comum​,general​
favour	favorecer​,favorito preferido predileto​,favorecida privilegiado preferido favorecido, preferenciais​,a favor de prep ​
electric	elétrico eléctrico​,elétrico eléctrico​,electricidade eletricidade​,eletricista ​

culture	cultura cultivo​,cultura empresarial cultura corporativa cultura da empresa cultura de empresa​,cultivado, culto criadas​,choque cultural choques culturais​
closest	mais próximo​,amigo mais próximo mais íntima amiga maior amiga mais fiel amiga​

breast	peito mama seio​,cancro da mama câncer de mama câncer mamário cancro de mama​,esterno​,leite materno​
breakdown	desagregação discriminação degradação quebra​,discriminação de custos repartição de custos​,colapso nervoso crise nervosa ataque de nervos​,repartição pormenorizada desagregação detalhada repartição detalhada descrição pormenorizada​
attempted	tentado, tentadas empreendida experimentada​,tentativa de homicídio tentativa de assassinato tentativa de assassínio​,tentativa de suicídio​,tentativa de golpe​

placed	colocado, situado localizado posicionado​,confiança depositada​,segundo colocado​



conflict	conflito guerra confronto contradição​,colidir​,conflitante contraditório divergentes opostas​,conflito de interesse​,conflitos de interesses​
bald	careca calvo​,calvície​

actress	atriz actriz​,atrizes,atriz coadjuvante​,atriz pornográfica atriz pornô​
abandon	renunciar largar​
wisdom	sabedoria sensatez bom senso discernimento​,sabedoria convencional sabedoria popular visão convencional convicção geral​,dente do siso​,sabedoria coletiva​
steam	vapor​,vaporizar​,vaporização​,fumegantes​,cozido cozido a vapor​

pole	pólo polo poste vara​,privilegiada​,polaco​,polacos​
duh	
collar	colarinho coleira colar gola​,prender​,colarinho branco​,clavícula​,colar de perfuração​

worthless	inútil inúteis desvalorizada imprestável​,inutilidade​
warlock	feiticeiro​
sucking	sugador​,leitão​,bezerro de leite vitelo de leite​



introduced	introduzido, apresentado ​
injured	vítima​,ferido lesionado lesado​,pessoa lesada parte lesada parte prejudicada​,pessoa ferida lesado pessoa acidentada pessoa sinistrada​,pessoas feridas, pessoas machucadas
graduation	graduação formatura licenciatura colação de grau​,formatura cerimônia de formatura cerimônia de graduação formatura dos alunos​,graduação do secundário​,ano da formatura​
enormous	enorme grande enormes imenso​,enorme quantidade quantidade enorme grande quantidade enorme volume​,enorme tarefa tarefa gigantesca tarefa hercúlea tarefa imensa​,enorme quantidade número enorme grande número número elevadíssimo​

disturbing	perturbador preocupante inquietante​
disturb	perturbar incomodar atrapalhar​,perturbação distúrbio interferência transtorno​,perturbado, incomodado conturbado​,perturbações, distúrbios, tumultos, desordens
distract	distrair desviar​,distraído, desviada desviadas​,que distrai ​,distração diversão​
deals	negócios, acordos, transações,negócios empresariais, acordos de negócios​,ofertas especiais, acordos especiais, negócios especiais​,acordos comerciais​

baker	padeiro​,padaria panificação panificadora confeitaria​,padarias,produtos de padaria, produtos de panificação​
vodka	vodca​

require	exigir requerer precisar necessitar​,necessário exigido requerido, exigidos​,requisito exigência necessidade condição​,como exigido como previsto​

muffin	muffin​
mid	médio intermédio​,médio central intermédia intermediária​,Médio Oriente np m, Oriente Médio np m ​,Meio Oriente np m ​,seio​
measure	medida procedimento providência ação​,medir avaliar ponderar quantificar​,medição medida mensuração determinação​,medido, mensurados mensurado mensurada​,medições, medidas, mensurações


dishes	pratos, louça loiça louças,acompanhamento​,lavar a louça lavar a loiça​,pratos de carne​
crawling	rastejante​
congress	congresso​,congressista parlamentar​

briefcase	pasta maleta pastinha​

wiped	limpo​,eliminado destruído​
whistle	apito assobio​,apitar assobiar​,informador delator​,denunciar fazer uma denúncia​,apito final​

roast	assado​,assada​,assar torrar​,torrado, assado, tostado, grelhada​,torrefacção torrefação calcinação reprimenda​
rented	alugado, locados locado arrendado​,carro alugado viatura alugada veículo alugado automóvel alugado​,casa alugada​,instalações alugadas

penis	pénis pênis pinto​
massive	maciço enorme massivo grande​,grande escala escala maciça escala gigantesca​,em larga escala​,qualidade maciça​,empreendimento gigantesco​
link	link ligação relação elo​,ligar vincular unir conectar​,ligado, ligados vinculado​,ligação vinculação vínculo interligação​

flirting	paquera​
existed	existido ​
deposit	depósito caução sinal jazida​,depositar sedimentar precipitar​,deposição depoimento depósito destituição​
damaged	danificado, avariado, estragada prejudicado ​,mercadorias danificadas, mercadoria deteriorada mercadoria com defeito mercadorias estragadas,cabelo estragado fios danificados, cabelo danificado​,seriamente danificada​


unknown	desconhecido, ocultos inédita incerto​,incógnitas, desconhecido desconhecidos, incertezas,erro desconhecido falha desconhecida​,quantidade desconhecida​
types	tipos, modelos, tipologias, espécies,composição tipográfica​,datilografia​,impressor​
topic	tópico tema assunto matéria​,tópico atuais atual temática​,tema quente tópico quente tópico relevante tópico em voga​,tema muito debatido​,temas candentes, temas em destaque​

riot	tumulto motim rebelião insurreição​,motins, tumultos, rebeliões, protestos​,tumulto motim​,vibrante desordeiro​
overreacting	
minimum	mínimo básica​,mínimo​,salário mínimo rendimento mínimo remuneração mínima ordenado mínimo​,padrões mínimos, normas mínimas, requisitos mínimos, critérios mínimos​,mínimo dos mínimos mínimo necessário mínimo indispensável mínimo possível​
logical	lógico evidente sensata claro​,quadro lógico enquadramento lógico estrutura lógica suporte lógico​,raciocínio lógico​,raciocínio lógico pensamento lógico​
impact	impacto efeito repercussão influência​,impactado, afetado influenciado atingidos​
hostile	hostis hostil inimigos inimiga​,ambiente hostil​,atitude hostil​,uma aquisição hostil​
embarrass	embaraçar humilhar​,envergonhado, embaraçado embaraçados constrangido ​,constrangimento embaraço vergonha​,embaraçoso constrangedora vergonhoso​
casual	casual casuais ocasionais informais​,acidente baixa vítima casualidade​,baixas, vítimas, perdas, fatalidades
beacon	farol baliza pólo bastião​,radiofarol​,farol rotativo​,balizagem​
amusing	divertido engraçada recreativas cómico​,mais divertida​
altar	altar​,retábulo​
values	valores, princípios​,valores fundamentais, valores principais, valores centrais, princípios básicos​,valores comuns, valores compartilhados, comunhão de valores valores que partilhamos​,valores-alvo, valores teóricos, valores fixados​
ultimate	final último máximo definitivo​,meta final meta última meta principal objetivo último​,responsabilidade final responsabilidade última responsabilidade fundamental​,experiência final​
skinny	magro magros magrinho​
recognized	reconhecido, conhecida consagrados considerado registado conhecidas identificada famoso​,padrões reconhecidos, normas reconhecidas,reconhecido especialista perito reconhecido​,pessoa reconhecida​
maintain	manter preservar sustentar afirmar​,mantido, conservado garantido conservadas​,manutenção possibilidade de manutenção capacidade de manutenção​,mantenedor responsável, administrador​
goods	bens, mercadorias, produtos​,bens de consumo, produtos de consumo, artigos de consumo​,produtos acabados, bens acabados​,bens de capital, bens de investimento, bens capitais​
covers	capas,lamela​,tampas de bueiros,tampas de escotilha

battery	bateria bateria pilha​,conjunto de baterias kit de pilhas pacote de pilhas​,bateria fraca bateria baixa pouca carga bateria descarregada​,carregador de bateria carregador de pilhas​
survival	sobrevivência subsistência perenidade​,embarcações de sobrevivência, embarcação de sobrevivência embarcação salva-vidas​,taxa de sobrevivência taxa de sobrevida​,fato de sobrevivência​

skirt	saia​,rodear​,rodapé​,saias,rodapé​
shave	barbear raspar​,raspado, barbeado ​,máquina de barbear barbeador​,barbear rente​

porch	varanda alpendre terraço pátio​,varanda da frente​,varanda de trás varanda dos fundos​

ghosts	
favors	favores​

dizzy	tonto​,vertiginoso perturbador​
chili	pimenta malagueta​,piripiri​


begun	
beaten	espancado, batido, agredido​,fora dos circuitos habituais​,caminho trilhado​,caminho batido​
advise	aconselhar recomendar informar consultar​,aconselhado, avisado, informado recomendada​,conselheiro consultor assessor​,conselheiro jurídico​
transferred	transferido, transmitida transmitidos cedido​,montante transferido valor transferido quantia transferida​,montante transferido​

rehab	reabilitação​,reabilitação recuperação reinserção readaptação​,reabilitar​,reabilitação profissional reinserção profissional​
raw	cru, bruto, natural, básicos​,ferida​,material bruto, material de base​,matérias-primas,dados brutos, dados em bruto, dados crus, dados originais​
photographer	fotógrafo fotógrafa​,fotógrafo de retratos​,jornalista fotográfico​,fotógrafo profissional​
peaceful	pacífico calmo tranquilo de paz ​,tranquilidade tranqüilidade serenidade quietude​,resolução pacífica solução pacífica resolução amistosa acordo pacífico​,protesto pacífico​



