			
felizmente	/<span class="ipa dipa">ˈfɔr·tʃə·nət·li</span>/	[sound:cambridge-fortunately.mp3]	happening because of good luck
			
			
rascunho,ortografia americana de “draught”			a piece of writing or a plan that is not yet in its finished form
			
charuto	/<span class="ipa dipa">sɪˈɡɑr</span>/	[sound:cambridge-cigar.mp3]	a thick tube made from rolled tobacco leaves, which people smoke
ativo,dinâmico,atuante	/<span class="ipa dipa">ˈæk·tɪv</span>/	[sound:cambridge-active.mp3]	busy doing a lot of things
fraqueza,debilidade,fragilidade	/<span class="ipa dipa">ˈwik·nəs</span>/	[sound:cambridge-eus74946.mp3]	a lack of strength or power
			
esqui,esquiar	/<span class="ipa dipa">ski</span>/	[sound:cambridge-ski.mp3]	one of a pair of long, thin things that you wear on the bottom of boots to move over snow
			
rancho	/<span class="ipa dipa">ræntʃ</span>/	[sound:cambridge-ranch.mp3]	a large farm where animals are kept
			
musical,com talento musical	/<span class="ipa dipa">ˈmju·zɪ·kəl</span>/	[sound:cambridge-musical.mp3]	relating to music
movimento	/<span class="ipa dipa">ˈmuv·mənt</span>/	[sound:cambridge-eus73104.mp3]	a change of position or place
			
individual,indivíduo,pessoa	/<span class="ipa dipa">ˌɪn·dəˈvɪdʒ·u·əl</span>/	[sound:cambridge-individual.mp3]	considered separately from other things in a group
			
			
examinar,estudar,sabatinar	/<span class="ipa dipa">ɪɡˈzæm·ɪn</span>/	[sound:cambridge-examine.mp3]	to look at someone or something very carefully, especially to try to discover something
			
			
coluna	/<span class="ipa dipa">ˈkɑ·ləm</span>/	[sound:cambridge-column.mp3]	a tall stone post that supports a roof
suborno,subornar	/<span class="ipa dipa">brɑɪb</span>/	[sound:cambridge-bribe.mp3]	money or a present that you give to someone so that they will do something for you
			
tarefa	/<span class="ipa dipa">tæsk</span>/	[sound:cambridge-task.mp3]	a piece of work, especially something unpleasant
espécie	/<span class="ipa dipa">ˈspi·ʃiz</span>/	[sound:cambridge-species.mp3]	a group of plants or animals that are the same in some way
navegar,velejar,viajar (em navio/barco à vela),zarpar,partir,vela	/<span class="ipa dipa">seɪl</span>/	[sound:cambridge-sail.mp3]	to control or travel in a boat or a ship that has an engine or sails
rum	/<span class="ipa dipa">rʌm</span>/	[sound:cambridge-rum.mp3]	a strong, alcoholic drink made from sugar
balneário,estância,último caso	/<span class="ipa dipa">rɪˈzɔrt</span>/	[sound:cambridge-resort.mp3]	a place where many people go for a holiday
erupção cutânea,brotoeja,precipitado,imprudente,precipitadamente,imprudentemente	/<span class="ipa dipa">ræʃ</span>/	[sound:cambridge-rash.mp3]	a group of small, red spots on the skin
receita médica	/<span class="ipa dipa">prɪˈskrɪp·ʃən</span>/	[sound:cambridge-prescription.mp3]	a piece of paper on which a doctor writes what medicine a sick person needs
			
			
			
silêncio,fazer calar,silenciar	/<span class="ipa dipa">hʌʃ</span>/	[sound:cambridge-hush.mp3]	a period of silence
difuso,desfocado,confuso,vago,frisado,aveludado		[sound:cambridge-fuzzy.mp3]	(of an image) having shapes that do not have clear edges, or (of a sound, especially from a television, radio, etc.) not clear, usually because of other unwanted noises making it difficult to hear
frágil	/<span class="ipa dipa">ˈfrædʒ·əl</span>/	[sound:cambridge-fragile.mp3]	easy to break
ciência forense	/<span class="ipa dipa">fəˈren.zɪks</span>/	[sound:cambridge-cdo0318usfore1907.mp3]	scientific methods of solving crimes, that involve examining objects or substances related to a crime
gasto,gastos	/<span class="ipa dipa">ɪkˈspens</span>/	[sound:cambridge-expense.mp3]	the money that you spend on something
			
			
			
conduta,comportamento	/<span class="ipa dipa">ˈkɑn·dʌkt</span>/	[sound:cambridge-conduct_03_01.mp3]	the way someone behaves
cômico,revista em quadrinhos	/<span class="ipa dipa">ˈkɑ·mɪk</span>/,/<span class="ipa dipa">ˈkɑm·ɪk</span>/	[sound:cambridge-comic.mp3]	funny
bingo	/<span class="ipa dipa">ˈbɪŋ·ɡoʊ</span>/	[sound:cambridge-bingo.mp3]	a game in which people mark numbers on a card as they are called, and the person whose numbers are called first is the winner
			
			
avenida	/<span class="ipa dipa">ˈæv·əˌnu</span>/	[sound:cambridge-avenue.mp3]	a wide road in a town or city
			
			
visitante,visita,turista	/<span class="ipa dipa">ˈvɪz·ɪ·t̬ər</span>/	[sound:cambridge-eus74872.mp3]	someone who visits a person, place, or website
mala	/<span class="ipa dipa">ˈsutˌkeɪs</span>/	[sound:cambridge-ussugge004.mp3]	a rectangular case with a handle that you use for carrying clothes when you are travelling
			
			
escanear,perscrutar,esquadrinhar,correr os olhos por,dar uma olhada em,ultrassonografia	/<span class="ipa dipa">skæn</span>/	[sound:cambridge-scan.mp3]	to examine something with a machine that can see inside an object or body
vara	/<span class="ipa dipa">rɑd</span>/	[sound:cambridge-rod.mp3]	a thin, straight pole
pagamento	/<span class="ipa dipa">ˈpeɪ·mənt</span>/	[sound:cambridge-payment.mp3]	the act of paying
operação,cirurgia,oportunidade,ocasião	/<span class="ipa dipa">ɑːp</span>/	[sound:cambridge-usomniv015.mp3]	a medical operation
motor	/<span class="ipa dipa">ˈmoʊ·t̬ər</span>/	[sound:cambridge-eus73097.mp3]	the part of a machine, car, etc. that makes it work
minissaia	/<span class="ipa dipa">ˈmɪn.i</span>/	[sound:cambridge-mini.mp3]	a  miniskirt 
			
inspirado	/<span class="ipa dipa">-ˈspaɪrd</span>/	[sound:cambridge-usinsit010.mp3]	excellent, or resulting from inspiration
inseguro	/<span class="ipa dipa">ˌɪn·sɪˈkjʊər</span>/	[sound:cambridge-insecure.mp3]	having no confidence in yourself and what you can do
			
			
jogar,apostar,jogador,-ora,jogo (de azar),jogada	/<span class="ipa dipa">ˈɡæm·bəl</span>/	[sound:cambridge-gamble.mp3]	to try to win money by saying who will win a game, race, or competition
			
escriturário,-a	/<span class="ipa dipa">klɜrk</span>/	[sound:cambridge-clerk.mp3]	someone who works in an office but does not have an important job
			
pulso	/<span class="ipa dipa">rɪst</span>/	[sound:cambridge-wrist.mp3]	the part of your body between your hand and your arm
			
tubo,o metrô	/<span class="ipa dipa">tub</span>/	[sound:cambridge-tube.mp3]	a long, thin container for a soft substance that you press to get the substance out
			
seda	/<span class="ipa dipa">sɪlk</span>/	[sound:cambridge-silk.mp3]	a type of cloth that is light and smooth
bomba,bombear	/<span class="ipa dipa">pʌmp</span>/	[sound:cambridge-pump.mp3]	a piece of equipment that forces liquid or gas to move somewhere
azul,verde,vermelho,etc. claro,pálido	/<span class="ipa dipa">peɪl</span>/	[sound:cambridge-pail.mp3]	light blue, green, red, etc.
			
arrastar,tirar	/<span class="ipa dipa">hɔl</span>/	[sound:cambridge-hall.mp3]	to pull something somewhere slowly and with difficulty
guardião,guardiã	/<span class="ipa dipa">ˈɡɑr·di·ən</span>/	[sound:cambridge-guardian.mp3]	someone who is legally responsible for someone else’s child
plural de “fly”,braguilha		[sound:cambridge-usfleet011.mp3]	plural of  fly 
esquivar-se (de),escapar (de),escapar de,fugir de,sonegar	/<span class="ipa dipa">dɑdʒ</span>/	[sound:cambridge-dodge.mp3]	to move quickly to avoid someone or something
			
bota,porta-malas	/<span class="ipa dipa">but</span>/	[sound:cambridge-boot.mp3]	a shoe that covers your foot and part of your leg
			
			
			
polegar,destoar,ser atrapalhado com as mãos,ser desajeitado	/<span class="ipa dipa">θʌm</span>/	[sound:cambridge-thumb.mp3]	the short, thick finger on the side of your hand
			
limitado	/<span class="ipa dipa">ˈlɪm·ɪ·t̬ɪd</span>/	[sound:cambridge-limited.mp3]	small in amount or number
isqueiro	/<span class="ipa dipa">ˈlɑɪ·t̬ər</span>/	[sound:cambridge-eus72785.mp3]	a small object that makes fire and is used to make cigarettes start burning
			
			
			
			
			
arma (de fogo)	/<span class="ipa dipa">ˈʃuː.t̬ɚ</span>/	[sound:cambridge-cdo0318usshoo4448.mp3]	a gun
em voz baixa,baixinho,em silêncio	/<span class="ipa dipa">ˈkwɑɪ·ɪt·li</span>/	[sound:cambridge-quietly.mp3]	making little or no noise
			
leão	/<span class="ipa dipa">ˈlɑɪ·ən</span>/	[sound:cambridge-lion.mp3]	a large wild animal of the cat family, with light brown fur
			
			
fator	/<span class="ipa dipa">ˈfæk·tər</span>/	[sound:cambridge-factor.mp3]	one of the things that has an effect on a particular situation, decision, event, etc.
apagar	/<span class="ipa dipa">ɪˈreɪs</span>/	[sound:cambridge-eus71615.mp3]	to completely remove words, music, pictures, etc. that are written on paper or stored on a computer or other piece of equipment
			
			
			
tornozelo	/<span class="ipa dipa">ˈæŋ·kəl</span>/	[sound:cambridge-ankle.mp3]	the part of your leg that is just above your foot
amnésia		[sound:cambridge-amnesia.mp3]	a medical condition that makes you unable to remember things
			
			
			
caçador,-ora	/<span class="ipa dipa">ˈhʌn·t̬ər</span>/	[sound:cambridge-hunter.mp3]	a person who hunts wild animals
batimento cardíaco	/<span class="ipa dipa">ˈhɑrtˌbit</span>/	[sound:cambridge-eus72178.mp3]	the regular movement of the heart as it moves blood around the body
forma abreviada de “gallon”: galão: medida de líquido equivalente a 4.546 litros no Reino Unido e 3.785 litros nos USA	/<span class="ipa dipa">ɡæl</span>/	[sound:cambridge-gal.mp3]	written abbreviation for  gallon 
fritar	/<span class="ipa dipa">frɑɪ</span>/	[sound:cambridge-fry.mp3]	to cook something in hot oil or fat
			
			
confrontar,enfrentar		[sound:cambridge-confront.mp3]	to face, meet, or deal with a difficult situation or person
apoio,respaldo	/<span class="ipa dipa">ˈbæk·ɪŋ</span>/	[sound:cambridge-backing.mp3]	support, especially money, for a person or plan
			
registro,caixa registradora,registrar	/<span class="ipa dipa">ˈredʒ·ə·stər</span>/	[sound:cambridge-register.mp3]	an official list of names
locução,frase	/<span class="ipa dipa">freɪz</span>/	[sound:cambridge-phrase.mp3]	a group of words that are often used together and have a particular meaning
			
menos,sem	/<span class="ipa dipa">ˈmɑɪ·nəs</span>/	[sound:cambridge-minus.mp3]	used when the second of two numbers should be taken away from the first
			
legítimo,legitimamente	/<span class="ipa dipa">-ˈdʒɪt̬-</span>/	[sound:cambridge-legitimate.mp3]	allowed by law
furacão	/<span class="ipa dipa">ˈhɜr·əˌkeɪn</span>, <span class="ipa dipa">ˈhʌr·əˌkeɪn</span>/	[sound:cambridge-hurricane.mp3]	a violent storm with very strong winds
			
comunicação,sistemas de comunicação	/<span class="ipa dipa">kəˌmju·nɪˈkeɪ·ʃən</span>/	[sound:cambridge-communication.mp3]	the act of communicating with other people
			
balde	/<span class="ipa dipa">ˈbʌk·ɪt</span>/	[sound:cambridge-bucket.mp3]	a round, open container with a handle, used for carrying liquids
			
automotivo,carro	/<span class="ipa dipa">ˈɑː.t̬oʊ</span>/	[sound:cambridge-eus70384.mp3]	relating to cars
arrogante,arrogantemente	/<span class="ipa dipa">ˈær·ə·ɡənt</span>/	[sound:cambridge-arrogant.mp3]	believing that you are better than other people
			
atum	/<span class="ipa dipa">ˈtu·nə</span>/	[sound:cambridge-tuna.mp3]	a large sea fish that you can eat
jantar,ceia	/<span class="ipa dipa">ˈsʌp·ər</span>/	[sound:cambridge-supper.mp3]	a meal that you eat in the evening
			
			
			
			
receita	/<span class="ipa dipa">ˈres·ə·pi</span>/	[sound:cambridge-recipe.mp3]	a list of foods and a set of instructions telling you how to cook something
píer,molhe	/<span class="ipa dipa">pɪər</span>/	[sound:cambridge-peer.mp3]	a long structure that is built from the land out over water and that sometimes has restaurants, etc. on it
paternidade	/<span class="ipa dipa">-ˈtɝː.nə.t̬i</span>/	[sound:cambridge-paternity.mp3]	the fact of being a father
canteiro,-a,pedreiro		[sound:cambridge-mason.mp3]	a  stonemason  (= person who cuts stone)
cordeiro,carneiro	/<span class="ipa dipa">læm</span>/	[sound:cambridge-lamb.mp3]	a young sheep
			
humilhante	/<span class="ipa dipa">-t̬ɪŋ</span>/	[sound:cambridge-humiliating.mp3]	making you feel ashamed or stupid
autêntico	/<span class="ipa dipa">ˈdʒen·ju·ən</span>, <span class="ipa dipa">ˈdʒen·ju·ɑɪn</span>/	[sound:cambridge-genuine.mp3]	real or true
eclético	/<span class="ipa dipa">ˈkæθ.<span class="sp dsp">ə</span>l.ɪk</span>/	[sound:cambridge-catholic.mp3]	including many different types of thing
			
petisco,lanche	/<span class="ipa dipa">snæk</span>/	[sound:cambridge-snack.mp3]	a small amount of food
racional,racionalmente	/<span class="ipa dipa">ˈræʃ·ə·n<span class="sp dsp">ə</span>l</span>/	[sound:cambridge-rational.mp3]	based on facts and not affected by someone’s emotions or imagination
pontudo	/<span class="ipa dipa">ˈpɔɪn·t̬ɪd</span>/	[sound:cambridge-eus73620.mp3]	A pointed object has a thin, sharp end.
passaporte	/<span class="ipa dipa">ˈpæsˌpɔrt</span>/	[sound:cambridge-passport.mp3]	a small book with your photograph that you need to enter a country
			
			
			
			
			
			
mostruário,apresentação,arranjo,em exposição,tela,exibição,expor,exibir	/<span class="ipa dipa">dɪˈspleɪ</span>/	[sound:cambridge-display.mp3]	a performance, or a collection of things for people to look at
molhar,banhar,mergulhar	/<span class="ipa dipa">dɪp</span>/	[sound:cambridge-cus00563.mp3]	to put something into a liquid for a short time
			
avançado	/<span class="ipa dipa">ədˈvænst</span>/	[sound:cambridge-advanced.mp3]	at a higher, more difficult level
			
			
			
			
			
			
			
humilhado	/<span class="ipa dipa">hjuːˈmɪl.i.eɪ.t̬ɪd</span>/	[sound:cambridge-ushubri019.mp3]	If someone is humiliated, they have has been made to feel ashamed or stupid.
			
destruição	/<span class="ipa dipa">dɪˈstrʌk·ʃən</span>/	[sound:cambridge-destruction.mp3]	the act or process of destroying something
			
atentamente,intimamente,muito	/<span class="ipa dipa">ˈkloʊs·li</span>/	[sound:cambridge-closely.mp3]	If you look at or listen to something closely, you look at it or listen to it very carefully.
			
proposta,oferta,fazer uma oferta (de)	/<span class="ipa dipa">bɪd</span>/	[sound:cambridge-bid.mp3]	an attempt to do something good
banana	/<span class="ipa dipa">bəˈnæn·ə</span>/	[sound:cambridge-banana.mp3]	a long, white fruit with a yellow skin
augusto	/<span class="ipa dipa">ɑːˈɡʌst</span>/	[sound:cambridge-august_01_00.mp3]	having great importance and especially of the highest social class
aspirina	/<span class="ipa dipa">ˈæs·pər·ɪn</span>, <span class="ipa dipa">ˈæs·prɪn</span>/	[sound:cambridge-aspirin.mp3]	a common drug used to stop pain and fever
academia		[sound:cambridge-academy.mp3]	an organization intended to protect and develop an art, science, language, etc., or a school that teaches a particular subject or trains people for a particular job
peruca	/<span class="ipa dipa">wɪɡ</span>/	[sound:cambridge-wig.mp3]	a covering of hair that you wear on your head
			
por toda a parte,por todo,(por) todo o tempo	/<span class="ipa dipa">ˌθruˈɑʊt</span>/	[sound:cambridge-throughout.mp3]	in every part of a place
pulverizador,spray,borrifo,borrifar	/<span class="ipa dipa">spreɪ</span>/	[sound:cambridge-spray.mp3]	liquid in a container that forces it out in small drops
			
acontecer,ocorrer,existir	/<span class="ipa dipa">əˈkɜr</span>/	[sound:cambridge-eus75144.mp3]	to happen, often without being planned
lógica	/<span class="ipa dipa">ˈlɑ·dʒɪk</span>/	[sound:cambridge-logic.mp3]	the use of reason, or the science of using reason
cavaleiro,cavaleiro (pessoa que recebe título honorífico não hereditário)	/<span class="ipa dipa">nɑɪt</span>/	[sound:cambridge-knight.mp3]	a man of high social rank who fought as a soldier on a horse in the past
			
			
			
igual,ser igual a	/<span class="ipa dipa">ˈi·kwəl</span>/	[sound:cambridge-equal.mp3]	the same in amount, number, or size
			
			
			
ritual	/<span class="ipa dipa">ˈrɪtʃ.u-</span>/	[sound:cambridge-ritual.mp3]	a set of fixed actions and sometimes words performed regularly, especially as part of a ceremony
perfume	/<span class="ipa dipa">ˈpɜr·fjum</span>/	[sound:cambridge-perfume.mp3]	a liquid with a nice smell that you put on your skin
			
			
			
			
			
presunto	/<span class="ipa dipa">hæm</span>/	[sound:cambridge-ham.mp3]	meat from a pig’s leg
geralmente,em geral	/<span class="ipa dipa">ˈdʒen·rə·li</span>, <span class="ipa dipa">ˈdʒen·ər.ə·li</span>/	[sound:cambridge-generally.mp3]	usually or mostly
fusão		[sound:cambridge-fusion.mp3]	an occasion when two or more things join or are combined
erro	/<span class="ipa dipa">ˈer·ər</span>/	[sound:cambridge-error.mp3]	a mistake
			
			
			
			
			
			
grato,agradecido,reconhecido	/<span class="ipa dipa">ˈθæŋk·fəl</span>/	[sound:cambridge-thankful.mp3]	pleased or grateful about something
meia	/<span class="ipa dipa">sɑk</span>/	[sound:cambridge-sock.mp3]	something that you wear on your foot inside your shoe
			
junco,cana,caniço	/<span class="ipa dipa">rid</span>/	[sound:cambridge-read.mp3]	a tall, stiff plant like grass that grows near water
			
dezenove	/<span class="ipa dipa">ˌnɑɪnˈtin</span>/	[sound:cambridge-nineteen.mp3]	the number 19
			
garfo,bifurcar-se	/<span class="ipa dipa">fɔrk</span>/	[sound:cambridge-fork.mp3]	a small tool with three or four points and a handle, used to eat with
comédia	/<span class="ipa dipa">ˈkɑ·mɪ·di</span>/	[sound:cambridge-comedy.mp3]	a funny movie or play
análise	/<span class="ipa dipa">əˈnæl·ə·sɪs</span>/	[sound:cambridge-analysis.mp3]	the process of analysing something
			
			
			
estudado,deliberado		[sound:cambridge-studied.mp3]	very carefully and intentionally done, made, or considered, rather than in a completely honest or sincere way
estressado,tônico	/<span class="ipa dipa">strest</span>/	[sound:cambridge-stressed.mp3]	worried and not able to relax
fatia,fatiar	/<span class="ipa dipa">slɑɪs</span>/	[sound:cambridge-slice.mp3]	a flat piece of food that has been cut from a larger piece
orla	/<span class="ipa dipa">ʃɔr</span>/	[sound:cambridge-shore.mp3]	the area of land along the edge of the sea or a lake
			
			
pedir,postular,suplicar,implorar	/<span class="ipa dipa">plid</span>/	[sound:cambridge-plead.mp3]	to say in a court of law if you have committed a crime or not
palma,palmeira	/<span class="ipa dipa">pɑm</span>/	[sound:cambridge-palm.mp3]	the inside surface of your hand
escada	/<span class="ipa dipa">ˈlæd·ər</span>/	[sound:cambridge-eus72715.mp3]	a thing that you climb up when you want to reach a high place, with two long pieces joined together by shorter pieces
			
forma abreviada de “junior”: júnior	/<span class="ipa dipa">ˈdʒun·jər</span>/	[sound:cambridge-junior.mp3]	abbreviation for junior: the younger of two men in a family with the same name
			
vau,cruzar	/<span class="ipa dipa">fɔːrd</span>/	[sound:cambridge-ford.mp3]	an area in a river or stream that is not deep and can be crossed on foot or in a vehicle
			
seguro	/<span class="ipa dipa">-ˈʃʊrd</span>/	[sound:cambridge-usaspid024.mp3]	showing skill and confidence
			
viúva	/<span class="ipa dipa">ˈwɪd·oʊ</span>/	[sound:cambridge-widow.mp3]	a woman whose husband or wife has died
			
lenço de papel,tecido	/<span class="ipa dipa">ˈtɪʃ·u</span>/	[sound:cambridge-tissue.mp3]	a soft piece of paper that you use for cleaning your nose
			
raso,superficial	/<span class="ipa dipa">ˈʃæl·oʊ</span>/	[sound:cambridge-shallow.mp3]	not deep
			
pagar,liquidar	/<span class="ipa dipa">riˈpeɪ</span>/	[sound:cambridge-eus73940.mp3]	to pay back money that you have borrowed
			
permanentemente,para sempre	/<span class="ipa dipa">ˈpɜr·mə·nənt·li</span>/	[sound:cambridge-permanently.mp3]	always and for ever
oi!	/<span class="ipa dipa">ˈhaʊ.di</span>/	[sound:cambridge-howdy.mp3]	hello
invadir,hackear,retalhar,decepar	/<span class="ipa dipa">hæk</span>/	[sound:cambridge-hack.mp3]	to use a computer to illegally get into someone else’s computer system
			
mortal	/<span class="ipa dipa">ˈded·li</span>/	[sound:cambridge-deadly.mp3]	causing death
reconfortante,de consolo	/<span class="ipa dipa">ˈkʌm.fɚ.t̬ɪŋ</span>/	[sound:cambridge-uscld2s033.mp3]	making you feel less sad or worried
teto,forro	/<span class="ipa dipa">ˈsi·lɪŋ</span>/	[sound:cambridge-ceiling.mp3]	the top surface of a room
bônus	/<span class="ipa dipa">ˈboʊ·nəs</span>/	[sound:cambridge-bonus.mp3]	money you receive in addition to the usual amount, often because you have worked hard
			
veredito	/<span class="ipa dipa">ˈvɜr·dɪkt</span>/	[sound:cambridge-verdict.mp3]	a decision in a court of law saying if someone has committed a crime
manutenção,conservação	/<span class="ipa dipa">ˈmeɪn·t<span class="sp dsp">ə</span>n·əns</span>/	[sound:cambridge-maintenance.mp3]	the work that you do to keep something in good condition
pote,vaso	/<span class="ipa dipa">dʒɑr</span>/	[sound:cambridge-jar.mp3]	a glass container used for keeping food
insensível,indelicado	/<span class="ipa dipa">ɪnˈsen·sə·t̬ɪv</span>/	[sound:cambridge-eus72446.mp3]	not noticing when other people are upset
urze	/<span class="ipa dipa">ˈheð·ər</span>/	[sound:cambridge-usheart015.mp3]	a small plant with purple or white flowers that grows on hills
fábrica	/<span class="ipa dipa">ˈfæk·tər·i</span>/	[sound:cambridge-factory.mp3]	a building or group of buildings where things are made or put together
objetivo,ter o objetivo/a intenção de,apontar,mirar,visar,ser direcionado a alguém,ser voltado a alguém	/<span class="ipa dipa">eɪm</span>/	[sound:cambridge-aim.mp3]	a result that you try to achieve
triplo,três vezes,triplicar(-se)	/<span class="ipa dipa">ˈtrɪp·əl</span>/	[sound:cambridge-triple.mp3]	having three parts of the same type, or happening three times
			
			
respeitado		[sound:cambridge-usreset015.mp3]	admired by many people for your qualities or achievements
			
revolto,desordenado,bagunçado,enroldao	/<span class="ipa dipa">ˈmes·i</span>/	[sound:cambridge-messy.mp3]	dirty or untidy
			
			
entrada,ingresso,acesso,verbete,anotação,admissão,participação,inscrição	/<span class="ipa dipa">ˈen·tri</span>/	[sound:cambridge-entry.mp3]	the right or ability to come into or go into a place
			
			
sangrar	/<span class="ipa dipa">blid</span>/	[sound:cambridge-bleed.mp3]	to have blood coming out from a cut in your body
			
guarda-roupa,armário	/<span class="ipa dipa">ˈwɔːr.droʊb</span>/	[sound:cambridge-wardrobe.mp3]	a large cupboard for keeping clothes in
			
			
significativo,sensível,significativamente,sensivelmente	/<span class="ipa dipa">sɪɡˈnɪf·ɪ·kənt</span>/	[sound:cambridge-significant.mp3]	important or large
objetivo	/<span class="ipa dipa">əbˈdʒek·tɪv</span>/	[sound:cambridge-eus75096.mp3]	something that you are trying to do
			
criar,cuidar,acolher (na família)	/<span class="ipa dipa">ˈfɔs·tər</span>/	[sound:cambridge-foster.mp3]	to look after a child as part of your family for a time, without becoming their legal parent
			
			
			
gráfico,a parada de sucessos	/<span class="ipa dipa">tʃɑrt</span>/	[sound:cambridge-chart.mp3]	a drawing that shows information in a simple way
			
avião	/<span class="ipa dipa">ˈeərˌpleɪn</span>/	[sound:cambridge-usairfa012.mp3]	a vehicle that flies and has an engine and wings
			
			
subestimar	/<span class="ipa dipa">ˌʌn·dərˈes·təˌmeɪt</span>/	[sound:cambridge-eus74712.mp3]	to fail to understand how large, strong, or important something is
			
futebol	/<span class="ipa dipa">ˈsɑ·kər</span>/	[sound:cambridge-soccer.mp3]	a game in which two teams of eleven people kick a ball and try to score goals
			
múltiplo	/<span class="ipa dipa">-t̬ɪ-</span>/	[sound:cambridge-eus73125.mp3]	very many of the same type, or of different types
			
justificar	/<span class="ipa dipa">ˈdʒʌs·təˌfɑɪ</span>/	[sound:cambridge-justify.mp3]	to give or to be a good reason for
inócuo,inofensivo,de maneira inócua,inofensiva	/<span class="ipa dipa">ˈhɑrm·ləs</span>/	[sound:cambridge-harmless.mp3]	not causing hurt or damage
frustrado	/<span class="ipa dipa">ˈfrʌsˌtreɪ·t̬ɪd</span>/	[sound:cambridge-frustrated.mp3]	annoyed because you cannot achieve or do what you want
dobrar,cruzar os braços,dobra,prega	/<span class="ipa dipa">foʊld</span>/	[sound:cambridge-fold.mp3]	to bend something so that one part of it lies flat on top of another part, or to bend in this way
			
			
convenção,normas		[sound:cambridge-convention.mp3]	a large formal meeting of people who do a particular job or have a similar interest, or a large meeting for a political party
comunicar(-se)	/<span class="ipa dipa">kəˈmju·nɪˌkeɪt</span>/	[sound:cambridge-communicate.mp3]	to talk or write to someone in order to share information with them
			
atração	/<span class="ipa dipa">əˈtræk·ʃən</span>/	[sound:cambridge-attraction.mp3]	something that makes people come to a place
incêndio provocado/criminoso	/<span class="ipa dipa">ˈɑr·sən</span>/	[sound:cambridge-arson.mp3]	the crime of intentionally burning something, such as a building
bater,pancada		[sound:cambridge-whack.mp3]	to hit someone or something noisily
			
			
salário	/<span class="ipa dipa">ˈsæl·ər·i</span>/	[sound:cambridge-salary.mp3]	the money that you get, usually every month, for working
			
residência	/<span class="ipa dipa">ˈrez·ɪ·dəns</span>/	[sound:cambridge-residence.mp3]	a building where someone lives
			
obrigação	/<span class="ipa dipa">ˌɑ·bləˈɡeɪ·ʃən</span>/	[sound:cambridge-eus75099.mp3]	something that you have to do because it is your duty
mediano,médio	/<span class="ipa dipa">ˈmi·di·əm</span>/	[sound:cambridge-medium.mp3]	in the middle of a group of different amounts or sizes
simpatizar com alguém	/<span class="ipa dipa">ˈlɑɪ·kɪŋ</span>/	[sound:cambridge-liking.mp3]	to like someone when you meet them
			
desenvolvimento,novidade,evolução	/<span class="ipa dipa">dɪˈvel·əp·mənt</span>/	[sound:cambridge-development.mp3]	the action of someone or something changing and becoming better
desenvolver(-se),desenvolver,começar a ter,revelar	/<span class="ipa dipa">dɪˈvel·əp</span>/	[sound:cambridge-develop.mp3]	to change and become better, or to make someone or something become better
			
			
			
congratular,parabenizar	/<span class="ipa dipa">kənˈɡrætʃ·əˌleɪt</span>/	[sound:cambridge-eus70957.mp3]	to tell someone that you are happy about something good that they have done
			
aliança		[sound:cambridge-alliance.mp3]	a group of countries, political parties, or people who have agreed to work together because of shared interests or aims
vingança		[sound:cambridge-eus74820.mp3]	the punishing of someone for harming you or your friends or family, or the wish for such punishment to happen
			
grave,duro,severo,com severidade,gravemente	/<span class="ipa dipa">səˈvɪər</span>/	[sound:cambridge-severe.mp3]	very bad
suporte,rack	/<span class="ipa dipa">ræk</span>/	[sound:cambridge-rack.mp3]	a type of shelf that you can put things on or hang things from
quebra-cabeça,enigma,mistério,desconcertar,perturbar,intrigar	/<span class="ipa dipa">ˈpʌz·əl</span>/	[sound:cambridge-puzzle.mp3]	a game or activity in which you have to put pieces together or answer questions using skill
			
orientação	/<span class="ipa dipa">ˈɡɑɪ·d<span class="sp dsp">ə</span>ns</span>/	[sound:cambridge-guidance.mp3]	help or advice
			
			
cortesia	/<span class="ipa dipa">ˈkɜr·t̬ə·si</span>/	[sound:cambridge-eus71064.mp3]	behaviour or an action that is polite and shows respect
aquele que telefona	/<span class="ipa dipa">ˈkɔ·lər</span>/	[sound:cambridge-caller.mp3]	someone who makes a phone call
(fazer) saltar,pular,saltar,rebote,rebatida,ricochete	/<span class="ipa dipa">bɑʊns</span>/	[sound:cambridge-bounce.mp3]	to hit a surface and then move quickly away, or to make something do this
			
mago,feiticeiro	/<span class="ipa dipa">ˈwɪz·ərd</span>/	[sound:cambridge-wizard.mp3]	in stories, a man who has magical powers
no máximo	/<span class="ipa dipa">tɑːps</span>/	[sound:cambridge-tops.mp3]	at the most; maximum
			
chiu		[sound:cambridge-eus74204.mp3]	used to tell someone to be quiet
consertar,pessoa que faz consertos,conserto	/<span class="ipa dipa">rɪˈpeər</span>/	[sound:cambridge-repair.mp3]	to fix something that is broken or damaged
jogo de quiz,prova	/<span class="ipa dipa">kwɪz</span>/	[sound:cambridge-quiz.mp3]	a game in which you answer questions
preparar(-se),preparar	/<span class="ipa dipa">prep</span>/	[sound:cambridge-prep.mp3]	to prepare yourself or someone else to do something
			
			
sede,escritório central,matriz	/<span class="ipa dipa">ˈhedˌkwɔr·t̬ərz</span>/	[sound:cambridge-usheadg011.mp3]	the place from where an organization is controlled
curiosidade	/<span class="ipa dipa">ˌkjʊər·iˈɑ·sə·t̬i</span>/	[sound:cambridge-eus71113.mp3]	the feeling of wanting to know or learn about something
			
			
			
churrasco,churrasqueira,fazer no churrasco	/<span class="ipa dipa">ˈbɑr·bɪˌkju</span>/	[sound:cambridge-barbecue.mp3]	a party at which you cook food over a fire outdoors
tropas	/<span class="ipa dipa">trups</span>/	[sound:cambridge-troops.mp3]	soldiers
			
			
			
			
dedicar-se a,perseguir	/<span class="ipa dipa">pərˈsu</span>/	[sound:cambridge-pursue.mp3]	to try to do something over a period of time
psicótico	/<span class="ipa dipa">-ˈkɑː.t̬ɪk</span>/	[sound:cambridge-psychotic.mp3]	suffering from psychosis (= severe mental disease)
			
			
			
tossir,tosse	/<span class="ipa dipa">kɔf</span>/	[sound:cambridge-cough.mp3]	to make air come out of your throat with a short sound
			
			
			
			
			
ressentir-se de,ofender-se por,levar a mal	/<span class="ipa dipa">rɪˈzent</span>/	[sound:cambridge-resent.mp3]	to feel angry and upset about an unfair situation
			
			
			
calouro,-a	/<span class="ipa dipa">ˈfreʃ·mən</span>/	[sound:cambridge-freshman.mp3]	a student in his or her first year of high school or college
inveja,invejar,ter inveja de	/<span class="ipa dipa">ˈen·vi</span>/	[sound:cambridge-eus71595.mp3]	the feeling of wanting something that someone else has
afogar(-se)	/<span class="ipa dipa">drɑʊn</span>/	[sound:cambridge-drown.mp3]	to die because you are underwater and cannot breathe, or to kill someone in this way
			
químico,substância química	/<span class="ipa dipa">ˈkem·ɪ·kəl</span>/	[sound:cambridge-chemical.mp3]	relating to chemistry or chemicals
ramo,filial,agência	/<span class="ipa dipa">bræntʃ</span>/	[sound:cambridge-branch.mp3]	one of the many parts of a tree that grow out from the main part
			
			
			
sofá	/<span class="ipa dipa">ˈsoʊ·fə</span>/	[sound:cambridge-sofa.mp3]	a large, comfortable seat for more than one person
cientista	/<span class="ipa dipa">ˈsɑɪ·ən·t̬ɪst</span>/	[sound:cambridge-eus74100.mp3]	someone who studies science or works in science
pôster	/<span class="ipa dipa">ˈpoʊ·stər</span>/	[sound:cambridge-poster.mp3]	a large, printed picture or notice that you put on a wall
			
			
			
			
sua/vossa alteza	/<span class="ipa dipa">ˈhɑɪ·nəs</span>/	[sound:cambridge-highness.mp3]	used when you are speaking about or to a royal person
escorrer,drenar,ralo	/<span class="ipa dipa">dreɪn</span>/	[sound:cambridge-drain.mp3]	to remove the liquid from something by pouring it away
cais do porto,doca,embarcadouro,o banco dos réus,atracar,entrar no cais do porto	/<span class="ipa dipa">dɑk</span>/	[sound:cambridge-doc.mp3]	the place where ships stop and goods are taken off or put on
			
			
bem-estar,assistência,bolsa-família	/<span class="ipa dipa">ˈwel·feər</span>/	[sound:cambridge-welfare.mp3]	A person’s welfare is his or her health and happiness.
			
o(s)/a(s) deles/delas	/<span class="ipa dipa">ðeərz</span>/	[sound:cambridge-theirs.mp3]	the things that belong or relate to them
estatísticas	/<span class="ipa dipa">stæt</span>/	[sound:cambridge-cdo0318usstat4730.mp3]	information based on a study of the number of times something happens or is present, or other facts relating to numbers
barraca,banca,baia,boxe,a plateia,morrer	/<span class="ipa dipa">stɔl</span>/	[sound:cambridge-stall.mp3]	a small space with a table and an open front from which things are sold
			
um tanto,bastante	/<span class="ipa dipa">ˈsʌm·hwɑt</span>, <span class="ipa dipa">ˈsʌm·hwʌt</span>/	[sound:cambridge-somewhat.mp3]	rather
desacompanhado,solo	/<span class="ipa dipa">ˈsoʊ·loʊ</span>/	[sound:cambridge-solo.mp3]	done alone by one person only
			
			
psicologia			→  psychology 
			
			
jazz	/<span class="ipa dipa">dʒæz</span>/	[sound:cambridge-jazz.mp3]	music with a strong beat that people often play without looking at written music
gavião	/<span class="ipa dipa">hɔk</span>/	[sound:cambridge-hawk.mp3]	a large bird that kills small animals for food
			
			
			
barba	/<span class="ipa dipa">bɪərd</span>/	[sound:cambridge-beard.mp3]	the hair that grows on a man’s chin (= the bottom of his face)
álbum	/<span class="ipa dipa">ˈæl·bəm</span>/	[sound:cambridge-album.mp3]	a group of songs or pieces of music on a CD, disk, etc.
xixi,fazer xixi	/<span class="ipa dipa">wi</span>/	[sound:cambridge-we.mp3]	If someone has a wee, they urinate.
compreensível	/<span class="ipa dipa">ˌʌn·dərˈstæn·də·bəl</span>/	[sound:cambridge-understandable.mp3]	An understandable feeling or action is one that you would expect in the situation.
ser incapaz de fazer algo	/<span class="ipa dipa">ʌnˈeɪ·bəl</span>/	[sound:cambridge-unable.mp3]	to not be able to do something
			
teatro	/<span class="ipa dipa">ˈθiː.ə.t̬ɚ</span>/	[sound:cambridge-eus74534.mp3]	a building with a stage where people go to watch plays
conseguir,ter êxito,ser bem-sucedido	/<span class="ipa dipa">səkˈsid</span>/	[sound:cambridge-succeed.mp3]	to do something good that you have been trying to do
mexer,misturar,agitar-se,mexer-se,movimentar-se,mexida,misturada	/<span class="ipa dipa">stɜr</span>/	[sound:cambridge-stir.mp3]	to mix food or liquid by moving a spoon round and round in it
			
descontraído,relaxado	/<span class="ipa dipa">rɪˈlækst</span>/	[sound:cambridge-usl30282.mp3]	feeling happy and comfortable because nothing is worrying you
			
			
gratidão	/<span class="ipa dipa">ˈɡræt̬·ɪˌtud</span>/	[sound:cambridge-gratitude.mp3]	a feeling of being grateful to someone who has done something good for you
fiel,fidelidade	/<span class="ipa dipa">ˈfeɪθ·fəl</span>/	[sound:cambridge-faithful.mp3]	always liking and supporting someone or something
			
caixa,caixão,lata,cesto	/<span class="ipa dipa">bɪn</span>/	[sound:cambridge-bin.mp3]	a large container that is used to store things
sotaque,acento gráfico	/<span class="ipa dipa">ˈæk·sent</span>/	[sound:cambridge-accent.mp3]	the way that someone speaks, showing where they come from
zíper,fechar com zíper	/<span class="ipa dipa">zɪp</span>/	[sound:cambridge-zip.mp3]	a thing for fastening clothes, bags, etc., consisting of two rows of very small parts that connect together
			
			
concha,casca,granada,projétil,obus	/<span class="ipa dipa">ʃel</span>/	[sound:cambridge-shell.mp3]	the hard outer covering of some creatures
			
apesar de algo	/<span class="ipa dipa">rɪˈɡɑrd·ləs</span>/	[sound:cambridge-regardless.mp3]	despite something
corrida	/<span class="ipa dipa">ˈreɪ·sɪŋ</span>/	[sound:cambridge-racing.mp3]	the activity or sport in which people, animals, or vehicles race against each other
			
			
estar localizado,localizar	/<span class="ipa dipa">ˈloʊ·keɪt</span>/	[sound:cambridge-locate.mp3]	to be in a particular place
inevitável,inevitavelmente	/<span class="ipa dipa">ɪˈnev·ɪ·t̬ə·bəl</span>/	[sound:cambridge-eus72405.mp3]	If something is inevitable, you cannot avoid or stop it.
grifo	/<span class="ipa dipa">ˈɡrɪf.ɪn</span>/	[sound:cambridge-usgreen027.mp3]	an imaginary creature with the head and wings of an eagle and the body of a lion
			
			
ação,feito,façanha	/<span class="ipa dipa">did</span>/	[sound:cambridge-deed.mp3]	something that you do
			
			
			
do oeste,ocidental,filme de faroeste	/<span class="ipa dipa">ˈwes·tərn</span>/	[sound:cambridge-western.mp3]	in or from the west part of an area
			
			
			
ovelha	/<span class="ipa dipa">ʃip</span>/	[sound:cambridge-sheep.mp3]	a farm animal whose skin is covered with wool
decisão,acordo,assentamento,colônia	/<span class="ipa dipa">ˈset̬·<span class="sp dsp">ə</span>l·mənt</span>/	[sound:cambridge-settlement.mp3]	an official agreement that finishes an argument
rochoso	/<span class="ipa dipa">ˈrɑ·ki</span>/	[sound:cambridge-rocky.mp3]	with lots of rocks
penhoar,robe	/<span class="ipa dipa">roʊb</span>/	[sound:cambridge-robe.mp3]	a piece of clothing like a long coat that you wear at home when you are not dressed
aposentado	/<span class="ipa dipa">-ˈtaɪrd</span>/	[sound:cambridge-retired.mp3]	If someone is retired, they have stopped working permanently, usually because of age.
poeta	/<span class="ipa dipa">ˈpoʊ·ɪt</span>/	[sound:cambridge-eus75874.mp3]	someone who writes poems
ser contra algo	/<span class="ipa dipa">əˈpoʊzd</span>/	[sound:cambridge-usl30248.mp3]	to disagree with a plan or activity
notável,marcado,notavelmente	/<span class="ipa dipa">mɑːrkt</span>/	[sound:cambridge-marked.mp3]	A marked change or difference in behaviour or in a situation is very obvious or noticeable.
			
			
fofoca,fofocar,mexericar	/<span class="ipa dipa">ˈɡɑ·sɪp</span>/	[sound:cambridge-eus75777.mp3]	conversation about other people’s private lives that might not be true
			
determinar	/<span class="ipa dipa">-ˈtɝː-</span>/	[sound:cambridge-determine.mp3]	to control or influence something directly, or to decide what will happen
			
maquiagem,cosméticos	/<span class="ipa dipa">kɑzˈmet̬·ɪks</span>/	[sound:cambridge-uszzzzc039.mp3]	substances that you put on your face or body to make you look better
centavo	/<span class="ipa dipa">sent</span>/	[sound:cambridge-cent.mp3]	a coin with a low value that is used in some countries
			
delicado,difícil,complicado	/<span class="ipa dipa">ˈtrɪk·i</span>/	[sound:cambridge-tricky.mp3]	difficult
surpreendente	/<span class="ipa dipa">sərˈprɑɪ·zɪŋ</span>/	[sound:cambridge-surprising.mp3]	not expected and making someone feel surprised
duro,rígido,enrijecido,rigidamente,rigidez,dureza	/<span class="ipa dipa">stɪf</span>/	[sound:cambridge-stiff.mp3]	hard and difficult to bend or move
sincero	/<span class="ipa dipa">sɪnˈsɪər</span>/	[sound:cambridge-sincere.mp3]	honest and saying what you really feel or believe
escudo,proteger	/<span class="ipa dipa">ʃild</span>/	[sound:cambridge-shield.mp3]	a large, flat object that soldiers hold in front of their bodies to protect themselves
apressado	/<span class="ipa dipa">rʌʃt</span>/	[sound:cambridge-uscld2s072.mp3]	done in a hurry, or feeling that you must do something quickly
arroz	/<span class="ipa dipa">rɑɪs</span>/	[sound:cambridge-rice.mp3]	small grains from a plant that are cooked and eaten
recomeçar	/<span class="ipa dipa">rɪˈzum</span>/	[sound:cambridge-eus73965.mp3]	If an activity resumes, or if you resume it, it starts again.
			
geladeira,refrigerador	/<span class="ipa dipa">rɪˈfrɪdʒ·əˌreɪ·t̬ər</span>/	[sound:cambridge-refrigerator.mp3]	a large container that uses electricity to keep food cold
referência	/<span class="ipa dipa">ˈref·ər·əns</span>/	[sound:cambridge-reference.mp3]	a letter that is written by someone who knows you to say if you are suitable for a job or course
			
			
			
			
palpite,curvar(-se)		[sound:cambridge-hunch.mp3]	an idea that is based on feeling and for which there is no proof
neblina,névoa,nebuloso	/<span class="ipa dipa">fɔɡ</span>, <span class="ipa dipa">fɑɡ</span>/	[sound:cambridge-eus75754.mp3]	a thick cloud close to the ground that makes it difficult to see
			
			
coroa	/<span class="ipa dipa">krɑʊn</span>/	[sound:cambridge-crown.mp3]	a round object made of gold and jewels (= valuable stones) that a king or queen wears on his or her head
cooperação	/<span class="ipa dipa">koʊˌɑ·pəˈreɪ·ʃən</span>/	[sound:cambridge-cooperation.mp3]	the activity of working together with someone or doing what they ask you to do
latão	/<span class="ipa dipa">bræs</span>/	[sound:cambridge-brass.mp3]	a shiny, yellow metal
exato,preciso,precisamente,exatamente	/<span class="ipa dipa">ˈæk·jər·ət</span>/	[sound:cambridge-accurate.mp3]	correct or exact
			
			
			
sofisticado	/<span class="ipa dipa">-t̬ɪd</span>/	[sound:cambridge-sophisticated.mp3]	having a good understanding of the way people behave and/or a good knowledge of culture and fashion
			
religião	/<span class="ipa dipa">rɪˈlɪdʒ·ən</span>/	[sound:cambridge-religion.mp3]	the belief in a god or gods, or a particular system of belief in a god or gods
bagagem	/<span class="ipa dipa">ˈlʌɡ·ɪdʒ</span>/	[sound:cambridge-luggage.mp3]	bags that you carry with you when you travel
forma abreviada de “will”	/<span class="ipa dipa"><span class="sp dsp">ə</span>l</span>/	[sound:cambridge-uslitig007.mp3]	short form of will
limão-siciliano	/<span class="ipa dipa">ˈlem·ən</span>/	[sound:cambridge-lemon.mp3]	an oval, yellow fruit that has sour juice
investigar,investigação	/<span class="ipa dipa">ɪnˈves·tɪˌɡeɪt</span>/	[sound:cambridge-investigate.mp3]	to try to get all the facts about something, especially a crime or accident
fazer excursão a pé,caminhar,excursionista,andarilho,excursão a pé,caminhada	/<span class="ipa dipa">hɑɪk</span>/	[sound:cambridge-hike.mp3]	to walk a long distance, especially in the country
explorar,exploração	/<span class="ipa dipa">ɪkˈsplɔr</span>/	[sound:cambridge-explore.mp3]	to go around a place where you have never been in order to find out what is there
emoção	/<span class="ipa dipa">ɪˈmoʊ·ʃən</span>/	[sound:cambridge-eus71515.mp3]	a strong feeling such as love or anger
dragão	/<span class="ipa dipa">ˈdræɡ·ən</span>/	[sound:cambridge-dragon.mp3]	a big imaginary creature that breathes out fire
enseada,riacho		[sound:cambridge-creak.mp3]	a narrow area of water that flows into the land from the sea, a lake, etc.
			
			
			
cereja	/<span class="ipa dipa">ˈtʃer·i</span>/	[sound:cambridge-cherry.mp3]	a small, round, red or black fruit with a large seed inside
			
			
ácido	/<span class="ipa dipa">ˈæs·ɪd</span>/	[sound:cambridge-acid.mp3]	a liquid that burns or dissolves things
			
			
			
			
			
reconsiderar,pensar de novo	/<span class="ipa dipa">-kɑːnˈsɪd.ɚ</span>/	[sound:cambridge-reconsider.mp3]	to think again about a decision or opinion and decide if you want to change it
			
inspiração	/<span class="ipa dipa">ˌɪn·spəˈreɪ·ʃən</span>/	[sound:cambridge-inspiration.mp3]	someone or something that gives you ideas for doing something
			
geek	/<span class="ipa dipa">ɡik</span>/	[sound:cambridge-usgecko002.mp3]	someone who likes a particular subject a lot and is not fashionable
assustador	/<span class="ipa dipa">ˈfrɑɪ·t̬<span class="sp dsp">ə</span>n·ɪŋ</span>/	[sound:cambridge-frightening.mp3]	making you feel afraid or nervous
festival,festa (religiosa)	/<span class="ipa dipa">ˈfes·tə·vəl</span>/	[sound:cambridge-festival.mp3]	a series of special events or performances
			
dar calafrios em alguém			to make someone feel frightened or nervous
fórum	/<span class="ipa dipa">ˈkɔrtˌhɑʊs</span>/	[sound:cambridge-uscount021.mp3]	a building with one or more rooms in it where legal trials happen
acampamento	/<span class="ipa dipa">ˈkæm·pɪŋ</span>/	[sound:cambridge-camping.mp3]	the activity staying in a tent for a holiday
assistência,ajuda	/<span class="ipa dipa">əˈsɪs·təns</span>/	[sound:cambridge-assistance.mp3]	help
afeto	/<span class="ipa dipa">əˈfek·ʃən</span>/	[sound:cambridge-affection.mp3]	a feeling of liking or loving someone, or the things you do to show this
jurar,promessa		[sound:cambridge-vow.mp3]	to make a determined decision or promise to do something
			
protesto	/<span class="ipa dipa">ˈproʊ·test</span>/	[sound:cambridge-protest_01_00.mp3]	an act of showing that you strongly disagree with something, often by standing somewhere and shouting, carrying signs, etc.
ficar preso	/<span class="ipa dipa">lɑdʒ</span>/	[sound:cambridge-lodge.mp3]	to become stuck somewhere
corte de cabelo	/<span class="ipa dipa">ˈheərˌkʌt</span>/	[sound:cambridge-eus72123.mp3]	an act of having your hair cut
			
eterno	/<span class="ipa dipa">ɪˈtɜr·n<span class="sp dsp">ə</span>l</span>/	[sound:cambridge-eus75715.mp3]	continuing forever
redação,ensaio,trabalho escrito	/<span class="ipa dipa">ˈes·eɪ</span>/	[sound:cambridge-essay.mp3]	a short piece of writing about a subject, especially one written by a student
presidente	/<span class="ipa dipa">ˈtʃer.mən</span>/	[sound:cambridge-uscld01834.mp3]	a person in charge of a meeting or organization
			
			
			
ambiente,vibrafone		[sound:cambridge-ca2us104.mp3]	the mood or character of a place, situation, or piece of music
haras,plantel,gatão,cravo,tacha,piercing,botão de colarinho		[sound:cambridge-stud.mp3]	a group of animals, especially high-quality horses, kept for breeding
			
marinheiro,marujo,navegante	/<span class="ipa dipa">ˈseɪ·lər</span>/	[sound:cambridge-sailor.mp3]	someone who works on ships or boats, or who sails as a sport
			
recibo	/<span class="ipa dipa">rɪˈsit</span>/	[sound:cambridge-receipt.mp3]	a piece of paper that proves that you have received goods or money
operador,-ora,empresa,telefonista	/<span class="ipa dipa">ˈɑ·pəˌreɪ·t̬ər</span>/	[sound:cambridge-usl30246.mp3]	someone whose job is to control a machine or vehicle
			
			
			
			
			
cabra	/<span class="ipa dipa">ɡoʊt</span>/	[sound:cambridge-goat.mp3]	an animal with horns that is kept for the milk it makes
exclusivo	/<span class="ipa dipa">ɪksˈklu·sɪv</span>/	[sound:cambridge-exclusive.mp3]	expensive and only for people who are rich or important
destruidor,destrutivo	/<span class="ipa dipa">dɪˈstrʌk.tɪv</span>/	[sound:cambridge-destructive.mp3]	causing, or able to cause, damage
definir	/<span class="ipa dipa">dɪˈfɑɪn</span>/	[sound:cambridge-eus75543.mp3]	to say exactly what something means
derrotar,vencer,derrota	/<span class="ipa dipa">dɪˈfit</span>/	[sound:cambridge-eus75529.mp3]	to win against someone in a fight or competition
bochecha,atrevimento,cara de pau	/<span class="ipa dipa">tʃik</span>/	[sound:cambridge-cheek.mp3]	one of the two soft parts of your face below your eyes
adorar	/<span class="ipa dipa">əˈdɔr</span>/	[sound:cambridge-adore.mp3]	to love someone or something very much
adotar	/<span class="ipa dipa">əˈdɑpt</span>/	[sound:cambridge-adopt.mp3]	to take someone else’s child into your family and legally become the parent of that child
guerreiro,-a	/<span class="ipa dipa">ˈwɔr·i·ər</span>/	[sound:cambridge-warrior.mp3]	a person who has experience and skill in fighting in a war, especially in the past
			
			
			
			
calção,calças curtas,short,cueca	/<span class="ipa dipa">ʃɔrts</span>/	[sound:cambridge-shorts.mp3]	a very short pair of trousers that stop above the knees
			
			
parente	/<span class="ipa dipa">ˈrel·ə·t̬ɪv</span>/	[sound:cambridge-eus73920.mp3]	someone in your family
lagoa,pequeno lago	/<span class="ipa dipa">pɑnd</span>/	[sound:cambridge-pond.mp3]	a small area of water
nono	/<span class="ipa dipa">nɑɪnθ</span>/	[sound:cambridge-ninth.mp3]	9th written as a word
			
			
			
massa	/<span class="ipa dipa">doʊ</span>/	[sound:cambridge-doe.mp3]	a thick mixture of flour and liquid used to make foods such as bread and pastry
			
			
			
			
barril,tonel,cano (de arma)	/<span class="ipa dipa">ˈbær·əl</span>/	[sound:cambridge-barrel.mp3]	a large, round container for storing liquids such as oil or wine
			
enfiar	/<span class="ipa dipa">tʌk</span>/	[sound:cambridge-tuck.mp3]	to push a loose piece of clothing or material somewhere to make it tidy
passado e particípio passado de “sneak”		[sound:cambridge-snuck.mp3]	past simple and past participle of  sneak 
ligeiro,leve,delgado,miúdo	/<span class="ipa dipa">slɑɪt</span>/	[sound:cambridge-usb03202.mp3]	small and not important
			
na parte de trás,traseiro,posterior,criar	/<span class="ipa dipa">rɪər</span>/	[sound:cambridge-rear.mp3]	the back part of something
premente		[sound:cambridge-pressing.mp3]	urgent or needing to be dealt with immediately
			
romance,novo,inusitado	/<span class="ipa dipa">ˈnɑ·vəl</span>/	[sound:cambridge-novel.mp3]	a book that tells a story about people and things that are not real
			
magnífico,majestoso,maravilhoso,magnificamente	/<span class="ipa dipa">mæɡˈnɪf·ə·sənt</span>/	[sound:cambridge-magnificent.mp3]	very good or very beautiful
			
			
lamber,chupar	/<span class="ipa dipa">lɪk</span>/	[sound:cambridge-lick.mp3]	to move your tongue across something
preguiçoso,preguiça	/<span class="ipa dipa">ˈleɪ·zi</span>/	[sound:cambridge-lazy.mp3]	Someone who is lazy does not like working.
deusa	/<span class="ipa dipa">ˈɡɑ·dəs</span>/	[sound:cambridge-uscld01863.mp3]	a female spirit that people pray to
magnífico,glorioso	/<span class="ipa dipa">ˈɡlɔr·i·əs</span>/	[sound:cambridge-glorious.mp3]	beautiful or very good
noiva	/<span class="ipa dipa">ˌfi·ɑnˈseɪ</span>, <span class="ipa dipa">fiˈɑn·seɪ</span>/	[sound:cambridge-fiance_01_00.mp3]	Your fiancée is the woman that you are going to marry.
candidato,-a	/<span class="ipa dipa">ˈkæn·dəˌdeɪt</span>/	[sound:cambridge-eus70677.mp3]	a person who takes part in an election
tijolo	/<span class="ipa dipa">brɪk</span>/	[sound:cambridge-brick.mp3]	a hard, rectangular block used for building walls
			
			
			
			
			
adolescente		[sound:cambridge-teen_teenager.mp3]	→  teenage 
bolsa de estudos	/<span class="ipa dipa">ˈskɑ·lərˌʃɪp</span>/	[sound:cambridge-scholarship.mp3]	an amount of money given to a person by an organization to pay for their education
são	/<span class="ipa dipa">seɪn</span>/	[sound:cambridge-sane.mp3]	having a healthy mind
prévio,anterior	/<span class="ipa dipa">ˈpri·vi·əs</span>/	[sound:cambridge-previous.mp3]	existing or happening before this one
			
reino,o reino animal/vegetal	/<span class="ipa dipa">ˈkɪŋ·dəm</span>/	[sound:cambridge-kingdom.mp3]	a country with a king or queen
bondade,gentileza	/<span class="ipa dipa">ˈkɑɪnd·nəs</span>/	[sound:cambridge-kindness.mp3]	behaviour that is kind
			
			
			
ensolarado	/<span class="ipa dipa">ˈsʌn·i</span>/	[sound:cambridge-sunny.mp3]	bright because of light from the sun
			
			
			
colchão	/<span class="ipa dipa">ˈmæt·rɪs</span>/	[sound:cambridge-mattress.mp3]	the soft part of a bed that you lie on
			
sala	/<span class="ipa dipa">lɑʊndʒ</span>/	[sound:cambridge-lounge.mp3]	a room with chairs where you can sit and relax
lagosta	/<span class="ipa dipa">ˈlɑb·stər</span>/	[sound:cambridge-lobster.mp3]	a sea animal that has two claws (= sharp, curved parts) and eight legs, or the meat of this animal
			
etiqueta,marca,grife,rotular,tachar alguém de	/<span class="ipa dipa">ˈleɪ·bəl</span>/	[sound:cambridge-label.mp3]	a piece of paper or material that is attached to something and gives you information about it
de forma mais importante,o que é mais importante	/<span class="ipa dipa">ɪmˈpɔr·t<span class="sp dsp">ə</span>nt·li</span>/	[sound:cambridge-importantly.mp3]	in a way that is important
luva	/<span class="ipa dipa">ɡlʌv</span>/	[sound:cambridge-glove.mp3]	a piece of clothing that covers your fingers and hand
			
			
decepção	/<span class="ipa dipa">ˌdɪs·əˈpɔɪnt·mənt</span>/	[sound:cambridge-eus71295.mp3]	the feeling of being disappointed
condomínio,apartamento em condomínio	/<span class="ipa dipa">ˈkɑːn.doʊ</span>/	[sound:cambridge-condo.mp3]	a  condominium 
cemitério	/<span class="ipa dipa">ˈsem·ɪˌter·i</span>/	[sound:cambridge-cemetery.mp3]	a place where dead people are buried
			
			
			
			
colher	/<span class="ipa dipa">spun</span>/	[sound:cambridge-spoon.mp3]	an object with a handle and a round, curved part at one end, used for eating and serving food
gritar alto,guinchar,grito penetrante,guincho	/<span class="ipa dipa">skritʃ</span>/	[sound:cambridge-screech.mp3]	to make an unpleasant, high, loud sound
satisfação	/<span class="ipa dipa">ˌsæt̬·əsˈfæk·ʃən</span>/	[sound:cambridge-satisfaction.mp3]	a good feeling because you have done something well
			
			
			
freira	/<span class="ipa dipa">nʌn</span>/	[sound:cambridge-none.mp3]	a member of a group of religious women who live away from other people
marinha,azul-marinho	/<span class="ipa dipa">ˈneɪ·vi</span>/	[sound:cambridge-navy.mp3]	the part of a country’s armed forces that is trained to operate at sea
			
			
			
elefante	/<span class="ipa dipa">ˈel·ə·fənt</span>/	[sound:cambridge-eus75655.mp3]	a very large, grey animal with big ears and a very long nose
			
dedicado,exclusivo	/<span class="ipa dipa">-t̬ɪd</span>/	[sound:cambridge-dedicated.mp3]	believing that something is very important and giving a lot of time and energy to it
			
certidão,certificado	/<span class="ipa dipa">sərˈtɪf·ɪ·kət</span>/	[sound:cambridge-certificate.mp3]	an official document that gives details to show that something is true
			
anual,anualmente	/<span class="ipa dipa">ˈæn·ju·əl</span>/	[sound:cambridge-annual.mp3]	happening once a year
verme	/<span class="ipa dipa">wɜrm</span>/	[sound:cambridge-worm.mp3]	a small creature with a long, thin, soft body and no legs
tique-taque,tique,fazer tique-taque,ticar	/<span class="ipa dipa">tɪk</span>/	[sound:cambridge-tic.mp3]	the sound that a clock or watch makes every second
			
primordial	/<span class="ipa dipa">ˈprɑɪ·mer·i</span>, <span class="ipa dipa">ˈprɑɪ·mə·ri</span>/	[sound:cambridge-primary.mp3]	most important
cera,encerar,dar brilho em	/<span class="ipa dipa">ˈpɑ·lɪʃ</span>/	[sound:cambridge-polish.mp3]	a substance that you rub on something in order to make it shine
			
			
alvoroço,confusão,fazer uma cena,dar muita atenção a alguém,preocupar-se (com ninharias)	/<span class="ipa dipa">fʌs</span>/	[sound:cambridge-fuss.mp3]	excitement or worry about something that is not important
			
defensivo,na defensiva,defensivamente		[sound:cambridge-eus75537.mp3]	used to protect someone or something against attack
			
competir,disputar,concorrer	/<span class="ipa dipa">kəmˈpit</span>/	[sound:cambridge-compete.mp3]	to try to win a competition
			
arbusto,touceira,matagal	/<span class="ipa dipa">bʊʃ</span>/	[sound:cambridge-bush.mp3]	a short, thick plant with a lot of branches
balão,inflar-se,inchar-se	/<span class="ipa dipa">bəˈlun</span>/	[sound:cambridge-balloon.mp3]	a thin rubber thing that you blow air into or fill with light gas until it is round, used as a decoration or a toy
			
iatismo,vela	/<span class="ipa dipa">ˈseɪ·lɪŋ</span>/	[sound:cambridge-sailing.mp3]	a sport using boats with sails
contanto que,desde que	/<span class="ipa dipa">prəˈvɑɪ·dɪŋ</span>/		only if
			
			
por sorte	/<span class="ipa dipa">ˈlʌk·ə·li</span>/	[sound:cambridge-luckily.mp3]	happening because of good luck
			
			
arquivamento (de documentos)	/<span class="ipa dipa">ˈfɑɪ·lɪŋ</span>/	[sound:cambridge-filing.mp3]	the activity of putting documents, electronic information, etc. into files
depressão	/<span class="ipa dipa">dɪˈpreʃ·ən</span>/	[sound:cambridge-depression.mp3]	a feeling of sadness, or a mental illness that makes you feel very sad
			
consideração,levar algo em consideração,atenção,respeito	/<span class="ipa dipa">kənˌsɪd·əˈreɪ·ʃən</span>/	[sound:cambridge-consideration.mp3]	something that you have to think about when you make decisions
consciência,perder/retomar a consciência	/<span class="ipa dipa">ˈkɑn·ʃəs·nəs</span>/	[sound:cambridge-consciousness.mp3]	the state of being awake and being able to think and notice things
			
			
inocência	/<span class="ipa dipa">ˈɪn·ə·səns</span>/	[sound:cambridge-innocence.mp3]	the fact of not having committed a crime
indicar,sinalizar,dar seta	/<span class="ipa dipa">ˈɪn·dɪˌkeɪt</span>/	[sound:cambridge-indicate.mp3]	to show that something exists or is true
			
			
			
			
testa	/<span class="ipa dipa">ˈfɑr·əd</span>, <span class="ipa dipa">ˈfɔrˌhed</span>/	[sound:cambridge-forehead.mp3]	the part of your face between your eyes and your hair
			
			
			
agressivo,agressivamente,agressividade,agressão	/<span class="ipa dipa">əˈɡres·ɪv</span>/	[sound:cambridge-aggressive.mp3]	angry and violent towards another person
reboque,trailer,forma alternativa de “mobile home”: casa móvel	/<span class="ipa dipa">ˈtreɪ·lər</span>/	[sound:cambridge-trailer.mp3]	a container with wheels that can be pulled by a car or a truck
			
bater com força	/<span class="ipa dipa">slæm</span>/	[sound:cambridge-eus74269.mp3]	to close with great force, or to make something close with great force
			
aposentadoria	/<span class="ipa dipa">rɪˈtɑɪər·mənt</span>/	[sound:cambridge-retirement.mp3]	the period of your life after you have stopped working
			
intrometer-se,meter o nariz	/<span class="ipa dipa">prɑɪ</span>/	[sound:cambridge-pry.mp3]	to try to discover private things about people
pornografia,pornográfico			informal for  pornography 
			
estreito	/<span class="ipa dipa">ˈnær·oʊ</span>/	[sound:cambridge-eus73161.mp3]	being only a small distance from one side to the other
			
			
informar	/<span class="ipa dipa">ɪnˈfɔrm</span>/	[sound:cambridge-inform.mp3]	to tell someone about something
honorário,taxa	/<span class="ipa dipa">fi</span>/	[sound:cambridge-fee.mp3]	an amount of money that you pay to do or use something
			
incentivar,encorajar,animar,estimular	/<span class="ipa dipa">ɪnˈkɜr·ɪdʒ</span>, <span class="ipa dipa">ɪnˈkʌr·ɪdʒ</span>/	[sound:cambridge-eus71530.mp3]	to say good things to someone that will make them confident about doing something
passado e particípio passado de “dig”	/<span class="ipa dipa">dʌɡ</span>/	[sound:cambridge-dug.mp3]	past tense and past participle of dig
encantado,satisfeitíssimo	/<span class="ipa dipa">dɪˈlɑɪ·t̬ɪd</span>/	[sound:cambridge-delighted.mp3]	very pleased
luz do dia	/<span class="ipa dipa">ˈdeɪˌlɑɪt</span>/	[sound:cambridge-daylight.mp3]	the natural light from the sun during the day
			
atualmente	/<span class="ipa dipa">ˈkɜr·ənt</span>, <span class="ipa dipa">ˈkʌr·ənt</span>/	[sound:cambridge-currently.mp3]	at the present time
confidencial,confidencialmente	/<span class="ipa dipa">ˌkɑn·fəˈden·ʃəl</span>/	[sound:cambridge-confidential.mp3]	secret, especially in an official situation
mastigar	/<span class="ipa dipa">tʃu</span>/	[sound:cambridge-chew.mp3]	to break food between your teeth as a part of eating
			
			
			
lavagem,roupa lavada/para lavar,louça para lavar	/<span class="ipa dipa">wɑ·ʃɪŋ</span>/	[sound:cambridge-eus74936.mp3]	things that are being washed, such as clothes, or the act of washing these
zelador,-ora	/<span class="ipa dipa">ˈwɔr·d<span class="sp dsp">ə</span>n</span>/	[sound:cambridge-warden.mp3]	someone who looks after a building or the people in it
			
			
templo	/<span class="ipa dipa">ˈtem·pəl</span>/	[sound:cambridge-temple.mp3]	a building where people in some religions go to pray
			
			
permitir,autorizar	/<span class="ipa dipa">pərˈmɪt</span>/	[sound:cambridge-eus73514.mp3]	to allow something
amante (f),amásia,concubina	/<span class="ipa dipa">ˈmɪs·trəs</span>/	[sound:cambridge-mistress.mp3]	a woman who has a sexual relationship with a man who is married to someone else
abóbora-menina	/<span class="ipa dipa">ˈmær·oʊ</span>/	[sound:cambridge-eus72917.mp3]	a large vegetable that has dark green skin and is white on the inside
			
			
ódio	/<span class="ipa dipa">ˈheɪ·trɪd</span>/	[sound:cambridge-hatred.mp3]	a great dislike of someone or something
grelha,churrasqueira,grelhar	/<span class="ipa dipa">ɡrɪl</span>/	[sound:cambridge-grill.mp3]	a piece of equipment that cooks food using direct heat
fórmula	/<span class="ipa dipa">ˈfɔr·mjə·lə</span>/	[sound:cambridge-formula.mp3]	a list of the substances that something is made of
			
			
			
cadáver	/<span class="ipa dipa">kɔrps</span>/	[sound:cambridge-corpse.mp3]	a dead person’s body
			
			
sóbrio,sobriamente,discretamente	/<span class="ipa dipa">ˈsoʊ·bər</span>/	[sound:cambridge-sober.mp3]	Someone who is sober is not drunk.
			
promoção	/<span class="ipa dipa">prəˈmoʊ·ʃən</span>/	[sound:cambridge-promotion.mp3]	activities that advertise something
descascar,pele,casca	/<span class="ipa dipa">pil</span>/	[sound:cambridge-peal.mp3]	to take off the skin of fruit or vegetables
			
necrotério	/<span class="ipa dipa">mɔːrɡ</span>/	[sound:cambridge-morgue.mp3]	a building, or a room in a hospital, etc. where dead bodies are kept before they are sent to be buried or burned, sometimes so that they can be examined
			
			
infectado	/<span class="ipa dipa">ɪnˈfek.tɪd</span>/	[sound:cambridge-infected.mp3]	containing bacteria or other things that can cause disease
humanidade	/<span class="ipa dipa">hjuˈmæn·ə·t̬i</span>/	[sound:cambridge-eus72271.mp3]	all people
credo	/<span class="ipa dipa">ˈiːuː</span>/	[sound:cambridge-cald4us0785.mp3]	an expression of disgust (= disapproval and dislike)
			
eletricidade	/<span class="ipa dipa">ɪˌlekˈtrɪs·ət̬·i</span>/	[sound:cambridge-electricity.mp3]	a type of energy that can produce light and heat, or make machines work
elétrico	/<span class="ipa dipa">ɪˈlek·trɪ·kəl</span>/	[sound:cambridge-electrical.mp3]	using or relating to electricity
distração		[sound:cambridge-eus75628.mp3]	the state of being very bored or annoyed
helicóptero,pênis	/<span class="ipa dipa">ˈtʃɑː.pɚ</span>/	[sound:cambridge-chopper.mp3]	informal for  helicopter 
carrinho (de compras),carroça	/<span class="ipa dipa">kɑrt</span>/	[sound:cambridge-cart.mp3]	a metal structure on wheels that is used for carrying things
transmissão,transmitir	/<span class="ipa dipa">ˈbrɔdˌkæst</span>/	[sound:cambridge-broadcast.mp3]	a television or radio programme
			
violação	/<span class="ipa dipa">ˌvaɪ.əˈleɪ.ʃ<span class="sp dsp">ə</span>n</span>/	[sound:cambridge-violation.mp3]	an action that breaks or acts against something, especially a law, agreement, principle, or something that should be treated with respect
forma abreviada de “have”	/<span class="ipa dipa">v</span>/	[sound:cambridge-usb03136.mp3]	short form of have
			
picar,picada	/<span class="ipa dipa">stɪŋ</span>/	[sound:cambridge-sting.mp3]	If an insect, plant, etc. stings you, it causes pain by putting poison into your skin.
promissor,de maneira promissora	/<span class="ipa dipa">ˈprɑː.mɪ-</span>/	[sound:cambridge-promising.mp3]	Something that is promising shows signs that it is going to be successful or enjoyable.
assédio		[sound:cambridge-harassment.mp3]	behaviour that annoys or upsets someone
cola,colar	/<span class="ipa dipa">ɡlu</span>/	[sound:cambridge-glue.mp3]	a substance used to stick things together
reunião	/<span class="ipa dipa">ˈɡæð·ərrɪŋ</span>/	[sound:cambridge-gathering.mp3]	a party or a meeting where many people get together as a group
cervo,veado	/<span class="ipa dipa">dɪər</span>/	[sound:cambridge-dear.mp3]	a large wild animal that has antlers (= long horns) if it is male
			
			
			
contente,satisfeito,conteúdo	/<span class="ipa dipa">kənˈtent</span>/,/<span class="ipa dipa">ˈkɑn·tent</span>/	[sound:cambridge-content_01_00.mp3],[sound:cambridge-content_02_00.mp3]	happy
combate	/<span class="ipa dipa">ˈkɑm·bæt</span>/	[sound:cambridge-combat_01_00.mp3]	a fight, especially during a war
calendário,agenda	/<span class="ipa dipa">ˈkæl·ən·dər</span>/	[sound:cambridge-calendar.mp3]	something that shows all the days, weeks, and months of the year
brutal,cruel,brutalmente,cruelmente	/<span class="ipa dipa">ˈbru·t̬<span class="sp dsp">ə</span>l</span>/	[sound:cambridge-eus70617.mp3]	very violent or cruel
			
			
			
			
carroça,vagão		[sound:cambridge-wagon.mp3]	a vehicle with four wheels, usually pulled by horses or oxen, used for transporting heavy goods, especially in the past
			
desagradável,de modo desagradável	/<span class="ipa dipa">ʌnˈplez·ənt</span>/	[sound:cambridge-unpleasant.mp3]	not enjoyable or pleasant
bronzeado,bronzear,cáqui,marrom-claro	/<span class="ipa dipa">tæn</span>/	[sound:cambridge-tan.mp3]	darker skin that some people get from being in the sun
			
			
robô	/<span class="ipa dipa">ˈroʊ·bɑt</span>/	[sound:cambridge-robot.mp3]	a machine controlled by a computer that can move and do other things that people can do
			
			
			
pimenta,pimentão	/<span class="ipa dipa">ˈpep·ər</span>/	[sound:cambridge-eus73488.mp3]	a powder that is made from seeds, used to give food a slightly spicy flavour
observação	/<span class="ipa dipa">ˌɑb·zərˈveɪ·ʃən</span>/	[sound:cambridge-eus75118.mp3]	the act of watching someone or something carefully
			
arrendamento,arrendar,tomar em arrendamento	/<span class="ipa dipa">lis</span>/	[sound:cambridge-lease.mp3]	a legal agreement in which you pay money in order to use a building or a piece of land for a period of time
			
			
chama	/<span class="ipa dipa">fleɪm</span>/	[sound:cambridge-flame.mp3]	hot, bright, burning gas made by something on fire
doméstico,nacional	/<span class="ipa dipa">dəˈmes·tɪk</span>/	[sound:cambridge-domestic.mp3]	relating to the home and family relationships
divino,divinamente	/<span class="ipa dipa">dɪˈvɑɪn</span>/	[sound:cambridge-divine.mp3]	relating to or coming from God or a god
desaparecimento	/<span class="ipa dipa">ˌdɪs·əˈpɪər·əns</span>/	[sound:cambridge-disappearance.mp3]	the fact of someone or something suddenly going somewhere and becoming impossible to see or find
deprimente	/<span class="ipa dipa">dɪˈpres·ɪŋ</span>/	[sound:cambridge-depressing.mp3]	making you feel sad and without any hope for the future
emoção,emocionar,empolgar	/<span class="ipa dipa">θrɪl</span>/	[sound:cambridge-thrill.mp3]	a strong feeling of excitement and pleasure
terminal	/<span class="ipa dipa">ˈtɜr·mə·n<span class="sp dsp">ə</span>l</span>/	[sound:cambridge-terminal.mp3]	a building where you can get onto a plane, bus, or ship
			
			
			
			
			
			
dar descarga,ficar vermelho	/<span class="ipa dipa">flʌʃ</span>/	[sound:cambridge-flush.mp3]	to clean something, especially a toilet, by sending water through it
exceção,abrir uma exceção	/<span class="ipa dipa">ɪkˈsep·ʃən</span>/	[sound:cambridge-exception.mp3]	someone or something that is not included in a rule, group, or list
			
prazo	/<span class="ipa dipa">ˈdedˌlɑɪn</span>/	[sound:cambridge-deadline.mp3]	a time by which something must be done
cabo	/<span class="ipa dipa">ˈkɔr·prəl</span>/	[sound:cambridge-corporal.mp3]	a soldier of low rank in the army or air force
			
atualizar	/<span class="ipa dipa">ˈʌpˌdeɪt</span>, <span class="ipa dipa">ˌʌpˈdeɪt</span>/	[sound:cambridge-update_01_00.mp3]	to add new information
			
bater,dar uma palmada em,palmada	/<span class="ipa dipa">smæk</span>/	[sound:cambridge-smack.mp3]	to hit someone with the flat, inside part of your hand
			
			
derreter(-se)	/<span class="ipa dipa">melt</span>/	[sound:cambridge-melt.mp3]	to change from a solid into a liquid because of heat, or to make something do this
loucura	/<span class="ipa dipa">ˈmæd·nəs</span>/	[sound:cambridge-madness.mp3]	stupid or dangerous behaviour
			
			
águia	/<span class="ipa dipa">ˈi·ɡəl</span>/	[sound:cambridge-eagle.mp3]	a large wild bird with a big, curved beak, that hunts smaller animals
delirante	/<span class="ipa dipa">dɪˈluː.ʒ<span class="sp dsp">ə</span>n.<span class="sp dsp">ə</span>l</span>/	[sound:cambridge-cald4us0606.mp3]	believing things that are not true
			
passado e particípio passado de “burn”,queimado	/<span class="ipa dipa">bɜrnt</span>/	[sound:cambridge-burnt.mp3]	past tense and past participle of burn
			
			
terno,carinhoso,macio,tenro,ternamente,carinhosamente,ternura,carinho	/<span class="ipa dipa">ˈten·dər</span>/	[sound:cambridge-tender.mp3]	kind and gentle
espermatozoide	/<span class="ipa dipa">spɜrm</span>/	[sound:cambridge-sperm.mp3]	a small cell produced by a male animal that joins an egg from a female animal to create a baby
especialista	/<span class="ipa dipa">ˈspeʃ·ə·lɪst</span>/	[sound:cambridge-specialist.mp3]	someone who has a lot of knowledge of or skill in a particular subject
científico,cientificamente	/<span class="ipa dipa">ˌsɑɪ·ənˈtɪf·ɪk</span>/	[sound:cambridge-scientific.mp3]	relating to science
Satanás	/<span class="ipa dipa">ˈseɪ·t̬<span class="sp dsp">ə</span>n</span>/	[sound:cambridge-satan.mp3]	the Devil (= the enemy of God)
			
carne de porco	/<span class="ipa dipa">pɔrk</span>/	[sound:cambridge-pork.mp3]	meat from a pig
			
			
			
interrogatório	/<span class="ipa dipa">ɪnˌter·əˈɡeɪ·ʃən</span>/	[sound:cambridge-interrogation.mp3]	the act of interrogating someone
instituição	/<span class="ipa dipa">ˌɪn·stɪˈtu·ʃən</span>/	[sound:cambridge-eus75809.mp3]	a large and important organization, such as a university or bank
			
			
estima	/<span class="ipa dipa">ɪˈstim</span>/	[sound:cambridge-esteem.mp3]	respect and admiration for someone
			
			
			
coro,coral	/<span class="ipa dipa">kwɑɪər</span>/	[sound:cambridge-choir.mp3]	a group of people who sing together
desfazer,desatar,desamarrar,desabotoar	/<span class="ipa dipa">ʌnˈdu</span>/	[sound:cambridge-undo.mp3]	to open something that is fastened
			
			
peste	/<span class="ipa dipa">pleɪɡ</span>/	[sound:cambridge-eus73589.mp3]	a serious disease that spreads quickly and kills a lot of people
manipular	/<span class="ipa dipa">məˈnɪp·jəˌleɪt</span>/	[sound:cambridge-manipulate.mp3]	to control someone or something in a clever way
estilo de vida	/<span class="ipa dipa">ˈlɑɪfˌstɑɪl</span>/	[sound:cambridge-uslibre021.mp3]	the way that you live
lança,lancetar	/<span class="ipa dipa">læns</span>/	[sound:cambridge-uslaird022.mp3]	a long, thin pole with a sharp point that soldiers used in the past as a weapon when riding horses
			
honra,em honra de alguém/algo	/<span class="ipa dipa">ˈɑː.nɚ</span>/	[sound:cambridge-honor.mp3]	qualities such as goodness, honesty, and bravery that make people respect you
detenção,retenção		[sound:cambridge-detention.mp3]	the act of officially detaining someone
encantador	/<span class="ipa dipa">dɪˈlɑɪt·fəl</span>/	[sound:cambridge-eus75557.mp3]	very pleasant or attractive
margarida	/<span class="ipa dipa">ˈdeɪ·zi</span>/	[sound:cambridge-daisy.mp3]	a small flower with white petals and a yellow centre
			
xadrez	/<span class="ipa dipa">tʃes</span>/	[sound:cambridge-chess.mp3]	a game that two people play by moving different pieces around a board of black and white squares
traição,deslealdade	/<span class="ipa dipa">bɪˈtreɪ·əl</span>/	[sound:cambridge-betrayal.mp3]	cruel or dishonest behaviour towards someone who trusts you
			
ajustar,regular,adaptar-se	/<span class="ipa dipa">əˈdʒʌst</span>/	[sound:cambridge-adjust.mp3]	to change something slightly to make it fit or work better
em ruínas,arruinado,estragado,mamado,bêbado	/<span class="ipa dipa">rekt</span>/	[sound:cambridge-uswp___012.mp3]	very badly damaged
hábito,costume	/<span class="ipa dipa">woʊnt</span>/	[sound:cambridge-usad6078.mp3]	in the way that someone usually does
			
			
lembrete,recordação	/<span class="ipa dipa">rɪˈmɑɪn·dər</span>/	[sound:cambridge-reminder.mp3]	something that makes you remember something else
psicológico,psicologicamente	/<span class="ipa dipa">ˌsɑɪ·kəˈlɑ·dʒɪ·kəl</span>/	[sound:cambridge-psychological.mp3]	relating to the human mind and feelings
princípio,por princípio	/<span class="ipa dipa">ˈprɪn·sə·pəl</span>/	[sound:cambridge-principal.mp3]	a belief about how you should behave
			
			
fama	/<span class="ipa dipa">feɪm</span>/	[sound:cambridge-fame.mp3]	a state of being known by many people
tênue,débil,sentir-se tonto,desmaiar,desmaio	/<span class="ipa dipa">feɪnt</span>/	[sound:cambridge-faint.mp3]	slight and not easy to notice
confusão	/<span class="ipa dipa">kənˈfju·ʒən</span>/	[sound:cambridge-confusion.mp3]	a state in which people do not understand what is happening or what they should do
			
			
			
assar	/<span class="ipa dipa">beɪk</span>/	[sound:cambridge-bake.mp3]	to cook something such as bread or a cake in an oven
			
passado de “sing”	/<span class="ipa dipa">sæŋ</span>/	[sound:cambridge-sang.mp3]	past tense of sing
			
			
			
ilusão	/<span class="ipa dipa">ɪˈlu·ʒən</span>/	[sound:cambridge-illusion.mp3]	something that is not really what it seems to be
			
execução	/<span class="ipa dipa">ˌek·sɪˈkju·ʃən</span>/	[sound:cambridge-eus75722.mp3]	the killing of someone as a legal punishment
sofrimento,aflição,perigo,afligir,angustiar,angustiante,aflitivo,penoso	/<span class="ipa dipa">dɪˈstres</span>/	[sound:cambridge-eus75630.mp3]	the feeling of being very upset or worried
definição	/<span class="ipa dipa">ˌdef·əˈnɪʃ·ən</span>/	[sound:cambridge-definition.mp3]	an explanation of the meaning of a word or phrase
			
			
			
queixa,reclamação	/<span class="ipa dipa">kəmˈpleɪnt</span>/	[sound:cambridge-complaint.mp3]	a statement that someone makes to say something is wrong or not good enough
			
			
			
			
troféu	/<span class="ipa dipa">ˈtroʊ·fi</span>/	[sound:cambridge-trophy.mp3]	a prize, such as a silver cup, that you get for winning a competition
torturado,atormentado	/<span class="ipa dipa">ˈtɔːr.tʃɚd</span>/	[sound:cambridge-ustorme017.mp3]	involving suffering and difficulty
estrutura,estruturar,organizar	/<span class="ipa dipa">ˈstrʌk·tʃər</span>/	[sound:cambridge-structure.mp3]	the way that parts of something are arranged or put together
apodrecer,estragar	/<span class="ipa dipa">rɑt</span>/	[sound:cambridge-rot.mp3]	to become bad and soft because of being dead or old
			
inútil,sem sentido,inutilmente,inutilidade	/<span class="ipa dipa">ˈpɔɪnt·ləs</span>/	[sound:cambridge-pointless.mp3]	Something that is pointless has no purpose.
pérola	/<span class="ipa dipa">ˈpɜrl</span>/	[sound:cambridge-pearl.mp3]	a hard, white, round object that is made inside the shell of a sea creature and that is used to make jewellery
			
			
casa,lar,família	/<span class="ipa dipa">ˈhɑʊsˌhoʊld</span>/	[sound:cambridge-household.mp3]	a family or group of people who live together in a house
herdeiro,-a	/<span class="ipa dipa">eər</span>/	[sound:cambridge-air.mp3]	someone who will get another person’s money and things when that person dies
			
oitavo	/<span class="ipa dipa">eɪtθ</span>/	[sound:cambridge-eighth.mp3]	8th written as a word
			
			
			
álibi		[sound:cambridge-eus75471.mp3]	proof that someone who is thought to have committed a crime could not have done it, especially the fact or statement that they were in another place at the time it happened
ausência,falta	/<span class="ipa dipa">ˈæb·səns</span>/	[sound:cambridge-absence.mp3]	a time when you are not in a place
vital,imprescindível	/<span class="ipa dipa">ˈvɑɪ·t̬<span class="sp dsp">ə</span>l</span>/	[sound:cambridge-eus74876.mp3]	necessary
			
			
deste modo,assim,portanto,desta maneira	/<span class="ipa dipa">ðʌs</span>/	[sound:cambridge-thus.mp3]	used to say what happened as a result
batalhador	/<span class="ipa dipa">ˈstrʌɡ.lɪŋ</span>/	[sound:cambridge-usstron008.mp3]	unsuccessful but trying hard to succeed
brilhante	/<span class="ipa dipa">ˈʃɑɪ·ni</span>/	[sound:cambridge-shiny.mp3]	A shiny surface is bright because it reflects light.
			
			
mamãe	/<span class="ipa dipa">ˈmʌm·i</span>/	[sound:cambridge-mummy.mp3]	a word for ‘mother’, used especially by children
hortelã,bala de menta	/<span class="ipa dipa">mɪnt</span>/	[sound:cambridge-mint.mp3]	a plant whose leaves are used to add flavour to food and drinks
goleiro,-a,zelador,-ora,guarda	/<span class="ipa dipa">ˈki·pər</span>/	[sound:cambridge-keeper.mp3]	short form of goalkeeper (= the player in a sport such as football who tries to stop the ball from going into the goal)
			
envolvimento	/<span class="ipa dipa">ɪnˈvɑlv·mənt</span>/	[sound:cambridge-involvement.mp3]	the fact of being part of an activity or event
mangueira	/<span class="ipa dipa">hoʊz</span>/	[sound:cambridge-hose.mp3]	a long pipe made of plastic and used for putting water somewhere, usually onto a garden or fire
hobby,atividade de lazer	/<span class="ipa dipa">ˈhɑ·bi</span>/	[sound:cambridge-hobby.mp3]	an activity that you like and often do when you are not working
afortunado	/<span class="ipa dipa">ˈfɔr·tʃə·nət</span>/	[sound:cambridge-fortunate.mp3]	lucky
			
apropriado,digno,adequado,apropriadamente,convenientemente	/<span class="ipa dipa">ˈfɪt̬·ɪŋ</span>/	[sound:cambridge-fitting.mp3]	suitable or right for a particular situation
cortina	/<span class="ipa dipa">ˈkɜr·t̬<span class="sp dsp">ə</span>n</span>/	[sound:cambridge-curtain.mp3]	a piece of material that hangs down to cover a window, stage, etc.
			
			
além de algo,além disso,adição,soma,aquisição,anexo	/<span class="ipa dipa">əˈdɪʃ·ən</span>/	[sound:cambridge-addition.mp3]	added to what already exists, happens, or is true
espírito,humor	/<span class="ipa dipa">wɪt</span>/	[sound:cambridge-wit.mp3]	the ability to say things that are funny and clever
			
transporte	/<span class="ipa dipa">ˈtræns·pɔrt</span>/	[sound:cambridge-transport_01_01.mp3]	a vehicle or system of vehicles, such as buses, trains, planes, etc., for getting from one place to another
técnico	/<span class="ipa dipa">ˈtek·nɪ·kəl</span>/	[sound:cambridge-technical.mp3]	relating to the knowledge, machines, or methods used in science and industry
			
passado de “ride”	/<span class="ipa dipa">roʊd</span>/	[sound:cambridge-road.mp3]	past tense of ride
marionete	/<span class="ipa dipa">ˈpʌp·ɪt</span>/	[sound:cambridge-puppet.mp3]	a toy in the shape of a person or animal that you can move with strings or by putting your hand inside
prévio,antes de algo,prioritário,prior	/<span class="ipa dipa">praɪr</span>/	[sound:cambridge-prior.mp3]	existing or happening before something else, or before a particular time
			
			
memorando	/<span class="ipa dipa">ˈmem·oʊ</span>/	[sound:cambridge-memo.mp3]	a written message that one person in an organization sends to another
líquido	/<span class="ipa dipa">ˈlɪk·wɪd</span>/	[sound:cambridge-liquid.mp3]	a substance, for example water, that is not solid and that you can pour easily
irresponsável	/<span class="ipa dipa">ˌɪr·ɪˈspɑn·sə·bəl</span>/	[sound:cambridge-irresponsible.mp3]	not thinking about the possible bad results of what you are doing
humilhação	/<span class="ipa dipa">hjuˌmɪl·iˈeɪ·ʃən</span>/	[sound:cambridge-humiliation.mp3]	the fact of being made to feel stupid or ashamed, or an act of making someone feel like this
oi		[sound:cambridge-ushippo017.mp3]	an expression said when people who know each other well meet
			
fez	/<span class="ipa dipa">fez</span>/	[sound:cambridge-usferoc017.mp3]	a high, cone-shaped hat with a flat top and no brim, usually made of red material and with threads hanging from the top, especially as worn in the past by men in some Muslim countries
delito grave		[sound:cambridge-felony.mp3]	(an example of) serious crime that can be punished by one or more years in prison
			
			
engasgar,afogador	/<span class="ipa dipa">tʃoʊk</span>/	[sound:cambridge-choke.mp3]	to stop breathing because something is in your throat
			
			
			
tabloide	/<span class="ipa dipa">ˈtæb·lɔɪd</span>/	[sound:cambridge-tabloid.mp3]	a small newspaper with a lot of pictures and short, simple news stories
suspeita,receio	/<span class="ipa dipa">səˈspɪʃ·ən</span>/	[sound:cambridge-suspicion.mp3]	an idea that something may be true
			
comício,rali	/<span class="ipa dipa">ˈræl·i</span>/	[sound:cambridge-rally.mp3]	a large public meeting in support of something
psicologia	/<span class="ipa dipa">sɑɪˈkɑ·lə·dʒi</span>/	[sound:cambridge-psychology.mp3]	the study of the human mind and feelings
promessa,compromisso,prometer	/<span class="ipa dipa">pledʒ</span>/	[sound:cambridge-pledge.mp3]	a serious promise
			
creche,pré-escola,quarto de bebê,viveiro (de plantas)	/<span class="ipa dipa">ˈnɜr·sər·i</span>/	[sound:cambridge-eus73278.mp3]	a place where babies and young children are looked after without their parents
			
calças de brim,jeans	/<span class="ipa dipa">dʒinz</span>/	[sound:cambridge-jeans.mp3]	trousers made from denim (= a strong, usually blue, material)
investigador,-ora	/<span class="ipa dipa">ɪnˈves·tɪˌɡeɪ·t̬ər</span>/	[sound:cambridge-investigator.mp3]	a person whose job is to examine a crime, accident, etc. in order to discover the truth
			
volta para casa	/<span class="ipa dipa">ˈhoʊm-</span>/	[sound:cambridge-usholly006.mp3]	the fact of a person arriving home after being away for a long time
			
altura	/<span class="ipa dipa">hɑɪt</span>/	[sound:cambridge-height.mp3]	how tall or high something or someone is
			
frustrante	/<span class="ipa dipa">ˈfrʌsˌtreɪ·t̬ɪŋ</span>/	[sound:cambridge-frustrating.mp3]	making you feel annoyed because you cannot achieve or do what you want
tecido	/<span class="ipa dipa">ˈfæb·rɪk</span>/	[sound:cambridge-fabric.mp3]	cloth
ponto,salpico,bolinha,em ponto,em cima,no exato momento,estar salpicado	/<span class="ipa dipa">dɑt</span>/	[sound:cambridge-dot.mp3]	a small, round mark or spot
distante,longínquo	/<span class="ipa dipa">ˈdɪs·tənt</span>/	[sound:cambridge-distant.mp3]	far away in space or time
galo	/<span class="ipa dipa">kɑk</span>/	[sound:cambridge-cock.mp3]	an adult male chicken
			