céu,paraíso	/<span class="ipa dipa">ˈhev·ən</span>/	[sound:cambridge-heaven.mp3]	
felizmente	/<span class="ipa dipa">ˈfɔr·tʃə·nət·li</span>/	[sound:cambridge-fortunately.mp3]	
idiota,bobo,-a,tolo,fazer papel de bobo,fazer alguém de bobo,fazer-se de bobo,enganar,lograr,trapacear	/<span class="ipa dipa">ful</span>/	[sound:cambridge-fool.mp3]	
expectativa	/<span class="ipa dipa">ˌek·spekˈteɪ·ʃən</span>/	[sound:cambridge-expectation.mp3]	
rascunho,ortografia americana de “draught”			
cidadão,cidadã	/<span class="ipa dipa">ˈsɪt̬·ə·zən</span>/	[sound:cambridge-eus70819.mp3]	
charuto	/<span class="ipa dipa">sɪˈɡɑr</span>/	[sound:cambridge-cigar.mp3]	
ativo,dinâmico,atuante	/<span class="ipa dipa">ˈæk·tɪv</span>/	[sound:cambridge-active.mp3]	
fraqueza,debilidade,fragilidade	/<span class="ipa dipa">ˈwik·nəs</span>/	[sound:cambridge-eus74946.mp3]	
			
esqui,esquiar	/<span class="ipa dipa">ski</span>/	[sound:cambridge-ski.mp3]	
navio	/<span class="ipa dipa">ʃɪp</span>/	[sound:cambridge-ship.mp3]	
rancho	/<span class="ipa dipa">ræntʃ</span>/	[sound:cambridge-ranch.mp3]	
prática,treino,ensaio,estar fora de forma,na prática,ortografia americana de “practise”	/<span class="ipa dipa">ˈpræk·tɪs</span>/	[sound:cambridge-practice.mp3]	
musical,com talento musical	/<span class="ipa dipa">ˈmju·zɪ·kəl</span>/	[sound:cambridge-musical.mp3]	
movimento	/<span class="ipa dipa">ˈmuv·mənt</span>/	[sound:cambridge-eus73104.mp3]	
			
individual,indivíduo,pessoa	/<span class="ipa dipa">ˌɪn·dəˈvɪdʒ·u·əl</span>/	[sound:cambridge-individual.mp3]	
lar,casa,asilo,sentir-se em casa,sentir-se à vontade,para casa,em casa,endereço/número de telefone de casa,caseiro	/<span class="ipa dipa">hoʊm</span>/	[sound:cambridge-home.mp3]	
executar	/<span class="ipa dipa">ˈek·sɪˌkjut</span>/	[sound:cambridge-eus75721.mp3]	
examinar,estudar,sabatinar	/<span class="ipa dipa">ɪɡˈzæm·ɪn</span>/	[sound:cambridge-examine.mp3]	
documento	/<span class="ipa dipa">ˈdɑ·kjə·mənt</span>/	[sound:cambridge-eus71352.mp3]	
guindaste	/<span class="ipa dipa">kreɪn</span>/	[sound:cambridge-crane.mp3]	
coluna	/<span class="ipa dipa">ˈkɑ·ləm</span>/	[sound:cambridge-column.mp3]	
suborno	/<span class="ipa dipa">brɑɪb</span>/	[sound:cambridge-bribe.mp3]	
cerveja	/<span class="ipa dipa">bɪər</span>/	[sound:cambridge-beer.mp3]	
tarefa	/<span class="ipa dipa">tæsk</span>/	[sound:cambridge-task.mp3]	
espécie	/<span class="ipa dipa">ˈspi·ʃiz</span>/	[sound:cambridge-species.mp3]	
navegar,velejar,viajar (em navio/barco à vela),zarpar,partir,vela	/<span class="ipa dipa">seɪl</span>/	[sound:cambridge-sail.mp3]	
rum	/<span class="ipa dipa">rʌm</span>/	[sound:cambridge-rum.mp3]	
balneário,estância,último caso	/<span class="ipa dipa">rɪˈzɔrt</span>/	[sound:cambridge-resort.mp3]	
erupção cutânea,brotoeja,precipitado,imprudente	/<span class="ipa dipa">ræʃ</span>/	[sound:cambridge-rash.mp3]	
receita médica	/<span class="ipa dipa">prɪˈskrɪp·ʃən</span>/	[sound:cambridge-prescription.mp3]	
operar,funcionar,acionar	/<span class="ipa dipa">ˈɑp·əˌreɪt</span>/	[sound:cambridge-eus75231.mp3]	
			
			
silêncio,fazer calar,silenciar	/<span class="ipa dipa">hʌʃ</span>/	[sound:cambridge-hush.mp3]	
difuso,desfocado,frisado		[sound:cambridge-fuzzy.mp3]	
frágil	/<span class="ipa dipa">ˈfrædʒ·əl</span>/	[sound:cambridge-fragile.mp3]	
ciência forense	/<span class="ipa dipa">fəˈren.zɪks</span>/	[sound:cambridge-cdo0318usfore1907.mp3]	
gasto,gastos	/<span class="ipa dipa">ɪkˈspens</span>/	[sound:cambridge-expense.mp3]	
remédio,medicamento,droga	/<span class="ipa dipa">drʌɡ</span>/	[sound:cambridge-drug.mp3]	
diferença,fazer uma diferença,dá no mesmo,notar a diferença,uma divergência de opiniões	/<span class="ipa dipa">ˈdɪf·rəns</span>/	[sound:cambridge-difference.mp3]	
vaca	/<span class="ipa dipa">kɑʊ</span>/	[sound:cambridge-cow.mp3]	
conduta,comportamento	/<span class="ipa dipa">ˈkɑn·dʌkt</span>/	[sound:cambridge-conduct_03_01.mp3]	
cômico,revista em quadrinhos	/<span class="ipa dipa">ˈkɑ·mɪk</span>/,/<span class="ipa dipa">ˈkɑm·ɪk</span>/	[sound:cambridge-comic.mp3]	
bingo	/<span class="ipa dipa">ˈbɪŋ·ɡoʊ</span>/	[sound:cambridge-bingo.mp3]	
campainha,sino	/<span class="ipa dipa">bel</span>/	[sound:cambridge-bell.mp3]	
			
avenida	/<span class="ipa dipa">ˈæv·əˌnu</span>/	[sound:cambridge-avenue.mp3]	
agressão,ataque,agredir,atacar	/<span class="ipa dipa">əˈtæk</span>/	[sound:cambridge-attack.mp3]	
alocar	/<span class="ipa dipa">əˈsɑɪn</span>/	[sound:cambridge-assign.mp3]	
visitante,visita,turista	/<span class="ipa dipa">ˈvɪz·ɪ·t̬ər</span>/	[sound:cambridge-eus74872.mp3]	
mala	/<span class="ipa dipa">ˈsutˌkeɪs</span>/	[sound:cambridge-ussugge004.mp3]	
fonte	/<span class="ipa dipa">sɔrs</span>/	[sound:cambridge-eus74322.mp3]	
tipo,classe,espécie,todos os tipos de,esse tipo de coisa,tipo de,ordenar,classificar	/<span class="ipa dipa">sɔrt</span>/	[sound:cambridge-sort.mp3]	
escanear,perscrutar,esquadrinhar,correr os olhos por,dar uma olhada em,ultrassonografia	/<span class="ipa dipa">skæn</span>/	[sound:cambridge-scan.mp3]	
vara	/<span class="ipa dipa">rɑd</span>/	[sound:cambridge-rod.mp3]	
pagamento	/<span class="ipa dipa">ˈpeɪ·mənt</span>/	[sound:cambridge-payment.mp3]	
operação,cirurgia,oportunidade,ocasião	/<span class="ipa dipa">ɑːp</span>/	[sound:cambridge-usomniv015.mp3]	
motor	/<span class="ipa dipa">ˈmoʊ·t̬ər</span>/	[sound:cambridge-eus73097.mp3]	
minissaia	/<span class="ipa dipa">ˈmɪn.i</span>/	[sound:cambridge-mini.mp3]	
			
inspirado	/<span class="ipa dipa">-ˈspaɪrd</span>/	[sound:cambridge-usinsit010.mp3]	
inseguro	/<span class="ipa dipa">ˌɪn·sɪˈkjʊər</span>/	[sound:cambridge-insecure.mp3]	
imaginar	/<span class="ipa dipa">ɪˈmædʒ·ən</span>/	[sound:cambridge-imagine.mp3]	
duro,difícil,árduo,intenso,ser duro com alguém,fazer/aprender algo pela forma mais difícil,muito,duramente,fortemente	/<span class="ipa dipa">hɑrd</span>/	[sound:cambridge-hard.mp3]	
jogar,apostar,jogada	/<span class="ipa dipa">ˈɡæm·bəl</span>/	[sound:cambridge-gamble.mp3]	
			
escriturário,-a	/<span class="ipa dipa">klɜrk</span>/	[sound:cambridge-clerk.mp3]	
			
pulso	/<span class="ipa dipa">rɪst</span>/	[sound:cambridge-wrist.mp3]	
o que,quê?,como?,que,o qual,a qual,o quê?,e se…?,que tal…?,que…,por que…?,para que…?	/<span class="ipa dipa">hwʌt</span>, <span class="ipa dipa">hwɑt</span>/	[sound:cambridge-what.mp3]	
tubo,o metrô	/<span class="ipa dipa">tub</span>/	[sound:cambridge-tube.mp3]	
entrada,antepasto	/<span class="ipa dipa">ˈstɑr·t̬ər</span>/	[sound:cambridge-starter.mp3]	
seda	/<span class="ipa dipa">sɪlk</span>/	[sound:cambridge-silk.mp3]	
bomba,bombear	/<span class="ipa dipa">pʌmp</span>/	[sound:cambridge-pump.mp3]	
azul,verde,vermelho,etc. claro,pálido	/<span class="ipa dipa">peɪl</span>/	[sound:cambridge-pail.mp3]	
agradável,simpático,bom,gentil	/<span class="ipa dipa">nɑɪs</span>/	[sound:cambridge-nice.mp3]	
arrastar,tirar	/<span class="ipa dipa">hɔl</span>/	[sound:cambridge-hall.mp3]	
guardião,guardiã	/<span class="ipa dipa">ˈɡɑr·di·ən</span>/	[sound:cambridge-guardian.mp3]	
plural de “fly”,braguilha		[sound:cambridge-usfleet011.mp3]	
esquivar-se (de),escapar (de),escapar de,fugir de,sonegar	/<span class="ipa dipa">dɑdʒ</span>/	[sound:cambridge-dodge.mp3]	
exigência,demanda,procura,(muito) solicitado,procurado,exigir,precisar,requerer	/<span class="ipa dipa">dɪˈmænd</span>/	[sound:cambridge-eus75565.mp3]	
bota,porta-malas	/<span class="ipa dipa">but</span>/	[sound:cambridge-boot.mp3]	
arte,as belas-artes,Letras Humanas	/<span class="ipa dipa">ɑrt</span>/	[sound:cambridge-art.mp3]	
			
			
polegar,destoar,ser atrapalhado com as mãos,ser desajeitado	/<span class="ipa dipa">θʌm</span>/	[sound:cambridge-thumb.mp3]	
			
limitado	/<span class="ipa dipa">ˈlɪm·ɪ·t̬ɪd</span>/	[sound:cambridge-limited.mp3]	
isqueiro	/<span class="ipa dipa">ˈlɑɪ·t̬ər</span>/	[sound:cambridge-eus72785.mp3]	
			
quanto,como vai você?,como,que tal,muito prazer!,que	/<span class="ipa dipa">hɑʊ</span>/	[sound:cambridge-how.mp3]	
irmão mais velho,filha mais velha,irmã mais velha,etc.,o mais velho,a mais velha,as pessoas mais velhas,ancião,anciã	/<span class="ipa dipa">ˈel·dər</span>/	[sound:cambridge-elder.mp3]	
			
conexão,ligação,relação,com relação a algo	/<span class="ipa dipa">kəˈnek·ʃən</span>/	[sound:cambridge-connection.mp3]	
arma (de fogo)	/<span class="ipa dipa">ˈʃuː.t̬ɚ</span>/	[sound:cambridge-cdo0318usshoo4448.mp3]	
em voz baixa,baixinho,em silêncio	/<span class="ipa dipa">ˈkwɑɪ·ɪt·li</span>/	[sound:cambridge-quietly.mp3]	
puxar,arrastar,arrancar algo,arrastar-se	/<span class="ipa dipa">pʊl</span>/	[sound:cambridge-pull.mp3]	
leão	/<span class="ipa dipa">ˈlɑɪ·ən</span>/	[sound:cambridge-lion.mp3]	
			
idiota,estúpido,-a	/<span class="ipa dipa">ˈɪd·i·ət</span>/	[sound:cambridge-idiot.mp3]	
fator	/<span class="ipa dipa">ˈfæk·tər</span>/	[sound:cambridge-factor.mp3]	
apagar	/<span class="ipa dipa">ɪˈreɪs</span>/	[sound:cambridge-eus71615.mp3]	
negar,recusar	/<span class="ipa dipa">dɪˈnɑɪ</span>/	[sound:cambridge-eus71221.mp3]	
			
agressão,ataque,agredir,atacar	/<span class="ipa dipa">əˈtæk</span>/	[sound:cambridge-attack.mp3]	
tornozelo	/<span class="ipa dipa">ˈæŋ·kəl</span>/	[sound:cambridge-ankle.mp3]	
			
aceitar,aceitar a responsabilidade/a culpa	/<span class="ipa dipa">əkˈsept</span>/	[sound:cambridge-accept.mp3]	
			
			
caçador,-ora	/<span class="ipa dipa">ˈhʌn·t̬ər</span>/	[sound:cambridge-hunter.mp3]	
batimento cardíaco	/<span class="ipa dipa">ˈhɑrtˌbit</span>/	[sound:cambridge-eus72178.mp3]	
forma abreviada de “gallon”: galão: medida de líquido equivalente a 4.546 litros no Reino Unido e 3.785 litros nos USA	/<span class="ipa dipa">ɡæl</span>/	[sound:cambridge-gal.mp3]	
fritar	/<span class="ipa dipa">frɑɪ</span>/	[sound:cambridge-fry.mp3]	
			
			
confrontar,enfrentar		[sound:cambridge-confront.mp3]	
apoio,respaldo	/<span class="ipa dipa">ˈbæk·ɪŋ</span>/	[sound:cambridge-backing.mp3]	
			
registro,caixa registradora,registrar	/<span class="ipa dipa">ˈredʒ·ə·stər</span>/	[sound:cambridge-register.mp3]	
locução,frase	/<span class="ipa dipa">freɪz</span>/	[sound:cambridge-phrase.mp3]	
operação,cirurgia	/<span class="ipa dipa">ˌɑ·pəˈreɪ·ʃən</span>/	[sound:cambridge-eus75233.mp3]	
menos,sem	/<span class="ipa dipa">ˈmɑɪ·nəs</span>/	[sound:cambridge-minus.mp3]	
encontrar(-se),conhecer(-se),ir buscar,reunir-se	/<span class="ipa dipa">mit</span>/	[sound:cambridge-meat.mp3]	
legítimo	/<span class="ipa dipa">-ˈdʒɪt̬-</span>/	[sound:cambridge-legitimate.mp3]	
furacão	/<span class="ipa dipa">ˈhɜr·əˌkeɪn</span>, <span class="ipa dipa">ˈhʌr·əˌkeɪn</span>/	[sound:cambridge-hurricane.mp3]	
consertar,preparar,combinar,fixar,prender,pregar	/<span class="ipa dipa">fɪks</span>/	[sound:cambridge-fix.mp3]	
comunicação,sistemas de comunicação	/<span class="ipa dipa">kəˌmju·nɪˈkeɪ·ʃən</span>/	[sound:cambridge-communication.mp3]	
			
balde	/<span class="ipa dipa">ˈbʌk·ɪt</span>/	[sound:cambridge-bucket.mp3]	
barco	/<span class="ipa dipa">boʊt</span>/	[sound:cambridge-boat.mp3]	
automotivo,carro	/<span class="ipa dipa">ˈɑː.t̬oʊ</span>/	[sound:cambridge-eus70384.mp3]	
arrogante	/<span class="ipa dipa">ˈær·ə·ɡənt</span>/	[sound:cambridge-arrogant.mp3]	
			
atum	/<span class="ipa dipa">ˈtu·nə</span>/	[sound:cambridge-tuna.mp3]	
jantar,ceia	/<span class="ipa dipa">ˈsʌp·ər</span>/	[sound:cambridge-supper.mp3]	
haras,plantel,gatão,cravo,tacha,piercing,botão de colarinho		[sound:cambridge-stud.mp3]	
ligeiro,leve,delgado,miúdo	/<span class="ipa dipa">slɑɪt</span>/	[sound:cambridge-usb03202.mp3]	
pecado,pecar	/<span class="ipa dipa">sɪn</span>/	[sound:cambridge-eus74237.mp3],[sound:cambridge-sin.mp3]	
dizer,é óbvio que	/<span class="ipa dipa">seɪ</span>/	[sound:cambridge-say.mp3]	
receita	/<span class="ipa dipa">ˈres·ə·pi</span>/	[sound:cambridge-recipe.mp3]	
píer,molhe	/<span class="ipa dipa">pɪər</span>/	[sound:cambridge-peer.mp3]	
paternidade	/<span class="ipa dipa">-ˈtɝː.nə.t̬i</span>/	[sound:cambridge-paternity.mp3]	
canteiro,-a		[sound:cambridge-mason.mp3]	
cordeiro,carneiro	/<span class="ipa dipa">læm</span>/	[sound:cambridge-lamb.mp3]	
beijar,beijo,fazer respiração boca a boca em alguém	/<span class="ipa dipa">kɪs</span>/	[sound:cambridge-kiss.mp3]	
humilhante	/<span class="ipa dipa">-t̬ɪŋ</span>/	[sound:cambridge-humiliating.mp3]	
autêntico	/<span class="ipa dipa">ˈdʒen·ju·ən</span>, <span class="ipa dipa">ˈdʒen·ju·ɑɪn</span>/	[sound:cambridge-genuine.mp3]	
eclético	/<span class="ipa dipa">ˈkæθ.<span class="sp dsp">ə</span>l.ɪk</span>/	[sound:cambridge-catholic.mp3]	
			
petisco,lanche	/<span class="ipa dipa">snæk</span>/	[sound:cambridge-snack.mp3]	
racional	/<span class="ipa dipa">ˈræʃ·ə·n<span class="sp dsp">ə</span>l</span>/	[sound:cambridge-rational.mp3]	
pontudo	/<span class="ipa dipa">ˈpɔɪn·t̬ɪd</span>/	[sound:cambridge-eus73620.mp3]	
passaporte	/<span class="ipa dipa">ˈpæsˌpɔrt</span>/	[sound:cambridge-passport.mp3]	
mente,mudar de ideia/opinião,decidir-se,lembrar de alguém/algo,passar pela cabeça,ter/manter a mente aberta,ao meu ver,estar preocupado com algo,estar louco,estar fora de si,tranquilizar alguém,estar indeciso,fugir da cabeça,você se importa…?/você se importaria…?,eu não me importo,não se preocupe,não tem importância,importar-se,e olha que,cuidado	/<span class="ipa dipa">mɑɪnd</span>/	[sound:cambridge-mind.mp3]	
			
			
adivinhar,adivinhe!,eu acho,suponho que sim/não,palpite	/<span class="ipa dipa">ɡes</span>/	[sound:cambridge-guess.mp3]	
			
			
mostruário,apresentação,arranjo,em exposição,tela,exibição,expor,exibir	/<span class="ipa dipa">dɪˈspleɪ</span>/	[sound:cambridge-display.mp3]	
molhar,banhar,mergulhar	/<span class="ipa dipa">dɪp</span>/	[sound:cambridge-cus00563.mp3]	
			
avançado	/<span class="ipa dipa">ədˈvænst</span>/	[sound:cambridge-advanced.mp3]	
(cerimônia de) casamento	/<span class="ipa dipa">ˈwed·ɪŋ</span>/	[sound:cambridge-wedding.mp3]	
			
barriga	/<span class="ipa dipa">tʌm</span>/	[sound:cambridge-cespus001211.mp3]	
time,equipe	/<span class="ipa dipa">tim</span>/	[sound:cambridge-team.mp3]	
relato,boletim escolar,apresentar um informe,informar,comunicar	/<span class="ipa dipa">rɪˈpɔrt</span>/	[sound:cambridge-report.mp3]	
estragar	/<span class="ipa dipa">mɑːr</span>/	[sound:cambridge-mar.mp3]	
			
humilhado	/<span class="ipa dipa">hjuːˈmɪl.i.eɪ.t̬ɪd</span>/	[sound:cambridge-ushubri019.mp3]	
			
destruição	/<span class="ipa dipa">dɪˈstrʌk·ʃən</span>/	[sound:cambridge-destruction.mp3]	
tira,policial	/<span class="ipa dipa">kɑp</span>/	[sound:cambridge-cop.mp3]	
atentamente,intimamente,muito	/<span class="ipa dipa">ˈkloʊs·li</span>/	[sound:cambridge-closely.mp3]	
			
proposta,oferta,fazer uma oferta (de)	/<span class="ipa dipa">bɪd</span>/	[sound:cambridge-bid.mp3]	
banana	/<span class="ipa dipa">bəˈnæn·ə</span>/	[sound:cambridge-banana.mp3]	
augusto	/<span class="ipa dipa">ɑːˈɡʌst</span>/	[sound:cambridge-august_01_00.mp3]	
aspirina	/<span class="ipa dipa">ˈæs·pər·ɪn</span>, <span class="ipa dipa">ˈæs·prɪn</span>/	[sound:cambridge-aspirin.mp3]	
academia		[sound:cambridge-academy.mp3]	
peruca	/<span class="ipa dipa">wɪɡ</span>/	[sound:cambridge-wig.mp3]	
			
por toda a parte,por todo,(por) todo o tempo	/<span class="ipa dipa">ˌθruˈɑʊt</span>/	[sound:cambridge-throughout.mp3]	
pulverizador,spray,borrifo,borrifar	/<span class="ipa dipa">spreɪ</span>/	[sound:cambridge-spray.mp3]	
pinçar,escolher,colher,começar uma briga/uma discussão,bater a carteira de alguém,fazer a sua escolha,picareta	/<span class="ipa dipa">pɪk</span>/	[sound:cambridge-pick.mp3]	
acontecer,ocorrer,existir	/<span class="ipa dipa">əˈkɜr</span>/	[sound:cambridge-eus75144.mp3]	
lógica	/<span class="ipa dipa">ˈlɑ·dʒɪk</span>/	[sound:cambridge-logic.mp3]	
cavaleiro,cavaleiro (pessoa que recebe título honorífico não hereditário)	/<span class="ipa dipa">nɑɪt</span>/	[sound:cambridge-knight.mp3]	
			
campo,plantação,gramado,apanhar a bola	/<span class="ipa dipa">fild</span>/	[sound:cambridge-field.mp3]	
olho,buraco (da agulha),vigiar alguém,algo,na opinião de alguém,aos olhos de alguém,dar uma checada em algo,ter olhos na nuca,olhar com interesse	/<span class="ipa dipa">ɑɪ</span>/	[sound:cambridge-aye.mp3]	
igual,ser igual a	/<span class="ipa dipa">ˈi·kwəl</span>/	[sound:cambridge-equal.mp3]	
afogar(-se)	/<span class="ipa dipa">drɑʊn</span>/	[sound:cambridge-drown.mp3]	
contato,contatar,pôr-se/entrar em contato com	/<span class="ipa dipa">ˈkɑn·tækt</span>/	[sound:cambridge-contact.mp3]	
			
ritual	/<span class="ipa dipa">ˈrɪtʃ.u-</span>/	[sound:cambridge-ritual.mp3]	
perfume	/<span class="ipa dipa">ˈpɜr·fjum</span>/	[sound:cambridge-perfume.mp3]	
			
			
			
alugar,contratar	/<span class="ipa dipa">haɪr</span>/	[sound:cambridge-hire.mp3]	
chapéu,tirar o chapéu para alguém	/<span class="ipa dipa">hæt</span>/	[sound:cambridge-hat.mp3]	
presunto	/<span class="ipa dipa">hæm</span>/	[sound:cambridge-ham.mp3]	
geralmente,em geral	/<span class="ipa dipa">ˈdʒen·rə·li</span>, <span class="ipa dipa">ˈdʒen·ər.ə·li</span>/	[sound:cambridge-generally.mp3]	
fusão		[sound:cambridge-fusion.mp3]	
erro	/<span class="ipa dipa">ˈer·ər</span>/	[sound:cambridge-error.mp3]	
eleger,escolher	/<span class="ipa dipa">ɪˈlekt</span>/	[sound:cambridge-elect.mp3]	
cais do porto,doca,embarcadouro,o banco dos réus,atracar,entrar no cais do porto	/<span class="ipa dipa">dɑk</span>/	[sound:cambridge-doc.mp3]	
criatura	/<span class="ipa dipa">ˈkri·tʃər</span>/	[sound:cambridge-creature.mp3]	
			
visão	/<span class="ipa dipa">ˈvɪʒ·ən</span>/	[sound:cambridge-vision.mp3]	
agradecer	/<span class="ipa dipa">θæŋk</span>/	[sound:cambridge-thank.mp3]	
grato,agradecido,reconhecido	/<span class="ipa dipa">ˈθæŋk·fəl</span>/	[sound:cambridge-thankful.mp3]	
meia	/<span class="ipa dipa">sɑk</span>/	[sound:cambridge-sock.mp3]	
repor,substituir	/<span class="ipa dipa">rɪˈpleɪs</span>/	[sound:cambridge-replace.mp3]	
junco,cana,caniço	/<span class="ipa dipa">rid</span>/	[sound:cambridge-read.mp3]	
			
dezenove	/<span class="ipa dipa">ˌnɑɪnˈtin</span>/	[sound:cambridge-nineteen.mp3]	
roubar	/<span class="ipa dipa">nɪk</span>/	[sound:cambridge-nick.mp3]	
garfo,bifurcar-se	/<span class="ipa dipa">fɔrk</span>/	[sound:cambridge-fork.mp3]	
comédia	/<span class="ipa dipa">ˈkɑ·mɪ·di</span>/	[sound:cambridge-comedy.mp3]	
análise	/<span class="ipa dipa">əˈnæl·ə·sɪs</span>/	[sound:cambridge-analysis.mp3]	
			
lançar,arremessar,atirar,jogar,lançamento,lance,arremesso	/<span class="ipa dipa">θroʊ</span>/	[sound:cambridge-throw.mp3]	
adolescente	/<span class="ipa dipa">ˈtiˌneɪ·dʒər</span>/	[sound:cambridge-teenager.mp3]	
estudado,deliberado		[sound:cambridge-studied.mp3]	
estressado,tônico	/<span class="ipa dipa">strest</span>/	[sound:cambridge-stressed.mp3]	
fatia,fatiar	/<span class="ipa dipa">slɑɪs</span>/	[sound:cambridge-slice.mp3]	
orla	/<span class="ipa dipa">ʃɔr</span>/	[sound:cambridge-shore.mp3]	
rolar,enrolar,ser muito rico,rolo,pãozinho	/<span class="ipa dipa">roʊl</span>/	[sound:cambridge-role.mp3]	
exigir,precisar de,requerer	/<span class="ipa dipa">rɪˈkwɑɪər</span>/	[sound:cambridge-require.mp3]	
pedir,postular,suplicar,implorar	/<span class="ipa dipa">plid</span>/	[sound:cambridge-plead.mp3]	
palma,palmeira	/<span class="ipa dipa">pɑm</span>/	[sound:cambridge-palm.mp3]	
escada	/<span class="ipa dipa">ˈlæd·ər</span>/	[sound:cambridge-eus72715.mp3]	
chutar,bater as botas,chute,curtição,diversão	/<span class="ipa dipa">kɪk</span>/	[sound:cambridge-kick.mp3]	
forma abreviada de “junior”: júnior	/<span class="ipa dipa">ˈdʒun·jər</span>/	[sound:cambridge-junior.mp3]	
			
vau,cruzar	/<span class="ipa dipa">fɔːrd</span>/	[sound:cambridge-ford.mp3]	
detetive	/<span class="ipa dipa">dɪˈtek·tɪv</span>/	[sound:cambridge-detective.mp3]	
seguro	/<span class="ipa dipa">-ˈʃʊrd</span>/	[sound:cambridge-usaspid024.mp3]	
			
viúva	/<span class="ipa dipa">ˈwɪd·oʊ</span>/	[sound:cambridge-widow.mp3]	
amanhã	/<span class="ipa dipa">təˈmɑr·oʊ</span>/	[sound:cambridge-tomorrow.mp3]	
lenço de papel,tecido	/<span class="ipa dipa">ˈtɪʃ·u</span>/	[sound:cambridge-tissue.mp3]	
dizer,contar,mandar alguém fazer algo,dá para notar	/<span class="ipa dipa">tel</span>/	[sound:cambridge-tell.mp3]	
raso,superficial	/<span class="ipa dipa">ˈʃæl·oʊ</span>/	[sound:cambridge-shallow.mp3]	
responsabilidade	/<span class="ipa dipa">rɪˌspɑn·səˈbɪl·ə·t̬i</span>/	[sound:cambridge-eus73963.mp3]	
pagar,liquidar	/<span class="ipa dipa">riˈpeɪ</span>/	[sound:cambridge-eus73940.mp3]	
rejeitar	/<span class="ipa dipa">rɪˈdʒekt</span>/	[sound:cambridge-reject_01_00.mp3]	
permanentemente,para sempre	/<span class="ipa dipa">ˈpɜr·mə·nənt·li</span>/	[sound:cambridge-permanently.mp3]	
oi!	/<span class="ipa dipa">ˈhaʊ.di</span>/	[sound:cambridge-howdy.mp3]	
invadir,hackear,retalhar,decepar	/<span class="ipa dipa">hæk</span>/	[sound:cambridge-hack.mp3]	
namorada,amiga	/<span class="ipa dipa">ˈɡɜrlˌfrend</span>/	[sound:cambridge-girlfriend.mp3]	
mortal	/<span class="ipa dipa">ˈded·li</span>/	[sound:cambridge-deadly.mp3]	
reconfortante,de consolo	/<span class="ipa dipa">ˈkʌm.fɚ.t̬ɪŋ</span>/	[sound:cambridge-uscld2s033.mp3]	
teto,forro	/<span class="ipa dipa">ˈsi·lɪŋ</span>/	[sound:cambridge-ceiling.mp3]	
bônus	/<span class="ipa dipa">ˈboʊ·nəs</span>/	[sound:cambridge-bonus.mp3]	
			
veredito	/<span class="ipa dipa">ˈvɜr·dɪkt</span>/	[sound:cambridge-verdict.mp3]	
manutenção,conservação	/<span class="ipa dipa">ˈmeɪn·t<span class="sp dsp">ə</span>n·əns</span>/	[sound:cambridge-maintenance.mp3]	
pote,vaso	/<span class="ipa dipa">dʒɑr</span>/	[sound:cambridge-jar.mp3]	
insensível,indelicado	/<span class="ipa dipa">ɪnˈsen·sə·t̬ɪv</span>/	[sound:cambridge-eus72446.mp3]	
urze	/<span class="ipa dipa">ˈheð·ər</span>/	[sound:cambridge-usheart015.mp3]	
fábrica	/<span class="ipa dipa">ˈfæk·tər·i</span>/	[sound:cambridge-factory.mp3]	
objetivo,ter o objetivo/a intenção de,apontar,mirar,visar,ser direcionado a alguém,ser voltado a alguém	/<span class="ipa dipa">eɪm</span>/	[sound:cambridge-aim.mp3]	
triplo,três vezes,triplicar(-se)	/<span class="ipa dipa">ˈtrɪp·əl</span>/	[sound:cambridge-triple.mp3]	
derramar,cair	/<span class="ipa dipa">spɪl</span>/	[sound:cambridge-spill.mp3]	
			
respeitado		[sound:cambridge-usreset015.mp3]	
recuperar-se,restabelecer-se,recuperar,recobrar	/<span class="ipa dipa">rɪˈkʌv·ər</span>/	[sound:cambridge-eus73875.mp3]	
revolto,desordenado,bagunçado,enroldao	/<span class="ipa dipa">ˈmes·i</span>/	[sound:cambridge-messy.mp3]	
interromper	/<span class="ipa dipa">ˌɪn·t̬əˈrʌpt</span>/	[sound:cambridge-eus72546.mp3]	
			
entrada,ingresso,acesso,verbete,anotação,admissão,participação,inscrição	/<span class="ipa dipa">ˈen·tri</span>/	[sound:cambridge-entry.mp3]	
carro,vagão	/<span class="ipa dipa">kɑr</span>/	[sound:cambridge-car.mp3]	
			
sangrar	/<span class="ipa dipa">blid</span>/	[sound:cambridge-bleed.mp3]	
benefício,benefício adicional,para alguém,dar uma segunda chance a alguém,beneficiar,ajudar	/<span class="ipa dipa">ˈben·əˌfɪt</span>/	[sound:cambridge-benefit.mp3]	
guarda-roupa,armário	/<span class="ipa dipa">ˈwɔːr.droʊb</span>/	[sound:cambridge-wardrobe.mp3]	
			
obrigado		[sound:cambridge-cus02015.mp3]	
significativo,sensível	/<span class="ipa dipa">sɪɡˈnɪf·ɪ·kənt</span>/	[sound:cambridge-significant.mp3]	
objetivo	/<span class="ipa dipa">əbˈdʒek·tɪv</span>/	[sound:cambridge-eus75096.mp3]	
assassinato,assassinar	/<span class="ipa dipa">ˈmɜr·dər</span>/	[sound:cambridge-murder.mp3]	
criar,cuidar,acolher (na família)	/<span class="ipa dipa">ˈfɔs·tər</span>/	[sound:cambridge-foster.mp3]	
			
barulheira,alarido,algazarra	/<span class="ipa dipa">dɪn</span>/	[sound:cambridge-din.mp3]	
			
gráfico,a parada de sucessos	/<span class="ipa dipa">tʃɑrt</span>/	[sound:cambridge-chart.mp3]	
de volta,atrás,lá (por),para a frente e para trás,fundo,costas,atrás de,de trás para a frente,ao contrário,pelas costas de alguém,em seguida,respaldar,apoiar,dar marcha a ré,recuar,ir para trás,posterior,traseiro,dos fundos	/<span class="ipa dipa">bæk</span>/	[sound:cambridge-back.mp3]	
avião	/<span class="ipa dipa">ˈeərˌpleɪn</span>/	[sound:cambridge-usairfa012.mp3]	
operário,-a,funcionário,trabalhador,-ora,um trabalhador rápido,lento,bom,etc.	/<span class="ipa dipa">ˈwɜr·kər</span>/	[sound:cambridge-worker.mp3]	
acenar,tremular,ondear,ondular,onda,aceno	/<span class="ipa dipa">weɪv</span>/	[sound:cambridge-waive.mp3]	
subestimar	/<span class="ipa dipa">ˌʌn·dərˈes·təˌmeɪt</span>/	[sound:cambridge-eus74712.mp3]	
amarrar,prender,fazer (nó),gravata	/<span class="ipa dipa">tɑɪ</span>/	[sound:cambridge-tie.mp3]	
futebol	/<span class="ipa dipa">ˈsɑ·kər</span>/	[sound:cambridge-soccer.mp3]	
registro,caixa registradora,registrar	/<span class="ipa dipa">ˈredʒ·ə·stər</span>/	[sound:cambridge-register.mp3]	
múltiplo	/<span class="ipa dipa">-t̬ɪ-</span>/	[sound:cambridge-eus73125.mp3]	
			
justificar	/<span class="ipa dipa">ˈdʒʌs·təˌfɑɪ</span>/	[sound:cambridge-justify.mp3]	
inócuo,inofensivo	/<span class="ipa dipa">ˈhɑrm·ləs</span>/	[sound:cambridge-harmless.mp3]	
frustrado	/<span class="ipa dipa">ˈfrʌsˌtreɪ·t̬ɪd</span>/	[sound:cambridge-frustrated.mp3]	
dobrar,cruzar os braços,dobra,prega	/<span class="ipa dipa">foʊld</span>/	[sound:cambridge-fold.mp3]	
			
			
convenção,normas		[sound:cambridge-convention.mp3]	
comunicar(-se)	/<span class="ipa dipa">kəˈmju·nɪˌkeɪt</span>/	[sound:cambridge-communicate.mp3]	
carrinho de passeio de bebê	/<span class="ipa dipa">ˈbʌɡ·i</span>/	[sound:cambridge-buggy.mp3]	
atração	/<span class="ipa dipa">əˈtræk·ʃən</span>/	[sound:cambridge-attraction.mp3]	
incêndio provocado/criminoso	/<span class="ipa dipa">ˈɑr·sən</span>/	[sound:cambridge-arson.mp3]	
bater,pancada		[sound:cambridge-whack.mp3]	
			
chapim,teta	/<span class="ipa dipa">tɪt</span>/	[sound:cambridge-tit.mp3]	
salário	/<span class="ipa dipa">ˈsæl·ər·i</span>/	[sound:cambridge-salary.mp3]	
rum	/<span class="ipa dipa">rʌm</span>/	[sound:cambridge-rum.mp3]	
residência	/<span class="ipa dipa">ˈrez·ɪ·dəns</span>/	[sound:cambridge-residence.mp3]	
festa,partido,grupo	/<span class="ipa dipa">ˈpɑr·t̬i</span>/	[sound:cambridge-eus73438.mp3]	
obrigação	/<span class="ipa dipa">ˌɑ·bləˈɡeɪ·ʃən</span>/	[sound:cambridge-eus75099.mp3]	
mediano,médio	/<span class="ipa dipa">ˈmi·di·əm</span>/	[sound:cambridge-medium.mp3]	
simpatizar com alguém	/<span class="ipa dipa">ˈlɑɪ·kɪŋ</span>/	[sound:cambridge-liking.mp3]	
			
desenvolvimento,novidade,evolução	/<span class="ipa dipa">dɪˈvel·əp·mənt</span>/	[sound:cambridge-development.mp3]	
desenvolver(-se),desenvolver,começar a ter,revelar	/<span class="ipa dipa">dɪˈvel·əp</span>/	[sound:cambridge-develop.mp3]	
caro,querido,dispendioso,ai,meu Deus!	/<span class="ipa dipa">dɪər</span>/	[sound:cambridge-dear.mp3]	
			
			
congratular,parabenizar	/<span class="ipa dipa">kənˈɡrætʃ·əˌleɪt</span>/	[sound:cambridge-eus70957.mp3]	
			
aliança		[sound:cambridge-alliance.mp3]	
vingança		[sound:cambridge-eus74820.mp3]	
			
grave,duro,severo	/<span class="ipa dipa">səˈvɪər</span>/	[sound:cambridge-severe.mp3]	
suporte,rack	/<span class="ipa dipa">ræk</span>/	[sound:cambridge-rack.mp3]	
quebra-cabeça,enigma,mistério,desconcertar,perturbar,intrigar	/<span class="ipa dipa">ˈpʌz·əl</span>/	[sound:cambridge-puzzle.mp3]	
			
orientação	/<span class="ipa dipa">ˈɡɑɪ·d<span class="sp dsp">ə</span>ns</span>/	[sound:cambridge-guidance.mp3]	
fogo,incêndio,pegar fogo,estar em chamas,pôr fogo em algo,começar a atirar (em alguém),brincar com fogo,disparar,despedir,demitir,mandar embora	/<span class="ipa dipa">fɑɪər</span>/	[sound:cambridge-fire.mp3]	
pênis,idiota	/<span class="ipa dipa">dɪk</span>/	[sound:cambridge-dick.mp3]	
cortesia	/<span class="ipa dipa">ˈkɜr·t̬ə·si</span>/	[sound:cambridge-eus71064.mp3]	
aquele que telefona	/<span class="ipa dipa">ˈkɔ·lər</span>/	[sound:cambridge-caller.mp3]	
(fazer) saltar,pular,saltar,rebote,rebatida,ricochete	/<span class="ipa dipa">bɑʊns</span>/	[sound:cambridge-bounce.mp3]	
culpar alguém/algo de algo,ser culpado (por algo),culpar alguém (de algo),levar a culpa	/<span class="ipa dipa">bleɪm</span>/	[sound:cambridge-blame.mp3]	
mago,feiticeiro	/<span class="ipa dipa">ˈwɪz·ərd</span>/	[sound:cambridge-wizard.mp3]	
no máximo	/<span class="ipa dipa">tɑːps</span>/	[sound:cambridge-tops.mp3]	
			
chiu		[sound:cambridge-eus74204.mp3]	
consertar,conserto	/<span class="ipa dipa">rɪˈpeər</span>/	[sound:cambridge-repair.mp3]	
jogo de quiz,prova	/<span class="ipa dipa">kwɪz</span>/	[sound:cambridge-quiz.mp3]	
preparar(-se),preparar	/<span class="ipa dipa">prep</span>/	[sound:cambridge-prep.mp3]	
agora,imediatamente,agora (mesmo),já,até agora,de vez em quando,agora que	/<span class="ipa dipa">nɑʊ</span>/	[sound:cambridge-now.mp3]	
envolver,incluir	/<span class="ipa dipa">ɪnˈvɑlv</span>/	[sound:cambridge-involve.mp3]	
sede,escritório central,matriz	/<span class="ipa dipa">ˈhedˌkwɔr·t̬ərz</span>/	[sound:cambridge-usheadg011.mp3]	
curiosidade	/<span class="ipa dipa">ˌkjʊər·iˈɑ·sə·t̬i</span>/	[sound:cambridge-eus71113.mp3]	
código,cifra,prefixo,código de área,codificar,cifrar	/<span class="ipa dipa">koʊd</span>/	[sound:cambridge-code.mp3]	
círculo	/<span class="ipa dipa">ˈsɜr·kəl</span>/	[sound:cambridge-circle.mp3]	
suportar,aguentar,tolerar,resistir,dar à luz,urso	/<span class="ipa dipa">beər</span>/	[sound:cambridge-bare.mp3]	
churrasco,churrasqueira	/<span class="ipa dipa">ˈbɑr·bɪˌkju</span>/	[sound:cambridge-barbecue.mp3]	
tropas	/<span class="ipa dipa">trups</span>/	[sound:cambridge-troops.mp3]	
			
			
			
escore,placar,resultado de uma partida esportiva,contagem de pontos,fazer (pontos),marcar (gol)	/<span class="ipa dipa">skɔr</span>/	[sound:cambridge-score.mp3]	
dedicar-se a,perseguir	/<span class="ipa dipa">pərˈsu</span>/	[sound:cambridge-pursue.mp3]	
psicótico	/<span class="ipa dipa">-ˈkɑː.t̬ɪk</span>/	[sound:cambridge-psychotic.mp3]	
			
grupo,agrupamento,conjunto,agrupar(-se)	/<span class="ipa dipa">ɡrup</span>/	[sound:cambridge-group.mp3]	
			
tossir,tosse	/<span class="ipa dipa">kɔf</span>/	[sound:cambridge-cough.mp3]	
alegar,afirmar,reivindicar,requerer,afirmação,reivindicação,requerimento	/<span class="ipa dipa">kleɪm</span>/	[sound:cambridge-claim.mp3]	
			
acusação	/<span class="ipa dipa">ˌæk·jʊˈzeɪ·ʃən</span>/	[sound:cambridge-accusation.mp3]	
partilhar,dividir,parte,ação	/<span class="ipa dipa">ʃeər</span>/	[sound:cambridge-share.mp3]	
precipitar-se,apressar-se,apressar,transportar rapidamente,pressa,correria	/<span class="ipa dipa">rʌʃ</span>/	[sound:cambridge-rush.mp3]	
ressentir-se de,ofender-se por,levar a mal	/<span class="ipa dipa">rɪˈzent</span>/	[sound:cambridge-resent.mp3]	
dinheiro,ser muito rico,dinheiro não dá em árvore,dinheiro fácil	/<span class="ipa dipa">ˈmʌn·i</span>/	[sound:cambridge-money.mp3]	
rir,risada,por farra	/<span class="ipa dipa">læf</span>/	[sound:cambridge-laugh.mp3]	
reunir-se,juntar-se,juntar,reunir,deduzir	/<span class="ipa dipa">ˈɡæð·ər</span>/	[sound:cambridge-gather.mp3]	
calouro,-a	/<span class="ipa dipa">ˈfreʃ·mən</span>/	[sound:cambridge-freshman.mp3]	
inveja,invejar,ter inveja de	/<span class="ipa dipa">ˈen·vi</span>/	[sound:cambridge-eus71595.mp3]	
afogar(-se)	/<span class="ipa dipa">drɑʊn</span>/	[sound:cambridge-drown.mp3]	
			
químico,substância química	/<span class="ipa dipa">ˈkem·ɪ·kəl</span>/	[sound:cambridge-chemical.mp3]	
ramo,filial,agência	/<span class="ipa dipa">bræntʃ</span>/	[sound:cambridge-branch.mp3]	
			
asno,idiota,estúpido,-a,bunda		[sound:cambridge-ass.mp3]	
			
sofá	/<span class="ipa dipa">ˈsoʊ·fə</span>/	[sound:cambridge-sofa.mp3]	
cientista	/<span class="ipa dipa">ˈsɑɪ·ən·t̬ɪst</span>/	[sound:cambridge-eus74100.mp3]	
pôster	/<span class="ipa dipa">ˈpoʊ·stər</span>/	[sound:cambridge-poster.mp3]	
			
modelo,miniatura,maquete,trabalhar como modelo	/<span class="ipa dipa">ˈmɑ·d<span class="sp dsp">ə</span>l</span>/	[sound:cambridge-model.mp3]	
			
ilha	/<span class="ipa dipa">ˈɑɪ·lənd</span>/	[sound:cambridge-island.mp3]	
sua/vossa alteza	/<span class="ipa dipa">ˈhɑɪ·nəs</span>/	[sound:cambridge-highness.mp3]	
escorrer,drenar,ralo	/<span class="ipa dipa">dreɪn</span>/	[sound:cambridge-drain.mp3]	
cais do porto,doca,embarcadouro,o banco dos réus,atracar,entrar no cais do porto	/<span class="ipa dipa">dɑk</span>/	[sound:cambridge-doc.mp3]	
forma abreviada de “cup”: xícara (medida usada na culinária)			
desculpas	/<span class="ipa dipa">əˈpɑ·lə·dʒi</span>/	[sound:cambridge-apology.mp3]	
bem-estar,assistência,bolsa-família	/<span class="ipa dipa">ˈwel·feər</span>/	[sound:cambridge-welfare.mp3]	
vencedor,-ora	/<span class="ipa dipa">ˈvɪk·tər</span>/	[sound:cambridge-eus74848.mp3]	
o(s)/a(s) deles/delas	/<span class="ipa dipa">ðeərz</span>/	[sound:cambridge-theirs.mp3]	
estatísticas	/<span class="ipa dipa">stæt</span>/	[sound:cambridge-cdo0318usstat4730.mp3]	
barraca,banca,baia,boxe,a plateia,morrer	/<span class="ipa dipa">stɔl</span>/	[sound:cambridge-stall.mp3]	
mancha,nódoa,lugar,espinha,identificar,perceber	/<span class="ipa dipa">spɑt</span>/	[sound:cambridge-spot.mp3]	
um tanto,bastante	/<span class="ipa dipa">ˈsʌm·hwɑt</span>, <span class="ipa dipa">ˈsʌm·hwʌt</span>/	[sound:cambridge-somewhat.mp3]	
desacompanhado,solo	/<span class="ipa dipa">ˈsoʊ·loʊ</span>/	[sound:cambridge-solo.mp3]	
			
perceber,dar-se conta,realizar	/<span class="ipa dipa">ˈri·əˌlɑɪz</span>/	[sound:cambridge-realize.mp3]	
psicologia			
forma abreviada de “millimeter/millimetre”			
			
jazz	/<span class="ipa dipa">dʒæz</span>/	[sound:cambridge-jazz.mp3]	
gavião	/<span class="ipa dipa">hɔk</span>/	[sound:cambridge-hawk.mp3]	
idiota,bobo,-a,tolo,fazer papel de bobo,fazer alguém de bobo,fazer-se de bobo,enganar,lograr,trapacear	/<span class="ipa dipa">ful</span>/	[sound:cambridge-fool.mp3]	
terminar,acabar,concluir,acabar com,classificar-se,ser (o primeiro,o segundo,etc.),final	/<span class="ipa dipa">ˈfɪn·ɪʃ</span>/	[sound:cambridge-finish.mp3]	
			
barba	/<span class="ipa dipa">bɪərd</span>/	[sound:cambridge-beard.mp3]	
álbum	/<span class="ipa dipa">ˈæl·bəm</span>/	[sound:cambridge-album.mp3]	
xixi,fazer xixi	/<span class="ipa dipa">wi</span>/	[sound:cambridge-we.mp3]	
compreensível	/<span class="ipa dipa">ˌʌn·dərˈstæn·də·bəl</span>/	[sound:cambridge-understandable.mp3]	
ser incapaz de fazer algo	/<span class="ipa dipa">ʌnˈeɪ·bəl</span>/	[sound:cambridge-unable.mp3]	
tratar,convidar alguém (para algo),dar-se ao luxo (de algo),agrado,presente,surpresa	/<span class="ipa dipa">trit</span>/	[sound:cambridge-treat.mp3]	
teatro	/<span class="ipa dipa">ˈθiː.ə.t̬ɚ</span>/	[sound:cambridge-eus74534.mp3]	
conseguir,ter êxito,ser bem-sucedido	/<span class="ipa dipa">səkˈsid</span>/	[sound:cambridge-succeed.mp3]	
mexer,misturar,agitar-se,mexer-se,movimentar-se,mexida,misturada	/<span class="ipa dipa">stɜr</span>/	[sound:cambridge-stir.mp3]	
			
descontraído,relaxado	/<span class="ipa dipa">rɪˈlækst</span>/	[sound:cambridge-usl30282.mp3]	
forma abreviada de “Master of Arts”: Mestrado em Ciências Humanas,forma abreviada de “Massachusetts”		[sound:cambridge-uszzzzc075.mp3]	
polegada	/<span class="ipa dipa">ɪntʃ</span>/	[sound:cambridge-inch.mp3]	
gratidão	/<span class="ipa dipa">ˈɡræt̬·ɪˌtud</span>/	[sound:cambridge-gratitude.mp3]	
fiel	/<span class="ipa dipa">ˈfeɪθ·fəl</span>/	[sound:cambridge-faithful.mp3]	
			
caixa,caixão,lata,cesto	/<span class="ipa dipa">bɪn</span>/	[sound:cambridge-bin.mp3]	
sotaque,acento gráfico	/<span class="ipa dipa">ˈæk·sent</span>/	[sound:cambridge-accent.mp3]	
zíper,fechar com zíper	/<span class="ipa dipa">zɪp</span>/	[sound:cambridge-zip.mp3]	
espírito,humor	/<span class="ipa dipa">wɪt</span>/	[sound:cambridge-wit.mp3]	
perambular,vagar	/<span class="ipa dipa">ˈwɑn·dər</span>/	[sound:cambridge-wander.mp3]	
concha,casca,granada,projétil,obus	/<span class="ipa dipa">ʃel</span>/	[sound:cambridge-shell.mp3]	
			
apesar de algo	/<span class="ipa dipa">rɪˈɡɑrd·ləs</span>/	[sound:cambridge-regardless.mp3]	
corrida	/<span class="ipa dipa">ˈreɪ·sɪŋ</span>/	[sound:cambridge-racing.mp3]	
			
			
estar localizado,localizar	/<span class="ipa dipa">ˈloʊ·keɪt</span>/	[sound:cambridge-locate.mp3]	
inevitável	/<span class="ipa dipa">ɪˈnev·ɪ·t̬ə·bəl</span>/	[sound:cambridge-eus72405.mp3]	
grifo	/<span class="ipa dipa">ˈɡrɪf.ɪn</span>/	[sound:cambridge-usgreen027.mp3]	
			
			
ação,feito,façanha	/<span class="ipa dipa">did</span>/	[sound:cambridge-deed.mp3]	
			
esmagar,triturar,picar,moer	/<span class="ipa dipa">krʌʃ</span>/	[sound:cambridge-crush.mp3]	
			
do oeste,ocidental,filme de faroeste	/<span class="ipa dipa">ˈwes·tərn</span>/	[sound:cambridge-western.mp3]	
imposto,taxar,tributar	/<span class="ipa dipa">tæks</span>/	[sound:cambridge-tax.mp3]	
			
cheirar,sentir cheiro de,cheirar mal,cheiro,olfato,mau cheiro	/<span class="ipa dipa">smel</span>/	[sound:cambridge-smell.mp3]	
ovelha	/<span class="ipa dipa">ʃip</span>/	[sound:cambridge-sheep.mp3]	
decisão,acordo,assentamento,colônia	/<span class="ipa dipa">ˈset̬·<span class="sp dsp">ə</span>l·mənt</span>/	[sound:cambridge-settlement.mp3]	
rochoso	/<span class="ipa dipa">ˈrɑ·ki</span>/	[sound:cambridge-rocky.mp3]	
penhoar,robe	/<span class="ipa dipa">roʊb</span>/	[sound:cambridge-robe.mp3]	
aposentado	/<span class="ipa dipa">-ˈtaɪrd</span>/	[sound:cambridge-retired.mp3]	
poeta	/<span class="ipa dipa">ˈpoʊ·ɪt</span>/	[sound:cambridge-eus75874.mp3]	
ser contra algo	/<span class="ipa dipa">əˈpoʊzd</span>/	[sound:cambridge-usl30248.mp3]	
notável,marcado	/<span class="ipa dipa">mɑːrkt</span>/	[sound:cambridge-marked.mp3]	
			
			
fofoca,fofocar,mexericar	/<span class="ipa dipa">ˈɡɑ·sɪp</span>/	[sound:cambridge-eus75777.mp3]	
jogar,apostar,jogada	/<span class="ipa dipa">ˈɡæm·bəl</span>/	[sound:cambridge-gamble.mp3]	
determinar	/<span class="ipa dipa">-ˈtɝː-</span>/	[sound:cambridge-determine.mp3]	
			
maquiagem,cosméticos	/<span class="ipa dipa">kɑzˈmet̬·ɪks</span>/	[sound:cambridge-uszzzzc039.mp3]	
centavo	/<span class="ipa dipa">sent</span>/	[sound:cambridge-cent.mp3]	
acidente,por acaso,sem querer	/<span class="ipa dipa">ˈæk·sə·dənt</span>/	[sound:cambridge-accident.mp3]	
delicado,difícil,complicado	/<span class="ipa dipa">ˈtrɪk·i</span>/	[sound:cambridge-tricky.mp3]	
surpreendente	/<span class="ipa dipa">sərˈprɑɪ·zɪŋ</span>/	[sound:cambridge-surprising.mp3]	
duro,rígido,enrijecido	/<span class="ipa dipa">stɪf</span>/	[sound:cambridge-stiff.mp3]	
sincero	/<span class="ipa dipa">sɪnˈsɪər</span>/	[sound:cambridge-sincere.mp3]	
escudo,proteger	/<span class="ipa dipa">ʃild</span>/	[sound:cambridge-shield.mp3]	
apressado	/<span class="ipa dipa">rʌʃt</span>/	[sound:cambridge-uscld2s072.mp3]	
arroz	/<span class="ipa dipa">rɑɪs</span>/	[sound:cambridge-rice.mp3]	
recomeçar	/<span class="ipa dipa">rɪˈzum</span>/	[sound:cambridge-eus73965.mp3]	
relato,boletim escolar,apresentar um informe,informar,comunicar	/<span class="ipa dipa">rɪˈpɔrt</span>/	[sound:cambridge-report.mp3]	
geladeira,refrigerador	/<span class="ipa dipa">rɪˈfrɪdʒ·əˌreɪ·t̬ər</span>/	[sound:cambridge-refrigerator.mp3]	
referência	/<span class="ipa dipa">ˈref·ər·əns</span>/	[sound:cambridge-reference.mp3]	
preparar(-se),preparar,preparar-se,fazer preparativos	/<span class="ipa dipa">prɪˈpeər</span>/	[sound:cambridge-prepare.mp3]	
pesadelo,boate	/<span class="ipa dipa">ˈnɑɪtˌmeər</span>/	[sound:cambridge-eus73214.mp3]	
mi		[sound:cambridge-me.mp3]	
ignorar,não tomar conhecimento de,não fazer caso de	/<span class="ipa dipa">ɪɡˈnɔr</span>/	[sound:cambridge-ignore.mp3]	
palpite,curvar(-se)		[sound:cambridge-hunch.mp3]	
neblina,névoa	/<span class="ipa dipa">fɔɡ</span>, <span class="ipa dipa">fɑɡ</span>/	[sound:cambridge-eus75754.mp3]	
fogo de artifício,fogos de artifício	/<span class="ipa dipa">ˈfɑɪərˌwɜrk</span>/	[sound:cambridge-usfirep010.mp3]	
afogar(-se)	/<span class="ipa dipa">drɑʊn</span>/	[sound:cambridge-drown.mp3]	
coroa	/<span class="ipa dipa">krɑʊn</span>/	[sound:cambridge-crown.mp3]	
cooperação	/<span class="ipa dipa">koʊˌɑ·pəˈreɪ·ʃən</span>/	[sound:cambridge-cooperation.mp3]	
latão	/<span class="ipa dipa">bræs</span>/	[sound:cambridge-brass.mp3]	
exato,preciso	/<span class="ipa dipa">ˈæk·jər·ət</span>/	[sound:cambridge-accurate.mp3]	
sussurrar,cochichar,falar/dizer em voz baixa	/<span class="ipa dipa">ˈhwɪs·pər</span>/	[sound:cambridge-whisper.mp3]	
			
			
sofisticado	/<span class="ipa dipa">-t̬ɪd</span>/	[sound:cambridge-sophisticated.mp3]	
			
religião	/<span class="ipa dipa">rɪˈlɪdʒ·ən</span>/	[sound:cambridge-religion.mp3]	
bagagem	/<span class="ipa dipa">ˈlʌɡ·ɪdʒ</span>/	[sound:cambridge-luggage.mp3]	
forma abreviada de “will”	/<span class="ipa dipa"><span class="sp dsp">ə</span>l</span>/	[sound:cambridge-uslitig007.mp3]	
limão-siciliano	/<span class="ipa dipa">ˈlem·ən</span>/	[sound:cambridge-lemon.mp3]	
investigar	/<span class="ipa dipa">ɪnˈves·tɪˌɡeɪt</span>/	[sound:cambridge-investigate.mp3]	
fazer excursão a pé,caminhar,excursão a pé,caminhada	/<span class="ipa dipa">hɑɪk</span>/	[sound:cambridge-hike.mp3]	
explorar	/<span class="ipa dipa">ɪkˈsplɔr</span>/	[sound:cambridge-explore.mp3]	
emoção	/<span class="ipa dipa">ɪˈmoʊ·ʃən</span>/	[sound:cambridge-eus71515.mp3]	
dragão	/<span class="ipa dipa">ˈdræɡ·ən</span>/	[sound:cambridge-dragon.mp3]	
enseada		[sound:cambridge-creak.mp3]	
batida,colisão,estrondo,estrépito,bater,colidir,travar,chocar	/<span class="ipa dipa">kræʃ</span>/	[sound:cambridge-crash.mp3]	
contato,contatar,pôr-se/entrar em contato com	/<span class="ipa dipa">ˈkɑn·tækt</span>/	[sound:cambridge-contact.mp3]	
complicação	/<span class="ipa dipa">ˌkɑm·plɪˈkeɪ·ʃən</span>/	[sound:cambridge-complication.mp3]	
cereja	/<span class="ipa dipa">ˈtʃer·i</span>/	[sound:cambridge-cherry.mp3]	
			
			
ácido	/<span class="ipa dipa">ˈæs·ɪd</span>/	[sound:cambridge-acid.mp3]	
			
canela	/<span class="ipa dipa">ʃɪn</span>/	[sound:cambridge-shin.mp3]	
			
rolar,enrolar,ser muito rico,rolo,pãozinho	/<span class="ipa dipa">roʊl</span>/	[sound:cambridge-role.mp3]	
			
reconsiderar,pensar de novo	/<span class="ipa dipa">-kɑːnˈsɪd.ɚ</span>/	[sound:cambridge-reconsider.mp3]	
			
inspiração	/<span class="ipa dipa">ˌɪn·spəˈreɪ·ʃən</span>/	[sound:cambridge-inspiration.mp3]	
bom,gentil,fazer bem a alguém,bem,bem-comportado,estar um anjo,estar bem-comportado,para sempre	/<span class="ipa dipa">ɡʊd</span>/	[sound:cambridge-good.mp3]	
geek	/<span class="ipa dipa">ɡik</span>/	[sound:cambridge-usgecko002.mp3]	
assustador	/<span class="ipa dipa">ˈfrɑɪ·t̬<span class="sp dsp">ə</span>n·ɪŋ</span>/	[sound:cambridge-frightening.mp3]	
festival,festa (religiosa)	/<span class="ipa dipa">ˈfes·tə·vəl</span>/	[sound:cambridge-festival.mp3]	
ética		[sound:cambridge-ethic.mp3]	
			
fórum	/<span class="ipa dipa">ˈkɔrtˌhɑʊs</span>/	[sound:cambridge-uscount021.mp3]	
acampamento	/<span class="ipa dipa">ˈkæm·pɪŋ</span>/	[sound:cambridge-camping.mp3]	
assistência,ajuda	/<span class="ipa dipa">əˈsɪs·təns</span>/	[sound:cambridge-assistance.mp3]	
afeto	/<span class="ipa dipa">əˈfek·ʃən</span>/	[sound:cambridge-affection.mp3]	
jurar,promessa		[sound:cambridge-vow.mp3]	
			
protesto	/<span class="ipa dipa">ˈproʊ·test</span>/	[sound:cambridge-protest_01_00.mp3]	
ficar preso	/<span class="ipa dipa">lɑdʒ</span>/	[sound:cambridge-lodge.mp3]	
corte de cabelo	/<span class="ipa dipa">ˈheərˌkʌt</span>/	[sound:cambridge-eus72123.mp3]	
força,corpo,forçar	/<span class="ipa dipa">fɔrs</span>/	[sound:cambridge-force.mp3]	
eterno	/<span class="ipa dipa">ɪˈtɜr·n<span class="sp dsp">ə</span>l</span>/	[sound:cambridge-eus75715.mp3]	
redação,ensaio,trabalho escrito	/<span class="ipa dipa">ˈes·eɪ</span>/	[sound:cambridge-essay.mp3]	
presidente	/<span class="ipa dipa">ˈtʃer.mən</span>/	[sound:cambridge-uscld01834.mp3]	
			
assar	/<span class="ipa dipa">beɪk</span>/	[sound:cambridge-bake.mp3]	
desculpar-se	/<span class="ipa dipa">əˈpɑ·ləˌdʒɑɪz</span>/	[sound:cambridge-apologize.mp3]	
ambiente,vibrafone		[sound:cambridge-ca2us104.mp3]	
haras,plantel,gatão,cravo,tacha,piercing,botão de colarinho		[sound:cambridge-stud.mp3]	
			
marinheiro,marujo,navegante	/<span class="ipa dipa">ˈseɪ·lər</span>/	[sound:cambridge-sailor.mp3]	
respeito,neste sentido/sob todos os pontos de vista,respeitar	/<span class="ipa dipa">rɪˈspekt</span>/	[sound:cambridge-respect.mp3]	
recibo	/<span class="ipa dipa">rɪˈsit</span>/	[sound:cambridge-receipt.mp3]	
operador,-ora,empresa,telefonista	/<span class="ipa dipa">ˈɑ·pəˌreɪ·t̬ər</span>/	[sound:cambridge-usl30246.mp3]	
mãe,mamãe	/<span class="ipa dipa">mæm</span>/	[sound:cambridge-cus01208.mp3]	
			
			
incluir	/<span class="ipa dipa">ɪnˈklud</span>/	[sound:cambridge-include.mp3]	
chapéu,tirar o chapéu para alguém	/<span class="ipa dipa">hæt</span>/	[sound:cambridge-hat.mp3]	
cabra	/<span class="ipa dipa">ɡoʊt</span>/	[sound:cambridge-goat.mp3]	
exclusivo	/<span class="ipa dipa">ɪksˈklu·sɪv</span>/	[sound:cambridge-exclusive.mp3]	
destruidor,destrutivo	/<span class="ipa dipa">dɪˈstrʌk.tɪv</span>/	[sound:cambridge-destructive.mp3]	
definir	/<span class="ipa dipa">dɪˈfɑɪn</span>/	[sound:cambridge-eus75543.mp3]	
derrotar,vencer,derrota	/<span class="ipa dipa">dɪˈfit</span>/	[sound:cambridge-eus75529.mp3]	
bochecha,atrevimento,cara de pau	/<span class="ipa dipa">tʃik</span>/	[sound:cambridge-cheek.mp3]	
adorar	/<span class="ipa dipa">əˈdɔr</span>/	[sound:cambridge-adore.mp3]	
adotar	/<span class="ipa dipa">əˈdɑpt</span>/	[sound:cambridge-adopt.mp3]	
guerreiro,-a	/<span class="ipa dipa">ˈwɔr·i·ər</span>/	[sound:cambridge-warrior.mp3]	
votar,voto,votação	/<span class="ipa dipa">voʊt</span>/	[sound:cambridge-vote.mp3]	
trilha,pista,pegada,marca (de roda),faixa,perder a noção,trilho,seguir a pista de	/<span class="ipa dipa">træk</span>/	[sound:cambridge-track.mp3]	
			
sinal,fazer sinal,sinalizar	/<span class="ipa dipa">ˈsɪɡ·nəl</span>/	[sound:cambridge-signal.mp3]	
calção,calças curtas,short,cueca	/<span class="ipa dipa">ʃɔrts</span>/	[sound:cambridge-shorts.mp3]	
			
lembrar,não deixar esquecer	/<span class="ipa dipa">rɪˈmɑɪnd</span>/	[sound:cambridge-remind.mp3]	
parente	/<span class="ipa dipa">ˈrel·ə·t̬ɪv</span>/	[sound:cambridge-eus73920.mp3]	
lagoa,pequeno lago	/<span class="ipa dipa">pɑnd</span>/	[sound:cambridge-pond.mp3]	
nono	/<span class="ipa dipa">nɑɪnθ</span>/	[sound:cambridge-ninth.mp3]	
			
			
assoalho,chão,piso,andar,pista	/<span class="ipa dipa">flɔr</span>/	[sound:cambridge-floor.mp3]	
massa	/<span class="ipa dipa">doʊ</span>/	[sound:cambridge-doe.mp3]	
criação	/<span class="ipa dipa">kriˈeɪ·ʃən</span>/	[sound:cambridge-creation.mp3]	
continuar,retomar,prosseguir	/<span class="ipa dipa">kənˈtɪn·ju</span>/	[sound:cambridge-continue.mp3]	
cancelar,anular	/<span class="ipa dipa">ˈkæn·səl</span>/	[sound:cambridge-cancel.mp3]	
			
barril,tonel,cano (de arma)	/<span class="ipa dipa">ˈbær·əl</span>/	[sound:cambridge-barrel.mp3]	
			
enfiar	/<span class="ipa dipa">tʌk</span>/	[sound:cambridge-tuck.mp3]	
passado e particípio passado de “sneak”		[sound:cambridge-snuck.mp3]	
ligeiro,leve,delgado,miúdo	/<span class="ipa dipa">slɑɪt</span>/	[sound:cambridge-usb03202.mp3]	
repórter	/<span class="ipa dipa">rɪˈpɔr·t̬ər</span>/	[sound:cambridge-reporter.mp3]	
na parte de trás,criar	/<span class="ipa dipa">rɪər</span>/	[sound:cambridge-rear.mp3]	
premente		[sound:cambridge-pressing.mp3]	
			
romance,novo,inusitado	/<span class="ipa dipa">ˈnɑ·vəl</span>/	[sound:cambridge-novel.mp3]	
jornal,papel de jornal	/<span class="ipa dipa">ˈnuzˌpeɪ·pər</span>/	[sound:cambridge-usnewbo012.mp3]	
magnífico,majestoso,maravilhoso	/<span class="ipa dipa">mæɡˈnɪf·ə·sənt</span>/	[sound:cambridge-magnificent.mp3]	
senhora,cara senhora	/<span class="ipa dipa">ˈmæd·əm</span>/	[sound:cambridge-madam.mp3]	
			
lamber,chupar	/<span class="ipa dipa">lɪk</span>/	[sound:cambridge-lick.mp3]	
preguiçoso	/<span class="ipa dipa">ˈleɪ·zi</span>/	[sound:cambridge-lazy.mp3]	
deusa	/<span class="ipa dipa">ˈɡɑ·dəs</span>/	[sound:cambridge-uscld01863.mp3]	
magnífico,glorioso	/<span class="ipa dipa">ˈɡlɔr·i·əs</span>/	[sound:cambridge-glorious.mp3]	
noiva	/<span class="ipa dipa">ˌfi·ɑnˈseɪ</span>, <span class="ipa dipa">fiˈɑn·seɪ</span>/	[sound:cambridge-fiance_01_00.mp3]	
candidato,-a	/<span class="ipa dipa">ˈkæn·dəˌdeɪt</span>/	[sound:cambridge-eus70677.mp3]	
tijolo	/<span class="ipa dipa">brɪk</span>/	[sound:cambridge-brick.mp3]	
			
passado de “bite”,pedaço,um pouco,pouco tempo,bastante,pouco a pouco,menor unidade de informação em um computador	/<span class="ipa dipa">bɪt</span>/	[sound:cambridge-bit.mp3]	
			
atividade,movimento,energia	/<span class="ipa dipa">ækˈtɪv·ə·t̬i</span>/	[sound:cambridge-eus70064.mp3]	
			
adolescente		[sound:cambridge-teen_teenager.mp3]	
bolsa de estudos	/<span class="ipa dipa">ˈskɑ·lərˌʃɪp</span>/	[sound:cambridge-scholarship.mp3]	
são	/<span class="ipa dipa">seɪn</span>/	[sound:cambridge-sane.mp3]	
prévio,anterior	/<span class="ipa dipa">ˈpri·vi·əs</span>/	[sound:cambridge-previous.mp3]	
			
reino,o reino animal/vegetal	/<span class="ipa dipa">ˈkɪŋ·dəm</span>/	[sound:cambridge-kingdom.mp3]	
bondade,gentileza	/<span class="ipa dipa">ˈkɑɪnd·nəs</span>/	[sound:cambridge-kindness.mp3]	
			
			
chama	/<span class="ipa dipa">fleɪm</span>/	[sound:cambridge-flame.mp3]	
ensolarado	/<span class="ipa dipa">ˈsʌn·i</span>/	[sound:cambridge-sunny.mp3]	
			
			
resgatar,salvar,resgate	/<span class="ipa dipa">ˈres·kju</span>/	[sound:cambridge-rescue.mp3]	
colchão	/<span class="ipa dipa">ˈmæt·rɪs</span>/	[sound:cambridge-mattress.mp3]	
			
sala	/<span class="ipa dipa">lɑʊndʒ</span>/	[sound:cambridge-lounge.mp3]	
lagosta	/<span class="ipa dipa">ˈlɑb·stər</span>/	[sound:cambridge-lobster.mp3]	
levantar,erguer,carona,elevador	/<span class="ipa dipa">lɪft</span>/	[sound:cambridge-lift.mp3]	
etiqueta,marca,grife,rotular,tachar alguém de	/<span class="ipa dipa">ˈleɪ·bəl</span>/	[sound:cambridge-label.mp3]	
de forma mais importante,o que é mais importante	/<span class="ipa dipa">ɪmˈpɔr·t<span class="sp dsp">ə</span>nt·li</span>/	[sound:cambridge-importantly.mp3]	
luva	/<span class="ipa dipa">ɡlʌv</span>/	[sound:cambridge-glove.mp3]	
empresa,iniciativa	/<span class="ipa dipa">ˈen·t̬ərˌprɑɪz</span>/	[sound:cambridge-eus71568.mp3]	
motorista	/<span class="ipa dipa">ˈdrɑɪ·vər</span>/	[sound:cambridge-driver.mp3]	
decepção	/<span class="ipa dipa">ˌdɪs·əˈpɔɪnt·mənt</span>/	[sound:cambridge-eus71295.mp3]	
condomínio,apartamento em condomínio	/<span class="ipa dipa">ˈkɑːn.doʊ</span>/	[sound:cambridge-condo.mp3]	
cemitério	/<span class="ipa dipa">ˈsem·ɪˌter·i</span>/	[sound:cambridge-cemetery.mp3]	
particípio presente de “be”,ser,ente,criatura	/<span class="ipa dipa">ˈbi·ɪŋ</span>/	[sound:cambridge-being.mp3]	
			
gritar,berrar	/<span class="ipa dipa">jel</span>/	[sound:cambridge-yell.mp3]	
acenar,tremular,ondear,ondular,onda,aceno	/<span class="ipa dipa">weɪv</span>/	[sound:cambridge-waive.mp3]	
colher	/<span class="ipa dipa">spun</span>/	[sound:cambridge-spoon.mp3]	
gritar alto,guinchar,grito penetrante,guincho	/<span class="ipa dipa">skritʃ</span>/	[sound:cambridge-screech.mp3]	
satisfação	/<span class="ipa dipa">ˌsæt̬·əsˈfæk·ʃən</span>/	[sound:cambridge-satisfaction.mp3]	
pedido,petição,solicitação,pedir,solicitar	/<span class="ipa dipa">rɪˈkwest</span>/	[sound:cambridge-request.mp3]	
ler	/<span class="ipa dipa">rid</span>/	[sound:cambridge-read.mp3]	
planta,plantar,esconder	/<span class="ipa dipa">plænt</span>/	[sound:cambridge-plant.mp3]	
freira	/<span class="ipa dipa">nʌn</span>/	[sound:cambridge-none.mp3]	
marinha,azul-marinho	/<span class="ipa dipa">ˈneɪ·vi</span>/	[sound:cambridge-navy.mp3]	
prego,unha	/<span class="ipa dipa">neɪl</span>/	[sound:cambridge-nail.mp3]	
			
			
elefante	/<span class="ipa dipa">ˈel·ə·fənt</span>/	[sound:cambridge-eus75655.mp3]	
descrever	/<span class="ipa dipa">dɪˈskrɑɪb</span>/	[sound:cambridge-describe.mp3]	
dedicado	/<span class="ipa dipa">-t̬ɪd</span>/	[sound:cambridge-dedicated.mp3]	
			
certidão,certificado	/<span class="ipa dipa">sərˈtɪf·ɪ·kət</span>/	[sound:cambridge-certificate.mp3]	
século	/<span class="ipa dipa">ˈsen·tʃər·i</span>/	[sound:cambridge-century.mp3]	
anual	/<span class="ipa dipa">ˈæn·ju·əl</span>/	[sound:cambridge-annual.mp3]	
verme	/<span class="ipa dipa">wɜrm</span>/	[sound:cambridge-worm.mp3]	
tique-taque,tique,fazer tique-taque,ticar	/<span class="ipa dipa">tɪk</span>/	[sound:cambridge-tic.mp3]	
o restante,descanso,descansar,apoiar	/<span class="ipa dipa">rest</span>/	[sound:cambridge-rest.mp3]	
primordial	/<span class="ipa dipa">ˈprɑɪ·mer·i</span>, <span class="ipa dipa">ˈprɑɪ·mə·ri</span>/	[sound:cambridge-primary.mp3]	
cera,encerar,dar brilho em	/<span class="ipa dipa">ˈpɑ·lɪʃ</span>/	[sound:cambridge-polish.mp3]	
macaco	/<span class="ipa dipa">ˈmʌŋ·ki</span>/	[sound:cambridge-eus73071.mp3]	
milagre	/<span class="ipa dipa">ˈmɑːr-</span>/	[sound:cambridge-marvel.mp3]	
alvoroço,confusão,fazer uma cena,dar muita atenção a alguém,preocupar-se (com ninharias)	/<span class="ipa dipa">fʌs</span>/	[sound:cambridge-fuss.mp3]	
fundo (beneficente),fundos,recursos,financiar,custear	/<span class="ipa dipa">fʌnd</span>/	[sound:cambridge-fund.mp3]	
defensivo,na defensiva		[sound:cambridge-eus75537.mp3]	
			
competir,disputar,concorrer	/<span class="ipa dipa">kəmˈpit</span>/	[sound:cambridge-compete.mp3]	
caçar,correr atrás de,enxotar	/<span class="ipa dipa">tʃeɪs</span>/	[sound:cambridge-chase.mp3]	
arbusto,touceira,matagal	/<span class="ipa dipa">bʊʃ</span>/	[sound:cambridge-bush.mp3]	
balão,inflar-se,inchar-se	/<span class="ipa dipa">bəˈlun</span>/	[sound:cambridge-balloon.mp3]	
			
iatismo,vela	/<span class="ipa dipa">ˈseɪ·lɪŋ</span>/	[sound:cambridge-sailing.mp3]	
			
bolso	/<span class="ipa dipa">ˈpɑ·kɪt</span>/	[sound:cambridge-pocket.mp3]	
			
por sorte	/<span class="ipa dipa">ˈlʌk·ə·li</span>/	[sound:cambridge-luckily.mp3]	
			
			
arquivamento (de documentos)	/<span class="ipa dipa">ˈfɑɪ·lɪŋ</span>/	[sound:cambridge-filing.mp3]	
depressão	/<span class="ipa dipa">dɪˈpreʃ·ən</span>/	[sound:cambridge-depression.mp3]	
conversa,conversação,troca de ideias	/<span class="ipa dipa">ˌkɑn·vərˈseɪ·ʃən</span>/	[sound:cambridge-conversation.mp3]	
consideração,levar algo em consideração,atenção,respeito	/<span class="ipa dipa">kənˌsɪd·əˈreɪ·ʃən</span>/	[sound:cambridge-consideration.mp3]	
consciência,perder/retomar a consciência	/<span class="ipa dipa">ˈkɑn·ʃəs·nəs</span>/	[sound:cambridge-consciousness.mp3]	
o mundo,seu mundo,mundo	/<span class="ipa dipa">wɜrld</span>/	[sound:cambridge-world.mp3]	
			
inocência	/<span class="ipa dipa">ˈɪn·ə·səns</span>/	[sound:cambridge-innocence.mp3]	
indicar,sinalizar,dar seta	/<span class="ipa dipa">ˈɪn·dɪˌkeɪt</span>/	[sound:cambridge-indicate.mp3]	
avó	/<span class="ipa dipa">ˈɡrændˌmʌð·ər</span>/	[sound:cambridge-grandmother.mp3]	
			
			
fanático,-a,excêntrico,raro,inesperado	/<span class="ipa dipa">frik</span>/	[sound:cambridge-freak.mp3]	
testa	/<span class="ipa dipa">ˈfɑr·əd</span>, <span class="ipa dipa">ˈfɔrˌhed</span>/	[sound:cambridge-forehead.mp3]	
			
forma abreviada de “Bachelor of Arts”: Bacharelado em Ciências Humanas		[sound:cambridge-usavowa021.mp3]	
parecer,aparecer,surgir	/<span class="ipa dipa">əˈpɪər</span>/	[sound:cambridge-appear.mp3]	
agressivo	/<span class="ipa dipa">əˈɡres·ɪv</span>/	[sound:cambridge-aggressive.mp3]	
reboque,trailer,forma alternativa de “mobile home”: casa móvel	/<span class="ipa dipa">ˈtreɪ·lər</span>/	[sound:cambridge-trailer.mp3]	
verão	/<span class="ipa dipa">ˈsʌm·ər</span>/	[sound:cambridge-summer.mp3]	
bater com força	/<span class="ipa dipa">slæm</span>/	[sound:cambridge-eus74269.mp3]	
			
aposentadoria	/<span class="ipa dipa">rɪˈtɑɪər·mənt</span>/	[sound:cambridge-retirement.mp3]	
			
intrometer-se,meter o nariz	/<span class="ipa dipa">prɑɪ</span>/	[sound:cambridge-pry.mp3]	
			
pessoa,em pessoa	/<span class="ipa dipa">ˈpɜr·sən</span>/	[sound:cambridge-person.mp3]	
estreito	/<span class="ipa dipa">ˈnær·oʊ</span>/	[sound:cambridge-eus73161.mp3]	
nível,andar,raso,plano,nivelado,no mesmo nível,nivelar,aplainar	/<span class="ipa dipa">ˈlev·əl</span>/	[sound:cambridge-level.mp3]	
			
informar	/<span class="ipa dipa">ɪnˈfɔrm</span>/	[sound:cambridge-inform.mp3]	
honorário,taxa	/<span class="ipa dipa">fi</span>/	[sound:cambridge-fee.mp3]	
			
incentivar,encorajar,animar,estimular	/<span class="ipa dipa">ɪnˈkɜr·ɪdʒ</span>, <span class="ipa dipa">ɪnˈkʌr·ɪdʒ</span>/	[sound:cambridge-eus71530.mp3]	
passado e particípio passado de “dig”	/<span class="ipa dipa">dʌɡ</span>/	[sound:cambridge-dug.mp3]	
encantado,satisfeitíssimo	/<span class="ipa dipa">dɪˈlɑɪ·t̬ɪd</span>/	[sound:cambridge-delighted.mp3]	
luz do dia	/<span class="ipa dipa">ˈdeɪˌlɑɪt</span>/	[sound:cambridge-daylight.mp3]	
dançar,dança,baile	/<span class="ipa dipa">dæns</span>/	[sound:cambridge-dance.mp3]	
atualmente	/<span class="ipa dipa">ˈkɜr·ənt</span>, <span class="ipa dipa">ˈkʌr·ənt</span>/	[sound:cambridge-currently.mp3]	
confidencial	/<span class="ipa dipa">ˌkɑn·fəˈden·ʃəl</span>/	[sound:cambridge-confidential.mp3]	
mastigar	/<span class="ipa dipa">tʃu</span>/	[sound:cambridge-chew.mp3]	
			
			
tia	/<span class="ipa dipa">ænt</span>, <span class="ipa dipa">ɑnt</span>/	[sound:cambridge-aunt.mp3]	
lavagem,roupa lavada/para lavar,louça para lavar	/<span class="ipa dipa">wɑ·ʃɪŋ</span>/	[sound:cambridge-eus74936.mp3]	
zelador,-ora	/<span class="ipa dipa">ˈwɔr·d<span class="sp dsp">ə</span>n</span>/	[sound:cambridge-warden.mp3]	
			
jogar	/<span class="ipa dipa">tɔs</span>/	[sound:cambridge-toss.mp3]	
templo	/<span class="ipa dipa">ˈtem·pəl</span>/	[sound:cambridge-temple.mp3]	
especificação	/<span class="ipa dipa">spek</span>/	[sound:cambridge-spec.mp3]	
			
permitir,autorizar	/<span class="ipa dipa">pərˈmɪt</span>/	[sound:cambridge-eus73514.mp3]	
amante (f),amásia,concubina	/<span class="ipa dipa">ˈmɪs·trəs</span>/	[sound:cambridge-mistress.mp3]	
abóbora-menina	/<span class="ipa dipa">ˈmær·oʊ</span>/	[sound:cambridge-eus72917.mp3]	
linha,verso,trilho (de trem),fila,conexão,linha (de pesca,etc.),fileira,linhas,rugas,forrar,arborizar,estar revestido com algo	/<span class="ipa dipa">lɑɪn</span>/	[sound:cambridge-line.mp3]	
insinuar,implicar	/<span class="ipa dipa">ɪmˈplɑɪ</span>/	[sound:cambridge-imply.mp3]	
ódio	/<span class="ipa dipa">ˈheɪ·trɪd</span>/	[sound:cambridge-hatred.mp3]	
grelha,churrasqueira,grelhar	/<span class="ipa dipa">ɡrɪl</span>/	[sound:cambridge-grill.mp3]	
fórmula	/<span class="ipa dipa">ˈfɔr·mjə·lə</span>/	[sound:cambridge-formula.mp3]	
			
			
esforço	/<span class="ipa dipa">ˈef·ərt</span>/	[sound:cambridge-effort.mp3]	
cadáver	/<span class="ipa dipa">kɔrps</span>/	[sound:cambridge-corpse.mp3]	
pista,dica,não fazer a menor ideia	/<span class="ipa dipa">klu</span>/	[sound:cambridge-clue.mp3]	
			
sóbrio	/<span class="ipa dipa">ˈsoʊ·bər</span>/	[sound:cambridge-sober.mp3]	
parente	/<span class="ipa dipa">ˈrel·ə·t̬ɪv</span>/	[sound:cambridge-eus73920.mp3]	
promoção	/<span class="ipa dipa">prəˈmoʊ·ʃən</span>/	[sound:cambridge-promotion.mp3]	
descascar,pele,casca	/<span class="ipa dipa">pil</span>/	[sound:cambridge-peal.mp3]	
ofender	/<span class="ipa dipa">əˈfend</span>/	[sound:cambridge-eus75168.mp3]	
necrotério	/<span class="ipa dipa">mɔːrɡ</span>/	[sound:cambridge-morgue.mp3]	
grande	/<span class="ipa dipa">lɑrdʒ</span>/	[sound:cambridge-large.mp3]	
			
infectado	/<span class="ipa dipa">ɪnˈfek.tɪd</span>/	[sound:cambridge-infected.mp3]	
humanidade	/<span class="ipa dipa">hjuˈmæn·ə·t̬i</span>/	[sound:cambridge-eus72271.mp3]	
credo	/<span class="ipa dipa">ˈiːuː</span>/	[sound:cambridge-cald4us0785.mp3]	
			
eletricidade	/<span class="ipa dipa">ɪˌlekˈtrɪs·ət̬·i</span>/	[sound:cambridge-electricity.mp3]	
elétrico	/<span class="ipa dipa">ɪˈlek·trɪ·kəl</span>/	[sound:cambridge-electrical.mp3]	
distração		[sound:cambridge-eus75628.mp3]	
helicóptero,pênis	/<span class="ipa dipa">ˈtʃɑː.pɚ</span>/	[sound:cambridge-chopper.mp3]	
carrinho (de compras),carroça	/<span class="ipa dipa">kɑrt</span>/	[sound:cambridge-cart.mp3]	
transmissão,transmitir	/<span class="ipa dipa">ˈbrɔdˌkæst</span>/	[sound:cambridge-broadcast.mp3]	
arame,fio elétrico	/<span class="ipa dipa">wɑɪər</span>/	[sound:cambridge-wire.mp3]	
violação	/<span class="ipa dipa">ˌvaɪ.əˈleɪ.ʃ<span class="sp dsp">ə</span>n</span>/	[sound:cambridge-violation.mp3]	
forma abreviada de “have”	/<span class="ipa dipa">v</span>/	[sound:cambridge-usb03136.mp3]	
suspender,pendurar	/<span class="ipa dipa">səˈspend</span>/	[sound:cambridge-suspend.mp3]	
picar,picada	/<span class="ipa dipa">stɪŋ</span>/	[sound:cambridge-sting.mp3]	
promissor	/<span class="ipa dipa">ˈprɑː.mɪ-</span>/	[sound:cambridge-promising.mp3]	
assédio		[sound:cambridge-harassment.mp3]	
cola,colar	/<span class="ipa dipa">ɡlu</span>/	[sound:cambridge-glue.mp3]	
reunião	/<span class="ipa dipa">ˈɡæð·ərrɪŋ</span>/	[sound:cambridge-gathering.mp3]	
cervo,veado	/<span class="ipa dipa">dɪər</span>/	[sound:cambridge-dear.mp3]	
			
praga,xingar,maldizer,amaldiçoar,rogar praga contra	/<span class="ipa dipa">kɜrs</span>/	[sound:cambridge-curse.mp3]	
controle,comando,sob controle,fora de controle,fiscalização,estar acima do controle de alguém,fora do controle,tomar o controle,controlar,controlar algo/controlar-se,restringir	/<span class="ipa dipa">kənˈtroʊl</span>/	[sound:cambridge-control.mp3]	
contente,satisfeito,conteúdo	/<span class="ipa dipa">kənˈtent</span>/,/<span class="ipa dipa">ˈkɑn·tent</span>/	[sound:cambridge-content_01_00.mp3],[sound:cambridge-content_02_00.mp3]	
combate	/<span class="ipa dipa">ˈkɑm·bæt</span>/	[sound:cambridge-combat_01_00.mp3]	
calendário,agenda	/<span class="ipa dipa">ˈkæl·ən·dər</span>/	[sound:cambridge-calendar.mp3]	
brutal,cruel	/<span class="ipa dipa">ˈbru·t̬<span class="sp dsp">ə</span>l</span>/	[sound:cambridge-eus70617.mp3]	
caixa,caixão,lata,cesto	/<span class="ipa dipa">bɪn</span>/	[sound:cambridge-bin.mp3]	
			
vantagem	/<span class="ipa dipa">ˈæs.et</span>/	[sound:cambridge-asset.mp3]	
			
carroça		[sound:cambridge-wagon.mp3]	
			
desagradável	/<span class="ipa dipa">ʌnˈplez·ənt</span>/	[sound:cambridge-unpleasant.mp3]	
bronzeado,cáqui,marrom-claro	/<span class="ipa dipa">tæn</span>/	[sound:cambridge-tan.mp3]	
			
			
robô	/<span class="ipa dipa">ˈroʊ·bɑt</span>/	[sound:cambridge-robot.mp3]	
			
provar,comprovar	/<span class="ipa dipa">pruv</span>/	[sound:cambridge-prove.mp3]	
prioridade,dar prioridade a algo,ter a prioridade (sobre algo)	/<span class="ipa dipa">prɑɪˈɔr·ə·t̬i</span>/	[sound:cambridge-eus73716.mp3]	
pimenta,pimentão	/<span class="ipa dipa">ˈpep·ər</span>/	[sound:cambridge-eus73488.mp3]	
observação	/<span class="ipa dipa">ˌɑb·zərˈveɪ·ʃən</span>/	[sound:cambridge-eus75118.mp3]	
			
arrendamento,arrendar,tomar em arrendamento	/<span class="ipa dipa">lis</span>/	[sound:cambridge-lease.mp3]	
assassino,-a,matador,-ora,causa de morte	/<span class="ipa dipa">ˈkɪl·ər</span>/	[sound:cambridge-killer.mp3]	
crescer,cultivar,tornar-se,(deixar) crescer	/<span class="ipa dipa">ɡroʊ</span>/	[sound:cambridge-grow.mp3]	
chama	/<span class="ipa dipa">fleɪm</span>/	[sound:cambridge-flame.mp3]	
doméstico,nacional	/<span class="ipa dipa">dəˈmes·tɪk</span>/	[sound:cambridge-domestic.mp3]	
divino	/<span class="ipa dipa">dɪˈvɑɪn</span>/	[sound:cambridge-divine.mp3]	
desaparecimento	/<span class="ipa dipa">ˌdɪs·əˈpɪər·əns</span>/	[sound:cambridge-disappearance.mp3]	
deprimente	/<span class="ipa dipa">dɪˈpres·ɪŋ</span>/	[sound:cambridge-depressing.mp3]	
emoção,emocionar,empolgar	/<span class="ipa dipa">θrɪl</span>/	[sound:cambridge-thrill.mp3]	
terminal	/<span class="ipa dipa">ˈtɜr·mə·n<span class="sp dsp">ə</span>l</span>/	[sound:cambridge-terminal.mp3]	
sentar,estar sentado,sentar-se,fazer (prova)	/<span class="ipa dipa">sɪt</span>/	[sound:cambridge-sit.mp3]	
costela	/<span class="ipa dipa">rɪb</span>/	[sound:cambridge-rib.mp3]	
oferecer-se,ofertar-se,oferecer,ofertar,dar,fornecer,oferta,doação	/<span class="ipa dipa">ˈɔ·fər</span>/	[sound:cambridge-eus75171.mp3]	
e	/<span class="ipa dipa"><span class="sp dsp">ə</span>n</span>/	[sound:cambridge-uszzzzd074.mp3]	
			
			
dar descarga,ficar vermelho	/<span class="ipa dipa">flʌʃ</span>/	[sound:cambridge-flush.mp3]	
exceção,abrir uma exceção	/<span class="ipa dipa">ɪkˈsep·ʃən</span>/	[sound:cambridge-exception.mp3]	
brinco	/<span class="ipa dipa">ˈɪər·ɪŋ</span>/	[sound:cambridge-useardr016.mp3]	
prazo	/<span class="ipa dipa">ˈdedˌlɑɪn</span>/	[sound:cambridge-deadline.mp3]	
cabo	/<span class="ipa dipa">ˈkɔr·prəl</span>/	[sound:cambridge-corporal.mp3]	
desmoronar,desabar,desmaiar	/<span class="ipa dipa">kəˈlæps</span>/	[sound:cambridge-collapse.mp3]	
atualizar	/<span class="ipa dipa">ˈʌpˌdeɪt</span>, <span class="ipa dipa">ˌʌpˈdeɪt</span>/	[sound:cambridge-update_01_00.mp3]	
romper(-se),quebrar(-se),falar brusca e asperamente,morder,dar dentada,estalo,foto,fecho	/<span class="ipa dipa">snæp</span>/	[sound:cambridge-snap.mp3]	
bater,dar uma palmada em,palmada	/<span class="ipa dipa">smæk</span>/	[sound:cambridge-smack.mp3]	
			
escritório,agência,consultório,clínica	/<span class="ipa dipa">ˈɔ·fɪs</span>/	[sound:cambridge-eus75172.mp3]	
derreter(-se)	/<span class="ipa dipa">melt</span>/	[sound:cambridge-melt.mp3]	
loucura	/<span class="ipa dipa">ˈmæd·nəs</span>/	[sound:cambridge-madness.mp3]	
			
número,dígito,forma,silhueta,figura,achar,imaginar	/<span class="ipa dipa">ˈfɪɡ·jər</span>/	[sound:cambridge-figure.mp3]	
águia	/<span class="ipa dipa">ˈi·ɡəl</span>/	[sound:cambridge-eagle.mp3]	
delirante	/<span class="ipa dipa">dɪˈluː.ʒ<span class="sp dsp">ə</span>n.<span class="sp dsp">ə</span>l</span>/	[sound:cambridge-cald4us0606.mp3]	
			
passado e particípio passado de “burn”,queimado	/<span class="ipa dipa">bɜrnt</span>/	[sound:cambridge-burnt.mp3]	
ator,atriz	/<span class="ipa dipa">ˈæk·tər</span>/	[sound:cambridge-actor.mp3]	
viagem,excursão,tropeçar,tropicar	/<span class="ipa dipa">trɪp</span>/	[sound:cambridge-trip.mp3]	
terno,carinhoso,macio,tenro	/<span class="ipa dipa">ˈten·dər</span>/	[sound:cambridge-tender.mp3]	
espermatozoide	/<span class="ipa dipa">spɜrm</span>/	[sound:cambridge-sperm.mp3]	
especialista	/<span class="ipa dipa">ˈspeʃ·ə·lɪst</span>/	[sound:cambridge-specialist.mp3]	
científico	/<span class="ipa dipa">ˌsɑɪ·ənˈtɪf·ɪk</span>/	[sound:cambridge-scientific.mp3]	
Satanás	/<span class="ipa dipa">ˈseɪ·t̬<span class="sp dsp">ə</span>n</span>/	[sound:cambridge-satan.mp3]	
real,verdadeiro,legítimo,de verdade	/<span class="ipa dipa">ril</span>, <span class="ipa dipa">ˈri·əl</span>/	[sound:cambridge-eus73850.mp3]	
carne de porco	/<span class="ipa dipa">pɔrk</span>/	[sound:cambridge-pork.mp3]	
espocar,passar,música pop,estalo	/<span class="ipa dipa">pɑp</span>/	[sound:cambridge-cus01584.mp3]	
avião,plaina	/<span class="ipa dipa">pleɪn</span>/	[sound:cambridge-plain.mp3]	
			
interrogatório	/<span class="ipa dipa">ɪnˌter·əˈɡeɪ·ʃən</span>/	[sound:cambridge-interrogation.mp3]	
instituição	/<span class="ipa dipa">ˌɪn·stɪˈtu·ʃən</span>/	[sound:cambridge-eus75809.mp3]	
incluir	/<span class="ipa dipa">ɪnˈklud</span>/	[sound:cambridge-include.mp3]	
portão,portão (de embarque/desembarque)	/<span class="ipa dipa">ɡeɪt</span>/	[sound:cambridge-gait.mp3]	
estima	/<span class="ipa dipa">ɪˈstim</span>/	[sound:cambridge-esteem.mp3]	
			
comunicação,sistemas de comunicação	/<span class="ipa dipa">kəˌmju·nɪˈkeɪ·ʃən</span>/	[sound:cambridge-communication.mp3]	
escolher,preferir,decidir fazer algo	/<span class="ipa dipa">tʃuz</span>/	[sound:cambridge-choose.mp3]	
coro,coral	/<span class="ipa dipa">kwɑɪər</span>/	[sound:cambridge-choir.mp3]	
desfazer,desatar,desamarrar,desabotoar	/<span class="ipa dipa">ʌnˈdu</span>/	[sound:cambridge-undo.mp3]	
pré	/<span class="ipa dipa">ˌpri</span>/	[sound:cambridge-eus73668.mp3]	
rezar,orar	/<span class="ipa dipa">preɪ</span>/	[sound:cambridge-pray.mp3]	
peste	/<span class="ipa dipa">pleɪɡ</span>/	[sound:cambridge-eus73589.mp3]	
manipular	/<span class="ipa dipa">məˈnɪp·jəˌleɪt</span>/	[sound:cambridge-manipulate.mp3]	
estilo de vida	/<span class="ipa dipa">ˈlɑɪfˌstɑɪl</span>/	[sound:cambridge-uslibre021.mp3]	
lança,lancetar	/<span class="ipa dipa">læns</span>/	[sound:cambridge-uslaird022.mp3]	
insultar,ofender,injuriar,insulto,ofensa	/<span class="ipa dipa">ɪnˈsʌlt</span>/,/<span class="ipa dipa">ˈɪn·sʌlt</span>/	[sound:cambridge-insult_01_00.mp3]	
honra,em honra de alguém/algo	/<span class="ipa dipa">ˈɑː.nɚ</span>/	[sound:cambridge-honor.mp3]	
detenção		[sound:cambridge-detention.mp3]	
encantador	/<span class="ipa dipa">dɪˈlɑɪt·fəl</span>/	[sound:cambridge-eus75557.mp3]	
margarida	/<span class="ipa dipa">ˈdeɪ·zi</span>/	[sound:cambridge-daisy.mp3]	
			
xadrez	/<span class="ipa dipa">tʃes</span>/	[sound:cambridge-chess.mp3]	
traição,deslealdade	/<span class="ipa dipa">bɪˈtreɪ·əl</span>/	[sound:cambridge-betrayal.mp3]	
desculpar-se	/<span class="ipa dipa">əˈpɑ·ləˌdʒɑɪz</span>/	[sound:cambridge-apologize.mp3]	
ajustar,regular,adaptar-se	/<span class="ipa dipa">əˈdʒʌst</span>/	[sound:cambridge-adjust.mp3]	
em ruínas,arruinado,estragado,mamado,bêbado	/<span class="ipa dipa">rekt</span>/	[sound:cambridge-uswp___012.mp3]	
hábito,costume	/<span class="ipa dipa">woʊnt</span>/	[sound:cambridge-usad6078.mp3]	
chicote,açoite,chicotear,bater em neve	/<span class="ipa dipa">hwɪp</span>/	[sound:cambridge-whip.mp3]	
cavalgar,ir/andar de (bicicleta/moto),viajar (de),tomar,volta,viagem,carona,atração	/<span class="ipa dipa">rɑɪd</span>/	[sound:cambridge-ride.mp3]	
lembrete,recordação	/<span class="ipa dipa">rɪˈmɑɪn·dər</span>/	[sound:cambridge-reminder.mp3]	
psicológico	/<span class="ipa dipa">ˌsɑɪ·kəˈlɑ·dʒɪ·kəl</span>/	[sound:cambridge-psychological.mp3]	
princípio,por princípio	/<span class="ipa dipa">ˈprɪn·sə·pəl</span>/	[sound:cambridge-principal.mp3]	
			
ferir,machucar	/<span class="ipa dipa">ˈɪn·dʒər</span>/	[sound:cambridge-injure.mp3]	
fama	/<span class="ipa dipa">feɪm</span>/	[sound:cambridge-fame.mp3]	
tênue,débil,sentir-se tonto,desmaiar,desmaio	/<span class="ipa dipa">feɪnt</span>/	[sound:cambridge-faint.mp3]	
confusão	/<span class="ipa dipa">kənˈfju·ʒən</span>/	[sound:cambridge-confusion.mp3]	
nuvem	/<span class="ipa dipa">klɑʊd</span>/	[sound:cambridge-cloud.mp3]	
			
forma abreviada de “body odour”: odor corporal	/<span class="ipa dipa">ˌbiːˈoʊ</span>/	[sound:cambridge-usbo___001.mp3]	
assar	/<span class="ipa dipa">beɪk</span>/	[sound:cambridge-bake.mp3]	
			
passado de “sing”	/<span class="ipa dipa">sæŋ</span>/	[sound:cambridge-sang.mp3]	
próximo (de),perto (de),perto,próximo,em um futuro próximo	/<span class="ipa dipa">nɪər</span>/	[sound:cambridge-near.mp3]	
			
indústria	/<span class="ipa dipa">ˈɪn·də·stri</span>/	[sound:cambridge-industry.mp3]	
ilusão	/<span class="ipa dipa">ɪˈlu·ʒən</span>/	[sound:cambridge-illusion.mp3]	
			
execução	/<span class="ipa dipa">ˌek·sɪˈkju·ʃən</span>/	[sound:cambridge-eus75722.mp3]	
sofrimento,aflição,perigo,afligir,angustiar	/<span class="ipa dipa">dɪˈstres</span>/	[sound:cambridge-eus75630.mp3]	
definição	/<span class="ipa dipa">ˌdef·əˈnɪʃ·ən</span>/	[sound:cambridge-definition.mp3]	
cortar,cortar algo/cortar-se,reduzir,corte,redução	/<span class="ipa dipa">kʌt</span>/	[sound:cambridge-cut.mp3]	
criar,produzir,inventar	/<span class="ipa dipa">kriˈeɪt</span>/	[sound:cambridge-create.mp3]	
correto,certo,preciso,corrigir,retificar	/<span class="ipa dipa">kəˈrekt</span>/	[sound:cambridge-correct.mp3]	
queixa,reclamação	/<span class="ipa dipa">kəmˈpleɪnt</span>/	[sound:cambridge-complaint.mp3]	
frango	/<span class="ipa dipa">ˈtʃɪk·ən</span>/	[sound:cambridge-chicken.mp3]	
			
			
quarteirão,bloco,prédio,bloquear,obstruir,entupir,impedir (passagem)	/<span class="ipa dipa">blɑk</span>/	[sound:cambridge-bloc.mp3]	
troféu	/<span class="ipa dipa">ˈtroʊ·fi</span>/	[sound:cambridge-trophy.mp3]	
torturado,atormentado	/<span class="ipa dipa">ˈtɔːr.tʃɚd</span>/	[sound:cambridge-ustorme017.mp3]	
estrutura,estruturar,organizar	/<span class="ipa dipa">ˈstrʌk·tʃər</span>/	[sound:cambridge-structure.mp3]	
			
risco,arriscar-se,em perigo,arriscar	/<span class="ipa dipa">rɪsk</span>/	[sound:cambridge-risk.mp3]	
inútil,sem sentido	/<span class="ipa dipa">ˈpɔɪnt·ləs</span>/	[sound:cambridge-pointless.mp3]	
pérola	/<span class="ipa dipa">ˈpɜrl</span>/	[sound:cambridge-pearl.mp3]	
			
			
casa,lar,família	/<span class="ipa dipa">ˈhɑʊsˌhoʊld</span>/	[sound:cambridge-household.mp3]	
herdeiro,-a	/<span class="ipa dipa">eər</span>/	[sound:cambridge-air.mp3]	
mão,à mão,ficar de mãos dadas,fora de controle,ponteiro (do relógio),dar uma ajuda/uma mão a alguém,por um lado… por um outro lado…,pegar alguém,pôr as mãos em alguém,dar,passar com a mão	/<span class="ipa dipa">hænd</span>/	[sound:cambridge-hand.mp3]	
oitavo	/<span class="ipa dipa">eɪtθ</span>/	[sound:cambridge-eighth.mp3]	
jogar (fora),despejar,desfazer-se de,jogar,depósito de lixo	/<span class="ipa dipa">dʌmp</span>/	[sound:cambridge-dump.mp3]	
xícara,taça,não é a minha,a sua,etc. praia,juntar em concha	/<span class="ipa dipa">kʌp</span>/	[sound:cambridge-cup.mp3]	
			
álibi		[sound:cambridge-eus75471.mp3]	
ausência,falta	/<span class="ipa dipa">ˈæb·səns</span>/	[sound:cambridge-absence.mp3]	
vital,imprescindível	/<span class="ipa dipa">ˈvɑɪ·t̬<span class="sp dsp">ə</span>l</span>/	[sound:cambridge-eus74876.mp3]	
torre	/<span class="ipa dipa">ˈtɑʊ·ər</span>/	[sound:cambridge-tower.mp3]	
			
deste modo,assim,portanto,desta maneira	/<span class="ipa dipa">ðʌs</span>/	[sound:cambridge-thus.mp3]	
batalhador	/<span class="ipa dipa">ˈstrʌɡ.lɪŋ</span>/	[sound:cambridge-usstron008.mp3]	
brilhante	/<span class="ipa dipa">ˈʃɑɪ·ni</span>/	[sound:cambridge-shiny.mp3]	
risco,arriscar-se,em perigo,arriscar	/<span class="ipa dipa">rɪsk</span>/	[sound:cambridge-risk.mp3]	
forma abreviada de “referee”: árbitro		[sound:cambridge-ref.mp3]	
mamãe	/<span class="ipa dipa">ˈmʌm·i</span>/	[sound:cambridge-mummy.mp3]	
hortelã,bala de menta	/<span class="ipa dipa">mɪnt</span>/	[sound:cambridge-mint.mp3]	
goleiro,-a,zelador,-ora,guarda	/<span class="ipa dipa">ˈki·pər</span>/	[sound:cambridge-keeper.mp3]	
			
envolvimento	/<span class="ipa dipa">ɪnˈvɑlv·mənt</span>/	[sound:cambridge-involvement.mp3]	
mangueira	/<span class="ipa dipa">hoʊz</span>/	[sound:cambridge-hose.mp3]	
hobby,atividade de lazer	/<span class="ipa dipa">ˈhɑ·bi</span>/	[sound:cambridge-hobby.mp3]	
afortunado	/<span class="ipa dipa">ˈfɔr·tʃə·nət</span>/	[sound:cambridge-fortunate.mp3]	
			
apropriado,digno,adequado	/<span class="ipa dipa">ˈfɪt̬·ɪŋ</span>/	[sound:cambridge-fitting.mp3]	
cortina	/<span class="ipa dipa">ˈkɜr·t̬<span class="sp dsp">ə</span>n</span>/	[sound:cambridge-curtain.mp3]	
advogado,-a	/<span class="ipa dipa">ˈkɑʊn·səl</span>/	[sound:cambridge-council.mp3]	
casaco,pelo (animal),camada,mão,demão,cobrir,banhar,revestir	/<span class="ipa dipa">koʊt</span>/	[sound:cambridge-coat.mp3]	
além de algo,além disso,adição,soma,aquisição,anexo	/<span class="ipa dipa">əˈdɪʃ·ən</span>/	[sound:cambridge-addition.mp3]	
espírito,humor	/<span class="ipa dipa">wɪt</span>/	[sound:cambridge-wit.mp3]	
			
transporte	/<span class="ipa dipa">ˈtræns·pɔrt</span>/	[sound:cambridge-transport_01_01.mp3]	
técnico	/<span class="ipa dipa">ˈtek·nɪ·kəl</span>/	[sound:cambridge-technical.mp3]	
			
passado de “ride”	/<span class="ipa dipa">roʊd</span>/	[sound:cambridge-road.mp3]	
marionete	/<span class="ipa dipa">ˈpʌp·ɪt</span>/	[sound:cambridge-puppet.mp3]	
prévio,prioritário,prior	/<span class="ipa dipa">praɪr</span>/	[sound:cambridge-prior.mp3]	
oportunidade,ocasião,aproveitar a/esta oportunidade para fazer algo	/<span class="ipa dipa">ˌɑ·pərˈtu·nə·t̬i</span>/	[sound:cambridge-eus75244.mp3]	
modelo,miniatura,maquete,trabalhar como modelo	/<span class="ipa dipa">ˈmɑ·d<span class="sp dsp">ə</span>l</span>/	[sound:cambridge-model.mp3]	
memorando	/<span class="ipa dipa">ˈmem·oʊ</span>/	[sound:cambridge-memo.mp3]	
líquido	/<span class="ipa dipa">ˈlɪk·wɪd</span>/	[sound:cambridge-liquid.mp3]	
irresponsável	/<span class="ipa dipa">ˌɪr·ɪˈspɑn·sə·bəl</span>/	[sound:cambridge-irresponsible.mp3]	
humilhação	/<span class="ipa dipa">hjuˌmɪl·iˈeɪ·ʃən</span>/	[sound:cambridge-humiliation.mp3]	
oi		[sound:cambridge-ushippo017.mp3]	
fanático,-a,excêntrico,raro,inesperado	/<span class="ipa dipa">frik</span>/	[sound:cambridge-freak.mp3]	
fez	/<span class="ipa dipa">fez</span>/	[sound:cambridge-usferoc017.mp3]	
delito grave		[sound:cambridge-felony.mp3]	
			
			
engasgar,afogador	/<span class="ipa dipa">tʃoʊk</span>/	[sound:cambridge-choke.mp3]	
chantagem,chantagear	/<span class="ipa dipa">ˈblækˌmeɪl</span>/	[sound:cambridge-blackmail.mp3]	
apreciar,prezar,agradecer,compreender,ficaria grato	/<span class="ipa dipa">əˈpri·ʃiˌeɪt</span>/	[sound:cambridge-appreciate.mp3]	
			
tabloide	/<span class="ipa dipa">ˈtæb·lɔɪd</span>/	[sound:cambridge-tabloid.mp3]	
suspeita,receio	/<span class="ipa dipa">səˈspɪʃ·ən</span>/	[sound:cambridge-suspicion.mp3]	
recuperar-se,restabelecer-se,recuperar,recobrar	/<span class="ipa dipa">rɪˈkʌv·ər</span>/	[sound:cambridge-eus73875.mp3]	
comício,rali	/<span class="ipa dipa">ˈræl·i</span>/	[sound:cambridge-rally.mp3]	
psicologia	/<span class="ipa dipa">sɑɪˈkɑ·lə·dʒi</span>/	[sound:cambridge-psychology.mp3]	
promessa,compromisso,prometer	/<span class="ipa dipa">pledʒ</span>/	[sound:cambridge-pledge.mp3]	
pânico,entrar em pânico	/<span class="ipa dipa">ˈpæn·ɪk</span>/	[sound:cambridge-panic.mp3]	
creche,pré-escola,quarto de bebê,viveiro (de plantas)	/<span class="ipa dipa">ˈnɜr·sər·i</span>/	[sound:cambridge-eus73278.mp3]	
alto,forte,sonoro,em voz alta	/<span class="ipa dipa">lɑʊd</span>/	[sound:cambridge-loud.mp3]	
calças de brim,jeans	/<span class="ipa dipa">dʒinz</span>/	[sound:cambridge-jeans.mp3]	
investigador,-ora	/<span class="ipa dipa">ɪnˈves·tɪˌɡeɪ·t̬ər</span>/	[sound:cambridge-investigator.mp3]	
identificar	/<span class="ipa dipa">ɑɪˈden·t̬əˌfɑɪ</span>/	[sound:cambridge-identify.mp3]	
volta para casa	/<span class="ipa dipa">ˈhoʊm-</span>/	[sound:cambridge-usholly006.mp3]	
			
altura	/<span class="ipa dipa">hɑɪt</span>/	[sound:cambridge-height.mp3]	
licenciado,-a,graduado,formado		[sound:cambridge-graduate_01_00.mp3]	
frustrante	/<span class="ipa dipa">ˈfrʌsˌtreɪ·t̬ɪŋ</span>/	[sound:cambridge-frustrating.mp3]	
tecido	/<span class="ipa dipa">ˈfæb·rɪk</span>/	[sound:cambridge-fabric.mp3]	
ponto,salpico,bolinha,em ponto,em cima,no exato momento,estar salpicado	/<span class="ipa dipa">dɑt</span>/	[sound:cambridge-dot.mp3]	
distante,longínquo	/<span class="ipa dipa">ˈdɪs·tənt</span>/	[sound:cambridge-distant.mp3]	
galo	/<span class="ipa dipa">kɑk</span>/	[sound:cambridge-cock.mp3]	
comprar	/<span class="ipa dipa">bɑɪ</span>/	[sound:cambridge-buy.mp3]	